ISO-10303-21;
HEADER;
/* Generated by software containing ST-Developer
 * from STEP Tools, Inc. (www.steptools.com) 
 */
/* OPTION: using custom renumber hook */

FILE_DESCRIPTION(
/* description */ ('STEP AP242 Edition 2',
'CAx-IF Rec.Pracs.---Representation and Presentation of Product Manufa
cturing Information (PMI)---4.0---2014-10-13',
'CAx-IF Rec.Pracs.---3D Tessellated Geometry---0.4---2014-09-14','2;1',
'CAx-IF Rec.Pracs.---User Defined Attributes---1.5---2016-08-15'),
/* implementation_level */ '2;1');

FILE_NAME(
/* name */ '69263149233f9d4e023e42cb',
/* time_stamp */ '2025-11-25T22:44:26Z',
/* author */ (''),
/* organization */ (''),
/* preprocessor_version */ 'ST-DEVELOPER v20',
/* originating_system */ 'ONSHAPE BY PTC INC, 1.207',
/* authorisation */ '  ');

FILE_SCHEMA (('AP242_MANAGED_MODEL_BASED_3D_ENGINEERING_MIM_LF { 1 0 10303 442 3 1 4 }'));
ENDSEC;

DATA;
#10=SHAPE_REPRESENTATION_RELATIONSHIP('','',#2402,#11);
#11=ADVANCED_BREP_SHAPE_REPRESENTATION('',(#2400),#5678);
#12=(
BOUNDED_SURFACE()
B_SPLINE_SURFACE(5,3,((#5263,#5264,#5265,#5266),(#5267,#5268,#5269,#5270),
(#5271,#5272,#5273,#5274),(#5275,#5276,#5277,#5278),(#5279,#5280,#5281,
#5282),(#5283,#5284,#5285,#5286),(#5287,#5288,#5289,#5290),(#5291,#5292,
#5293,#5294),(#5295,#5296,#5297,#5298),(#5299,#5300,#5301,#5302),(#5303,
#5304,#5305,#5306),(#5307,#5308,#5309,#5310),(#5311,#5312,#5313,#5314)),
 .SURF_OF_REVOLUTION.,.F.,.F.,.F.)
B_SPLINE_SURFACE_WITH_KNOTS((6,5,2,6),(4,4),(-0.00600001062405851,0.,0.5,
1.),(0.,1.),.UNSPECIFIED.)
GEOMETRIC_REPRESENTATION_ITEM()
RATIONAL_B_SPLINE_SURFACE(((1.,0.800299497267623,0.800299497267623,1.),
(1.,0.800299497267623,0.800299497267623,1.),(1.,0.800299497267623,0.800299497267623,
1.),(1.,0.800299497267623,0.800299497267623,1.),(1.,0.800299497267623,0.800299497267623,
1.),(1.,0.800299497267623,0.800299497267623,1.),(1.,0.800299497267623,0.800299497267623,
1.),(1.,0.800299497267623,0.800299497267623,1.),(1.,0.800299497267623,0.800299497267623,
1.),(1.,0.800299497267623,0.800299497267623,1.),(1.,0.800299497267623,0.800299497267623,
1.),(1.,0.800299497267623,0.800299497267623,1.),(1.,0.800299497267623,0.800299497267623,
1.)))
REPRESENTATION_ITEM('')
SURFACE()
);
#13=(
BOUNDED_SURFACE()
B_SPLINE_SURFACE(5,3,((#5431,#5432,#5433,#5434),(#5435,#5436,#5437,#5438),
(#5439,#5440,#5441,#5442),(#5443,#5444,#5445,#5446),(#5447,#5448,#5449,
#5450),(#5451,#5452,#5453,#5454),(#5455,#5456,#5457,#5458),(#5459,#5460,
#5461,#5462),(#5463,#5464,#5465,#5466),(#5467,#5468,#5469,#5470),(#5471,
#5472,#5473,#5474),(#5475,#5476,#5477,#5478),(#5479,#5480,#5481,#5482)),
 .SURF_OF_REVOLUTION.,.F.,.F.,.F.)
B_SPLINE_SURFACE_WITH_KNOTS((6,5,2,6),(4,4),(-0.0060000106240585,0.,0.5,
1.),(0.,1.),.UNSPECIFIED.)
GEOMETRIC_REPRESENTATION_ITEM()
RATIONAL_B_SPLINE_SURFACE(((1.,0.800299497267691,0.800299497267691,1.),
(1.,0.800299497267691,0.800299497267691,1.),(1.,0.800299497267691,0.800299497267691,
1.),(1.,0.800299497267691,0.800299497267691,1.),(1.,0.800299497267691,0.800299497267691,
1.),(1.,0.800299497267691,0.800299497267691,1.),(1.,0.800299497267691,0.800299497267691,
1.),(1.,0.800299497267691,0.800299497267691,1.),(1.,0.800299497267691,0.800299497267691,
1.),(1.,0.800299497267691,0.800299497267691,1.),(1.,0.800299497267691,0.800299497267691,
1.),(1.,0.800299497267691,0.800299497267691,1.),(1.,0.800299497267691,0.800299497267691,
1.)))
REPRESENTATION_ITEM('')
SURFACE()
);
#14=(
BOUNDED_SURFACE()
B_SPLINE_SURFACE(5,3,((#5490,#5491,#5492,#5493),(#5494,#5495,#5496,#5497),
(#5498,#5499,#5500,#5501),(#5502,#5503,#5504,#5505),(#5506,#5507,#5508,
#5509),(#5510,#5511,#5512,#5513),(#5514,#5515,#5516,#5517),(#5518,#5519,
#5520,#5521),(#5522,#5523,#5524,#5525),(#5526,#5527,#5528,#5529),(#5530,
#5531,#5532,#5533),(#5534,#5535,#5536,#5537),(#5538,#5539,#5540,#5541)),
 .SURF_OF_REVOLUTION.,.F.,.F.,.F.)
B_SPLINE_SURFACE_WITH_KNOTS((6,5,2,6),(4,4),(-0.0060000106240585,0.,0.5,
1.),(0.,1.),.UNSPECIFIED.)
GEOMETRIC_REPRESENTATION_ITEM()
RATIONAL_B_SPLINE_SURFACE(((1.,0.800299497267617,0.800299497267617,1.),
(1.,0.800299497267617,0.800299497267617,1.),(1.,0.800299497267617,0.800299497267617,
1.),(1.,0.800299497267617,0.800299497267617,1.),(1.,0.800299497267617,0.800299497267617,
1.),(1.,0.800299497267617,0.800299497267617,1.),(1.,0.800299497267617,0.800299497267617,
1.),(1.,0.800299497267617,0.800299497267617,1.),(1.,0.800299497267617,0.800299497267617,
1.),(1.,0.800299497267617,0.800299497267617,1.),(1.,0.800299497267617,0.800299497267617,
1.),(1.,0.800299497267617,0.800299497267617,1.),(1.,0.800299497267617,0.800299497267617,
1.)))
REPRESENTATION_ITEM('')
SURFACE()
);
#15=(
BOUNDED_SURFACE()
B_SPLINE_SURFACE(5,3,((#5595,#5596,#5597,#5598),(#5599,#5600,#5601,#5602),
(#5603,#5604,#5605,#5606),(#5607,#5608,#5609,#5610),(#5611,#5612,#5613,
#5614),(#5615,#5616,#5617,#5618),(#5619,#5620,#5621,#5622),(#5623,#5624,
#5625,#5626),(#5627,#5628,#5629,#5630),(#5631,#5632,#5633,#5634),(#5635,
#5636,#5637,#5638),(#5639,#5640,#5641,#5642),(#5643,#5644,#5645,#5646)),
 .SURF_OF_REVOLUTION.,.F.,.F.,.F.)
B_SPLINE_SURFACE_WITH_KNOTS((6,5,2,6),(4,4),(-0.00600001062405849,0.,0.5,
1.),(0.,1.),.UNSPECIFIED.)
GEOMETRIC_REPRESENTATION_ITEM()
RATIONAL_B_SPLINE_SURFACE(((1.,0.800299497267738,0.800299497267738,1.),
(1.,0.800299497267738,0.800299497267738,1.),(1.,0.800299497267738,0.800299497267738,
1.),(1.,0.800299497267738,0.800299497267738,1.),(1.,0.800299497267738,0.800299497267738,
1.),(1.,0.800299497267738,0.800299497267738,1.),(1.,0.800299497267738,0.800299497267738,
1.),(1.,0.800299497267738,0.800299497267738,1.),(1.,0.800299497267738,0.800299497267738,
1.),(1.,0.800299497267738,0.800299497267738,1.),(1.,0.800299497267738,0.800299497267738,
1.),(1.,0.800299497267738,0.800299497267738,1.),(1.,0.800299497267738,0.800299497267738,
1.)))
REPRESENTATION_ITEM('')
SURFACE()
);
#16=CYLINDRICAL_SURFACE('',#2425,0.005);
#17=CYLINDRICAL_SURFACE('',#2428,0.005);
#18=CYLINDRICAL_SURFACE('',#2434,0.005);
#19=CYLINDRICAL_SURFACE('',#2437,0.005);
#20=CYLINDRICAL_SURFACE('',#2449,0.004);
#21=CYLINDRICAL_SURFACE('',#2451,0.004);
#22=CYLINDRICAL_SURFACE('',#2453,0.004);
#23=CYLINDRICAL_SURFACE('',#2455,0.004);
#24=CYLINDRICAL_SURFACE('',#2457,0.004);
#25=CYLINDRICAL_SURFACE('',#2464,0.004);
#26=CYLINDRICAL_SURFACE('',#2468,0.004);
#27=CYLINDRICAL_SURFACE('',#2472,0.004);
#28=CYLINDRICAL_SURFACE('',#2536,0.001);
#29=CYLINDRICAL_SURFACE('',#2538,0.0045);
#30=CYLINDRICAL_SURFACE('',#2539,0.00225);
#31=CYLINDRICAL_SURFACE('',#2542,0.00225);
#32=CYLINDRICAL_SURFACE('',#2545,0.00225);
#33=CYLINDRICAL_SURFACE('',#2548,0.00225);
#34=CYLINDRICAL_SURFACE('',#2552,0.0011);
#35=CYLINDRICAL_SURFACE('',#2555,0.0011);
#36=CYLINDRICAL_SURFACE('',#2558,0.0011);
#37=CYLINDRICAL_SURFACE('',#2561,0.0011);
#38=CYLINDRICAL_SURFACE('',#2564,0.0015);
#39=CYLINDRICAL_SURFACE('',#2565,0.0015);
#40=CYLINDRICAL_SURFACE('',#2566,0.0015);
#41=CYLINDRICAL_SURFACE('',#2567,0.0015);
#42=CYLINDRICAL_SURFACE('',#2568,0.0015);
#43=CYLINDRICAL_SURFACE('',#2569,0.0015);
#44=CYLINDRICAL_SURFACE('',#2570,0.0015);
#45=CYLINDRICAL_SURFACE('',#2571,0.0015);
#46=CYLINDRICAL_SURFACE('',#2572,0.0015);
#47=CYLINDRICAL_SURFACE('',#2573,0.0015);
#48=CYLINDRICAL_SURFACE('',#2574,0.0015);
#49=CYLINDRICAL_SURFACE('',#2575,0.0015);
#50=CYLINDRICAL_SURFACE('',#2576,0.0015);
#51=CYLINDRICAL_SURFACE('',#2577,0.0015);
#52=CIRCLE('',#2405,0.0015);
#53=CIRCLE('',#2407,0.0015);
#54=CIRCLE('',#2408,0.0015);
#55=CIRCLE('',#2410,0.0015);
#56=CIRCLE('',#2411,0.0015);
#57=CIRCLE('',#2413,0.0015);
#58=CIRCLE('',#2414,0.0015);
#59=CIRCLE('',#2416,0.0015);
#60=CIRCLE('',#2417,0.0015);
#61=CIRCLE('',#2419,0.0015);
#62=CIRCLE('',#2420,0.0015);
#63=CIRCLE('',#2422,0.0015);
#64=CIRCLE('',#2423,0.0015);
#65=CIRCLE('',#2426,0.005);
#66=CIRCLE('',#2429,0.005);
#67=CIRCLE('',#2433,0.0015);
#68=CIRCLE('',#2435,0.005);
#69=CIRCLE('',#2438,0.005);
#70=CIRCLE('',#2440,0.004);
#71=CIRCLE('',#2441,0.004);
#72=CIRCLE('',#2442,0.004);
#73=CIRCLE('',#2443,0.004);
#74=CIRCLE('',#2450,0.004);
#75=CIRCLE('',#2452,0.004);
#76=CIRCLE('',#2454,0.004);
#77=CIRCLE('',#2456,0.004);
#78=CIRCLE('',#2458,0.004);
#79=CIRCLE('',#2459,0.004);
#80=CIRCLE('',#2461,0.0015);
#81=CIRCLE('',#2463,0.0015);
#82=CIRCLE('',#2465,0.004);
#83=CIRCLE('',#2466,0.004);
#84=CIRCLE('',#2469,0.004);
#85=CIRCLE('',#2470,0.004);
#86=CIRCLE('',#2473,0.004);
#87=CIRCLE('',#2474,0.004);
#88=CIRCLE('',#2482,0.0015);
#89=CIRCLE('',#2483,0.0015);
#90=CIRCLE('',#2486,0.0045);
#91=CIRCLE('',#2487,0.001);
#92=CIRCLE('',#2488,0.0011);
#93=CIRCLE('',#2489,0.0011);
#94=CIRCLE('',#2490,0.0011);
#95=CIRCLE('',#2491,0.0011);
#96=CIRCLE('',#2497,0.0015);
#97=CIRCLE('',#2498,0.0015);
#98=CIRCLE('',#2505,0.0015);
#99=CIRCLE('',#2506,0.0015);
#100=CIRCLE('',#2513,0.0015);
#101=CIRCLE('',#2514,0.0015);
#102=CIRCLE('',#2521,0.0015);
#103=CIRCLE('',#2522,0.0015);
#104=CIRCLE('',#2529,0.0015);
#105=CIRCLE('',#2530,0.0015);
#106=CIRCLE('',#2537,0.001);
#107=CIRCLE('',#2540,0.00225);
#108=CIRCLE('',#2541,0.00225);
#109=CIRCLE('',#2543,0.00225);
#110=CIRCLE('',#2544,0.00225);
#111=CIRCLE('',#2546,0.00225);
#112=CIRCLE('',#2547,0.00225);
#113=CIRCLE('',#2549,0.00225);
#114=CIRCLE('',#2550,0.00225);
#115=CIRCLE('',#2553,0.0011);
#116=CIRCLE('',#2556,0.0011);
#117=CIRCLE('',#2559,0.0011);
#118=CIRCLE('',#2562,0.0011);
#119=LINE('',#4517,#308);
#120=LINE('',#4538,#309);
#121=LINE('',#4540,#310);
#122=LINE('',#4542,#311);
#123=LINE('',#4547,#312);
#124=LINE('',#4567,#313);
#125=LINE('',#4569,#314);
#126=LINE('',#4571,#315);
#127=LINE('',#4576,#316);
#128=LINE('',#4596,#317);
#129=LINE('',#4598,#318);
#130=LINE('',#4600,#319);
#131=LINE('',#4605,#320);
#132=LINE('',#4625,#321);
#133=LINE('',#4627,#322);
#134=LINE('',#4629,#323);
#135=LINE('',#4634,#324);
#136=LINE('',#4654,#325);
#137=LINE('',#4656,#326);
#138=LINE('',#4658,#327);
#139=LINE('',#4663,#328);
#140=LINE('',#4683,#329);
#141=LINE('',#4685,#330);
#142=LINE('',#4687,#331);
#143=LINE('',#4692,#332);
#144=LINE('',#4712,#333);
#145=LINE('',#4714,#334);
#146=LINE('',#4716,#335);
#147=LINE('',#4724,#336);
#148=LINE('',#4726,#337);
#149=LINE('',#4728,#338);
#150=LINE('',#4738,#339);
#151=LINE('',#4745,#340);
#152=LINE('',#4747,#341);
#153=LINE('',#4757,#342);
#154=LINE('',#4760,#343);
#155=LINE('',#4762,#344);
#156=LINE('',#4764,#345);
#157=LINE('',#4766,#346);
#158=LINE('',#4768,#347);
#159=LINE('',#4770,#348);
#160=LINE('',#4772,#349);
#161=LINE('',#4774,#350);
#162=LINE('',#4776,#351);
#163=LINE('',#4778,#352);
#164=LINE('',#4782,#353);
#165=LINE('',#4788,#354);
#166=LINE('',#4790,#355);
#167=LINE('',#4800,#356);
#168=LINE('',#4807,#357);
#169=LINE('',#4816,#358);
#170=LINE('',#4820,#359);
#171=LINE('',#4824,#360);
#172=LINE('',#4828,#361);
#173=LINE('',#4832,#362);
#174=LINE('',#4834,#363);
#175=LINE('',#4836,#364);
#176=LINE('',#4838,#365);
#177=LINE('',#4840,#366);
#178=LINE('',#4842,#367);
#179=LINE('',#4844,#368);
#180=LINE('',#4846,#369);
#181=LINE('',#4848,#370);
#182=LINE('',#4850,#371);
#183=LINE('',#4852,#372);
#184=LINE('',#4854,#373);
#185=LINE('',#4856,#374);
#186=LINE('',#4858,#375);
#187=LINE('',#4871,#376);
#188=LINE('',#4875,#377);
#189=LINE('',#4877,#378);
#190=LINE('',#4879,#379);
#191=LINE('',#4882,#380);
#192=LINE('',#4886,#381);
#193=LINE('',#4888,#382);
#194=LINE('',#4894,#383);
#195=LINE('',#4896,#384);
#196=LINE('',#4898,#385);
#197=LINE('',#4900,#386);
#198=LINE('',#4906,#387);
#199=LINE('',#4908,#388);
#200=LINE('',#4910,#389);
#201=LINE('',#4912,#390);
#202=LINE('',#4918,#391);
#203=LINE('',#4920,#392);
#204=LINE('',#4921,#393);
#205=LINE('',#4924,#394);
#206=LINE('',#4927,#395);
#207=LINE('',#4928,#396);
#208=LINE('',#4930,#397);
#209=LINE('',#4932,#398);
#210=LINE('',#4934,#399);
#211=LINE('',#4936,#400);
#212=LINE('',#4938,#401);
#213=LINE('',#4940,#402);
#214=LINE('',#4942,#403);
#215=LINE('',#4944,#404);
#216=LINE('',#4946,#405);
#217=LINE('',#4948,#406);
#218=LINE('',#4952,#407);
#219=LINE('',#4956,#408);
#220=LINE('',#4957,#409);
#221=LINE('',#4958,#410);
#222=LINE('',#4960,#411);
#223=LINE('',#4967,#412);
#224=LINE('',#4969,#413);
#225=LINE('',#4971,#414);
#226=LINE('',#4978,#415);
#227=LINE('',#4979,#416);
#228=LINE('',#4986,#417);
#229=LINE('',#4987,#418);
#230=LINE('',#4994,#419);
#231=LINE('',#4996,#420);
#232=LINE('',#4998,#421);
#233=LINE('',#5005,#422);
#234=LINE('',#5007,#423);
#235=LINE('',#5009,#424);
#236=LINE('',#5016,#425);
#237=LINE('',#5018,#426);
#238=LINE('',#5020,#427);
#239=LINE('',#5027,#428);
#240=LINE('',#5029,#429);
#241=LINE('',#5031,#430);
#242=LINE('',#5045,#431);
#243=LINE('',#5048,#432);
#244=LINE('',#5049,#433);
#245=LINE('',#5051,#434);
#246=LINE('',#5053,#435);
#247=LINE('',#5055,#436);
#248=LINE('',#5057,#437);
#249=LINE('',#5059,#438);
#250=LINE('',#5061,#439);
#251=LINE('',#5063,#440);
#252=LINE('',#5065,#441);
#253=LINE('',#5067,#442);
#254=LINE('',#5070,#443);
#255=LINE('',#5074,#444);
#256=LINE('',#5077,#445);
#257=LINE('',#5078,#446);
#258=LINE('',#5080,#447);
#259=LINE('',#5082,#448);
#260=LINE('',#5084,#449);
#261=LINE('',#5086,#450);
#262=LINE('',#5088,#451);
#263=LINE('',#5090,#452);
#264=LINE('',#5092,#453);
#265=LINE('',#5094,#454);
#266=LINE('',#5096,#455);
#267=LINE('',#5099,#456);
#268=LINE('',#5103,#457);
#269=LINE('',#5106,#458);
#270=LINE('',#5107,#459);
#271=LINE('',#5109,#460);
#272=LINE('',#5111,#461);
#273=LINE('',#5113,#462);
#274=LINE('',#5115,#463);
#275=LINE('',#5117,#464);
#276=LINE('',#5119,#465);
#277=LINE('',#5121,#466);
#278=LINE('',#5123,#467);
#279=LINE('',#5125,#468);
#280=LINE('',#5128,#469);
#281=LINE('',#5132,#470);
#282=LINE('',#5135,#471);
#283=LINE('',#5136,#472);
#284=LINE('',#5138,#473);
#285=LINE('',#5140,#474);
#286=LINE('',#5142,#475);
#287=LINE('',#5144,#476);
#288=LINE('',#5146,#477);
#289=LINE('',#5148,#478);
#290=LINE('',#5150,#479);
#291=LINE('',#5152,#480);
#292=LINE('',#5154,#481);
#293=LINE('',#5157,#482);
#294=LINE('',#5161,#483);
#295=LINE('',#5164,#484);
#296=LINE('',#5165,#485);
#297=LINE('',#5167,#486);
#298=LINE('',#5169,#487);
#299=LINE('',#5171,#488);
#300=LINE('',#5173,#489);
#301=LINE('',#5175,#490);
#302=LINE('',#5177,#491);
#303=LINE('',#5179,#492);
#304=LINE('',#5181,#493);
#305=LINE('',#5183,#494);
#306=LINE('',#5186,#495);
#307=LINE('',#5190,#496);
#308=VECTOR('',#2582,1.);
#309=VECTOR('',#2585,1.);
#310=VECTOR('',#2586,1.);
#311=VECTOR('',#2589,1.);
#312=VECTOR('',#2592,1.);
#313=VECTOR('',#2595,1.);
#314=VECTOR('',#2596,1.);
#315=VECTOR('',#2599,1.);
#316=VECTOR('',#2602,1.);
#317=VECTOR('',#2605,1.);
#318=VECTOR('',#2606,1.);
#319=VECTOR('',#2609,1.);
#320=VECTOR('',#2612,1.);
#321=VECTOR('',#2615,1.);
#322=VECTOR('',#2616,1.);
#323=VECTOR('',#2619,1.);
#324=VECTOR('',#2622,1.);
#325=VECTOR('',#2625,1.);
#326=VECTOR('',#2626,1.);
#327=VECTOR('',#2629,1.);
#328=VECTOR('',#2632,1.);
#329=VECTOR('',#2635,1.);
#330=VECTOR('',#2636,1.);
#331=VECTOR('',#2639,1.);
#332=VECTOR('',#2642,1.);
#333=VECTOR('',#2645,1.);
#334=VECTOR('',#2646,1.);
#335=VECTOR('',#2649,1.);
#336=VECTOR('',#2650,1.);
#337=VECTOR('',#2651,1.);
#338=VECTOR('',#2654,1.);
#339=VECTOR('',#2659,1.);
#340=VECTOR('',#2660,1.);
#341=VECTOR('',#2663,1.);
#342=VECTOR('',#2668,1.);
#343=VECTOR('',#2669,1.);
#344=VECTOR('',#2670,1.);
#345=VECTOR('',#2671,1.);
#346=VECTOR('',#2672,1.);
#347=VECTOR('',#2673,1.);
#348=VECTOR('',#2676,1.);
#349=VECTOR('',#2677,1.);
#350=VECTOR('',#2678,1.);
#351=VECTOR('',#2679,1.);
#352=VECTOR('',#2680,1.);
#353=VECTOR('',#2685,1.);
#354=VECTOR('',#2686,1.);
#355=VECTOR('',#2689,1.);
#356=VECTOR('',#2694,1.);
#357=VECTOR('',#2695,1.);
#358=VECTOR('',#2702,1.);
#359=VECTOR('',#2705,1.);
#360=VECTOR('',#2708,1.);
#361=VECTOR('',#2711,1.);
#362=VECTOR('',#2714,1.);
#363=VECTOR('',#2717,1.);
#364=VECTOR('',#2718,1.);
#365=VECTOR('',#2721,1.);
#366=VECTOR('',#2722,1.);
#367=VECTOR('',#2723,1.);
#368=VECTOR('',#2726,1.);
#369=VECTOR('',#2727,1.);
#370=VECTOR('',#2728,1.);
#371=VECTOR('',#2731,1.);
#372=VECTOR('',#2732,1.);
#373=VECTOR('',#2733,1.);
#374=VECTOR('',#2736,1.);
#375=VECTOR('',#2737,1.);
#376=VECTOR('',#2758,1.);
#377=VECTOR('',#2761,1.);
#378=VECTOR('',#2764,1.);
#379=VECTOR('',#2765,1.);
#380=VECTOR('',#2770,1.);
#381=VECTOR('',#2773,1.);
#382=VECTOR('',#2774,1.);
#383=VECTOR('',#2781,1.);
#384=VECTOR('',#2784,1.);
#385=VECTOR('',#2785,1.);
#386=VECTOR('',#2786,1.);
#387=VECTOR('',#2793,1.);
#388=VECTOR('',#2796,1.);
#389=VECTOR('',#2797,1.);
#390=VECTOR('',#2798,1.);
#391=VECTOR('',#2805,1.);
#392=VECTOR('',#2808,1.);
#393=VECTOR('',#2809,1.);
#394=VECTOR('',#2814,1.);
#395=VECTOR('',#2815,1.);
#396=VECTOR('',#2816,1.);
#397=VECTOR('',#2817,1.);
#398=VECTOR('',#2818,1.);
#399=VECTOR('',#2821,1.);
#400=VECTOR('',#2822,1.);
#401=VECTOR('',#2823,1.);
#402=VECTOR('',#2824,1.);
#403=VECTOR('',#2825,1.);
#404=VECTOR('',#2828,1.);
#405=VECTOR('',#2831,1.);
#406=VECTOR('',#2834,1.);
#407=VECTOR('',#2837,1.);
#408=VECTOR('',#2844,1.);
#409=VECTOR('',#2845,1.);
#410=VECTOR('',#2846,1.);
#411=VECTOR('',#2847,1.);
#412=VECTOR('',#2848,1.);
#413=VECTOR('',#2849,1.);
#414=VECTOR('',#2850,1.);
#415=VECTOR('',#2851,1.);
#416=VECTOR('',#2852,1.);
#417=VECTOR('',#2853,1.);
#418=VECTOR('',#2854,1.);
#419=VECTOR('',#2855,1.);
#420=VECTOR('',#2856,1.);
#421=VECTOR('',#2857,1.);
#422=VECTOR('',#2858,1.);
#423=VECTOR('',#2859,1.);
#424=VECTOR('',#2860,1.);
#425=VECTOR('',#2861,1.);
#426=VECTOR('',#2862,1.);
#427=VECTOR('',#2863,1.);
#428=VECTOR('',#2864,1.);
#429=VECTOR('',#2865,1.);
#430=VECTOR('',#2866,1.);
#431=VECTOR('',#2881,1.);
#432=VECTOR('',#2882,1.);
#433=VECTOR('',#2883,1.);
#434=VECTOR('',#2884,1.);
#435=VECTOR('',#2885,1.);
#436=VECTOR('',#2888,1.);
#437=VECTOR('',#2889,1.);
#438=VECTOR('',#2890,1.);
#439=VECTOR('',#2891,1.);
#440=VECTOR('',#2892,1.);
#441=VECTOR('',#2895,1.);
#442=VECTOR('',#2898,1.);
#443=VECTOR('',#2903,1.);
#444=VECTOR('',#2910,1.);
#445=VECTOR('',#2911,1.);
#446=VECTOR('',#2912,1.);
#447=VECTOR('',#2913,1.);
#448=VECTOR('',#2914,1.);
#449=VECTOR('',#2917,1.);
#450=VECTOR('',#2918,1.);
#451=VECTOR('',#2919,1.);
#452=VECTOR('',#2920,1.);
#453=VECTOR('',#2921,1.);
#454=VECTOR('',#2924,1.);
#455=VECTOR('',#2927,1.);
#456=VECTOR('',#2932,1.);
#457=VECTOR('',#2939,1.);
#458=VECTOR('',#2940,1.);
#459=VECTOR('',#2941,1.);
#460=VECTOR('',#2942,1.);
#461=VECTOR('',#2943,1.);
#462=VECTOR('',#2946,1.);
#463=VECTOR('',#2947,1.);
#464=VECTOR('',#2948,1.);
#465=VECTOR('',#2949,1.);
#466=VECTOR('',#2950,1.);
#467=VECTOR('',#2953,1.);
#468=VECTOR('',#2956,1.);
#469=VECTOR('',#2961,1.);
#470=VECTOR('',#2968,1.);
#471=VECTOR('',#2969,1.);
#472=VECTOR('',#2970,1.);
#473=VECTOR('',#2971,1.);
#474=VECTOR('',#2972,1.);
#475=VECTOR('',#2975,1.);
#476=VECTOR('',#2976,1.);
#477=VECTOR('',#2977,1.);
#478=VECTOR('',#2978,1.);
#479=VECTOR('',#2979,1.);
#480=VECTOR('',#2982,1.);
#481=VECTOR('',#2985,1.);
#482=VECTOR('',#2990,1.);
#483=VECTOR('',#2997,1.);
#484=VECTOR('',#2998,1.);
#485=VECTOR('',#2999,1.);
#486=VECTOR('',#3000,1.);
#487=VECTOR('',#3001,1.);
#488=VECTOR('',#3004,1.);
#489=VECTOR('',#3005,1.);
#490=VECTOR('',#3006,1.);
#491=VECTOR('',#3007,1.);
#492=VECTOR('',#3008,1.);
#493=VECTOR('',#3011,1.);
#494=VECTOR('',#3014,1.);
#495=VECTOR('',#3019,1.);
#496=VECTOR('',#3026,1.);
#497=PLANE('',#2404);
#498=PLANE('',#2406);
#499=PLANE('',#2409);
#500=PLANE('',#2412);
#501=PLANE('',#2415);
#502=PLANE('',#2418);
#503=PLANE('',#2421);
#504=PLANE('',#2424);
#505=PLANE('',#2427);
#506=PLANE('',#2430);
#507=PLANE('',#2431);
#508=PLANE('',#2432);
#509=PLANE('',#2436);
#510=PLANE('',#2439);
#511=PLANE('',#2444);
#512=PLANE('',#2445);
#513=PLANE('',#2446);
#514=PLANE('',#2447);
#515=PLANE('',#2448);
#516=PLANE('',#2460);
#517=PLANE('',#2462);
#518=PLANE('',#2467);
#519=PLANE('',#2471);
#520=PLANE('',#2475);
#521=PLANE('',#2476);
#522=PLANE('',#2477);
#523=PLANE('',#2478);
#524=PLANE('',#2479);
#525=PLANE('',#2480);
#526=PLANE('',#2481);
#527=PLANE('',#2484);
#528=PLANE('',#2485);
#529=PLANE('',#2492);
#530=PLANE('',#2493);
#531=PLANE('',#2494);
#532=PLANE('',#2495);
#533=PLANE('',#2496);
#534=PLANE('',#2499);
#535=PLANE('',#2500);
#536=PLANE('',#2501);
#537=PLANE('',#2502);
#538=PLANE('',#2503);
#539=PLANE('',#2504);
#540=PLANE('',#2507);
#541=PLANE('',#2508);
#542=PLANE('',#2509);
#543=PLANE('',#2510);
#544=PLANE('',#2511);
#545=PLANE('',#2512);
#546=PLANE('',#2515);
#547=PLANE('',#2516);
#548=PLANE('',#2517);
#549=PLANE('',#2518);
#550=PLANE('',#2519);
#551=PLANE('',#2520);
#552=PLANE('',#2523);
#553=PLANE('',#2524);
#554=PLANE('',#2525);
#555=PLANE('',#2526);
#556=PLANE('',#2527);
#557=PLANE('',#2528);
#558=PLANE('',#2531);
#559=PLANE('',#2532);
#560=PLANE('',#2533);
#561=PLANE('',#2534);
#562=PLANE('',#2535);
#563=PLANE('',#2551);
#564=PLANE('',#2554);
#565=PLANE('',#2557);
#566=PLANE('',#2560);
#567=PLANE('',#2563);
#568=ORIENTED_EDGE('',*,*,#1262,.F.);
#569=ORIENTED_EDGE('',*,*,#1263,.F.);
#570=ORIENTED_EDGE('',*,*,#1264,.T.);
#571=ORIENTED_EDGE('',*,*,#1265,.F.);
#572=ORIENTED_EDGE('',*,*,#1264,.F.);
#573=ORIENTED_EDGE('',*,*,#1266,.F.);
#574=ORIENTED_EDGE('',*,*,#1267,.T.);
#575=ORIENTED_EDGE('',*,*,#1268,.F.);
#576=ORIENTED_EDGE('',*,*,#1267,.F.);
#577=ORIENTED_EDGE('',*,*,#1269,.F.);
#578=ORIENTED_EDGE('',*,*,#1270,.T.);
#579=ORIENTED_EDGE('',*,*,#1271,.F.);
#580=ORIENTED_EDGE('',*,*,#1270,.F.);
#581=ORIENTED_EDGE('',*,*,#1272,.F.);
#582=ORIENTED_EDGE('',*,*,#1273,.T.);
#583=ORIENTED_EDGE('',*,*,#1274,.F.);
#584=ORIENTED_EDGE('',*,*,#1273,.F.);
#585=ORIENTED_EDGE('',*,*,#1275,.F.);
#586=ORIENTED_EDGE('',*,*,#1276,.T.);
#587=ORIENTED_EDGE('',*,*,#1277,.F.);
#588=ORIENTED_EDGE('',*,*,#1276,.F.);
#589=ORIENTED_EDGE('',*,*,#1278,.F.);
#590=ORIENTED_EDGE('',*,*,#1279,.T.);
#591=ORIENTED_EDGE('',*,*,#1280,.F.);
#592=ORIENTED_EDGE('',*,*,#1281,.F.);
#593=ORIENTED_EDGE('',*,*,#1262,.T.);
#594=ORIENTED_EDGE('',*,*,#1282,.F.);
#595=ORIENTED_EDGE('',*,*,#1279,.F.);
#596=ORIENTED_EDGE('',*,*,#1283,.F.);
#597=ORIENTED_EDGE('',*,*,#1268,.T.);
#598=ORIENTED_EDGE('',*,*,#1284,.F.);
#599=ORIENTED_EDGE('',*,*,#1285,.T.);
#600=ORIENTED_EDGE('',*,*,#1286,.F.);
#601=ORIENTED_EDGE('',*,*,#1277,.T.);
#602=ORIENTED_EDGE('',*,*,#1287,.F.);
#603=ORIENTED_EDGE('',*,*,#1288,.T.);
#604=ORIENTED_EDGE('',*,*,#1289,.F.);
#605=ORIENTED_EDGE('',*,*,#1282,.T.);
#606=ORIENTED_EDGE('',*,*,#1290,.F.);
#607=ORIENTED_EDGE('',*,*,#1291,.T.);
#608=ORIENTED_EDGE('',*,*,#1292,.F.);
#609=ORIENTED_EDGE('',*,*,#1293,.F.);
#610=ORIENTED_EDGE('',*,*,#1294,.T.);
#611=ORIENTED_EDGE('',*,*,#1295,.T.);
#612=ORIENTED_EDGE('',*,*,#1296,.T.);
#613=ORIENTED_EDGE('',*,*,#1297,.T.);
#614=ORIENTED_EDGE('',*,*,#1298,.F.);
#615=ORIENTED_EDGE('',*,*,#1299,.F.);
#616=ORIENTED_EDGE('',*,*,#1300,.T.);
#617=ORIENTED_EDGE('',*,*,#1301,.T.);
#618=ORIENTED_EDGE('',*,*,#1302,.F.);
#619=ORIENTED_EDGE('',*,*,#1303,.T.);
#620=ORIENTED_EDGE('',*,*,#1304,.T.);
#621=ORIENTED_EDGE('',*,*,#1305,.T.);
#622=ORIENTED_EDGE('',*,*,#1306,.F.);
#623=ORIENTED_EDGE('',*,*,#1307,.F.);
#624=ORIENTED_EDGE('',*,*,#1308,.T.);
#625=ORIENTED_EDGE('',*,*,#1309,.T.);
#626=ORIENTED_EDGE('',*,*,#1310,.F.);
#627=ORIENTED_EDGE('',*,*,#1311,.T.);
#628=ORIENTED_EDGE('',*,*,#1312,.T.);
#629=ORIENTED_EDGE('',*,*,#1313,.T.);
#630=ORIENTED_EDGE('',*,*,#1314,.F.);
#631=ORIENTED_EDGE('',*,*,#1315,.F.);
#632=ORIENTED_EDGE('',*,*,#1316,.T.);
#633=ORIENTED_EDGE('',*,*,#1317,.T.);
#634=ORIENTED_EDGE('',*,*,#1318,.F.);
#635=ORIENTED_EDGE('',*,*,#1319,.T.);
#636=ORIENTED_EDGE('',*,*,#1320,.T.);
#637=ORIENTED_EDGE('',*,*,#1321,.T.);
#638=ORIENTED_EDGE('',*,*,#1322,.F.);
#639=ORIENTED_EDGE('',*,*,#1323,.F.);
#640=ORIENTED_EDGE('',*,*,#1324,.T.);
#641=ORIENTED_EDGE('',*,*,#1325,.T.);
#642=ORIENTED_EDGE('',*,*,#1326,.F.);
#643=ORIENTED_EDGE('',*,*,#1327,.T.);
#644=ORIENTED_EDGE('',*,*,#1328,.T.);
#645=ORIENTED_EDGE('',*,*,#1329,.T.);
#646=ORIENTED_EDGE('',*,*,#1330,.F.);
#647=ORIENTED_EDGE('',*,*,#1331,.F.);
#648=ORIENTED_EDGE('',*,*,#1332,.T.);
#649=ORIENTED_EDGE('',*,*,#1333,.T.);
#650=ORIENTED_EDGE('',*,*,#1334,.F.);
#651=ORIENTED_EDGE('',*,*,#1335,.T.);
#652=ORIENTED_EDGE('',*,*,#1336,.T.);
#653=ORIENTED_EDGE('',*,*,#1337,.T.);
#654=ORIENTED_EDGE('',*,*,#1338,.F.);
#655=ORIENTED_EDGE('',*,*,#1339,.F.);
#656=ORIENTED_EDGE('',*,*,#1340,.T.);
#657=ORIENTED_EDGE('',*,*,#1341,.T.);
#658=ORIENTED_EDGE('',*,*,#1342,.F.);
#659=ORIENTED_EDGE('',*,*,#1343,.T.);
#660=ORIENTED_EDGE('',*,*,#1344,.T.);
#661=ORIENTED_EDGE('',*,*,#1345,.T.);
#662=ORIENTED_EDGE('',*,*,#1346,.F.);
#663=ORIENTED_EDGE('',*,*,#1347,.F.);
#664=ORIENTED_EDGE('',*,*,#1348,.T.);
#665=ORIENTED_EDGE('',*,*,#1349,.T.);
#666=ORIENTED_EDGE('',*,*,#1350,.F.);
#667=ORIENTED_EDGE('',*,*,#1351,.T.);
#668=ORIENTED_EDGE('',*,*,#1352,.T.);
#669=ORIENTED_EDGE('',*,*,#1353,.T.);
#670=ORIENTED_EDGE('',*,*,#1348,.F.);
#671=ORIENTED_EDGE('',*,*,#1354,.T.);
#672=ORIENTED_EDGE('',*,*,#1355,.T.);
#673=ORIENTED_EDGE('',*,*,#1356,.T.);
#674=ORIENTED_EDGE('',*,*,#1352,.F.);
#675=ORIENTED_EDGE('',*,*,#1357,.F.);
#676=ORIENTED_EDGE('',*,*,#1358,.T.);
#677=ORIENTED_EDGE('',*,*,#1359,.T.);
#678=ORIENTED_EDGE('',*,*,#1355,.F.);
#679=ORIENTED_EDGE('',*,*,#1360,.T.);
#680=ORIENTED_EDGE('',*,*,#1361,.T.);
#681=ORIENTED_EDGE('',*,*,#1362,.T.);
#682=ORIENTED_EDGE('',*,*,#1363,.F.);
#683=ORIENTED_EDGE('',*,*,#1364,.F.);
#684=ORIENTED_EDGE('',*,*,#1365,.F.);
#685=ORIENTED_EDGE('',*,*,#1366,.T.);
#686=ORIENTED_EDGE('',*,*,#1298,.T.);
#687=ORIENTED_EDGE('',*,*,#1367,.T.);
#688=ORIENTED_EDGE('',*,*,#1368,.F.);
#689=ORIENTED_EDGE('',*,*,#1369,.F.);
#690=ORIENTED_EDGE('',*,*,#1370,.T.);
#691=ORIENTED_EDGE('',*,*,#1371,.T.);
#692=ORIENTED_EDGE('',*,*,#1363,.T.);
#693=ORIENTED_EDGE('',*,*,#1372,.T.);
#694=ORIENTED_EDGE('',*,*,#1373,.F.);
#695=ORIENTED_EDGE('',*,*,#1374,.T.);
#696=ORIENTED_EDGE('',*,*,#1358,.F.);
#697=ORIENTED_EDGE('',*,*,#1375,.F.);
#698=ORIENTED_EDGE('',*,*,#1376,.T.);
#699=ORIENTED_EDGE('',*,*,#1377,.T.);
#700=ORIENTED_EDGE('',*,*,#1294,.F.);
#701=ORIENTED_EDGE('',*,*,#1378,.T.);
#702=ORIENTED_EDGE('',*,*,#1379,.T.);
#703=ORIENTED_EDGE('',*,*,#1380,.T.);
#704=ORIENTED_EDGE('',*,*,#1376,.F.);
#705=ORIENTED_EDGE('',*,*,#1381,.T.);
#706=ORIENTED_EDGE('',*,*,#1350,.T.);
#707=ORIENTED_EDGE('',*,*,#1382,.T.);
#708=ORIENTED_EDGE('',*,*,#1379,.F.);
#709=ORIENTED_EDGE('',*,*,#1383,.T.);
#710=ORIENTED_EDGE('',*,*,#1351,.F.);
#711=ORIENTED_EDGE('',*,*,#1383,.F.);
#712=ORIENTED_EDGE('',*,*,#1381,.F.);
#713=ORIENTED_EDGE('',*,*,#1378,.F.);
#714=ORIENTED_EDGE('',*,*,#1299,.T.);
#715=ORIENTED_EDGE('',*,*,#1371,.F.);
#716=ORIENTED_EDGE('',*,*,#1384,.F.);
#717=ORIENTED_EDGE('',*,*,#1385,.T.);
#718=ORIENTED_EDGE('',*,*,#1386,.T.);
#719=ORIENTED_EDGE('',*,*,#1387,.T.);
#720=ORIENTED_EDGE('',*,*,#1388,.T.);
#721=ORIENTED_EDGE('',*,*,#1389,.T.);
#722=ORIENTED_EDGE('',*,*,#1390,.F.);
#723=ORIENTED_EDGE('',*,*,#1391,.T.);
#724=ORIENTED_EDGE('',*,*,#1392,.F.);
#725=ORIENTED_EDGE('',*,*,#1364,.T.);
#726=ORIENTED_EDGE('',*,*,#1375,.T.);
#727=ORIENTED_EDGE('',*,*,#1360,.F.);
#728=ORIENTED_EDGE('',*,*,#1357,.T.);
#729=ORIENTED_EDGE('',*,*,#1354,.F.);
#730=ORIENTED_EDGE('',*,*,#1393,.T.);
#731=ORIENTED_EDGE('',*,*,#1384,.T.);
#732=ORIENTED_EDGE('',*,*,#1370,.F.);
#733=ORIENTED_EDGE('',*,*,#1394,.F.);
#734=ORIENTED_EDGE('',*,*,#1386,.F.);
#735=ORIENTED_EDGE('',*,*,#1395,.F.);
#736=ORIENTED_EDGE('',*,*,#1396,.T.);
#737=ORIENTED_EDGE('',*,*,#1397,.T.);
#738=ORIENTED_EDGE('',*,*,#1388,.F.);
#739=ORIENTED_EDGE('',*,*,#1398,.F.);
#740=ORIENTED_EDGE('',*,*,#1399,.T.);
#741=ORIENTED_EDGE('',*,*,#1400,.T.);
#742=ORIENTED_EDGE('',*,*,#1401,.T.);
#743=ORIENTED_EDGE('',*,*,#1390,.T.);
#744=ORIENTED_EDGE('',*,*,#1402,.F.);
#745=ORIENTED_EDGE('',*,*,#1403,.F.);
#746=ORIENTED_EDGE('',*,*,#1365,.T.);
#747=ORIENTED_EDGE('',*,*,#1392,.T.);
#748=ORIENTED_EDGE('',*,*,#1404,.F.);
#749=ORIENTED_EDGE('',*,*,#1405,.F.);
#750=ORIENTED_EDGE('',*,*,#1385,.F.);
#751=ORIENTED_EDGE('',*,*,#1393,.F.);
#752=ORIENTED_EDGE('',*,*,#1406,.T.);
#753=ORIENTED_EDGE('',*,*,#1395,.T.);
#754=ORIENTED_EDGE('',*,*,#1387,.F.);
#755=ORIENTED_EDGE('',*,*,#1397,.F.);
#756=ORIENTED_EDGE('',*,*,#1407,.T.);
#757=ORIENTED_EDGE('',*,*,#1398,.T.);
#758=ORIENTED_EDGE('',*,*,#1389,.F.);
#759=ORIENTED_EDGE('',*,*,#1400,.F.);
#760=ORIENTED_EDGE('',*,*,#1408,.T.);
#761=ORIENTED_EDGE('',*,*,#1402,.T.);
#762=ORIENTED_EDGE('',*,*,#1391,.F.);
#763=ORIENTED_EDGE('',*,*,#1401,.F.);
#764=ORIENTED_EDGE('',*,*,#1409,.T.);
#765=ORIENTED_EDGE('',*,*,#1404,.T.);
#766=ORIENTED_EDGE('',*,*,#1410,.T.);
#767=ORIENTED_EDGE('',*,*,#1411,.F.);
#768=ORIENTED_EDGE('',*,*,#1412,.F.);
#769=ORIENTED_EDGE('',*,*,#1413,.T.);
#770=ORIENTED_EDGE('',*,*,#1414,.F.);
#771=ORIENTED_EDGE('',*,*,#1413,.F.);
#772=ORIENTED_EDGE('',*,*,#1415,.T.);
#773=ORIENTED_EDGE('',*,*,#1368,.T.);
#774=ORIENTED_EDGE('',*,*,#1416,.T.);
#775=ORIENTED_EDGE('',*,*,#1417,.F.);
#776=ORIENTED_EDGE('',*,*,#1418,.T.);
#777=ORIENTED_EDGE('',*,*,#1361,.F.);
#778=ORIENTED_EDGE('',*,*,#1419,.T.);
#779=ORIENTED_EDGE('',*,*,#1420,.T.);
#780=ORIENTED_EDGE('',*,*,#1421,.T.);
#781=ORIENTED_EDGE('',*,*,#1420,.F.);
#782=ORIENTED_EDGE('',*,*,#1422,.F.);
#783=ORIENTED_EDGE('',*,*,#1423,.T.);
#784=ORIENTED_EDGE('',*,*,#1424,.F.);
#785=ORIENTED_EDGE('',*,*,#1423,.F.);
#786=ORIENTED_EDGE('',*,*,#1425,.T.);
#787=ORIENTED_EDGE('',*,*,#1426,.T.);
#788=ORIENTED_EDGE('',*,*,#1427,.T.);
#789=ORIENTED_EDGE('',*,*,#1426,.F.);
#790=ORIENTED_EDGE('',*,*,#1428,.F.);
#791=ORIENTED_EDGE('',*,*,#1429,.T.);
#792=ORIENTED_EDGE('',*,*,#1430,.T.);
#793=ORIENTED_EDGE('',*,*,#1429,.F.);
#794=ORIENTED_EDGE('',*,*,#1431,.F.);
#795=ORIENTED_EDGE('',*,*,#1432,.T.);
#796=ORIENTED_EDGE('',*,*,#1433,.T.);
#797=ORIENTED_EDGE('',*,*,#1432,.F.);
#798=ORIENTED_EDGE('',*,*,#1434,.F.);
#799=ORIENTED_EDGE('',*,*,#1435,.T.);
#800=ORIENTED_EDGE('',*,*,#1436,.T.);
#801=ORIENTED_EDGE('',*,*,#1435,.F.);
#802=ORIENTED_EDGE('',*,*,#1437,.F.);
#803=ORIENTED_EDGE('',*,*,#1411,.T.);
#804=ORIENTED_EDGE('',*,*,#1412,.T.);
#805=ORIENTED_EDGE('',*,*,#1437,.T.);
#806=ORIENTED_EDGE('',*,*,#1434,.T.);
#807=ORIENTED_EDGE('',*,*,#1431,.T.);
#808=ORIENTED_EDGE('',*,*,#1428,.T.);
#809=ORIENTED_EDGE('',*,*,#1425,.F.);
#810=ORIENTED_EDGE('',*,*,#1422,.T.);
#811=ORIENTED_EDGE('',*,*,#1419,.F.);
#812=ORIENTED_EDGE('',*,*,#1366,.F.);
#813=ORIENTED_EDGE('',*,*,#1405,.T.);
#814=ORIENTED_EDGE('',*,*,#1409,.F.);
#815=ORIENTED_EDGE('',*,*,#1403,.T.);
#816=ORIENTED_EDGE('',*,*,#1408,.F.);
#817=ORIENTED_EDGE('',*,*,#1399,.F.);
#818=ORIENTED_EDGE('',*,*,#1407,.F.);
#819=ORIENTED_EDGE('',*,*,#1396,.F.);
#820=ORIENTED_EDGE('',*,*,#1406,.F.);
#821=ORIENTED_EDGE('',*,*,#1394,.T.);
#822=ORIENTED_EDGE('',*,*,#1369,.T.);
#823=ORIENTED_EDGE('',*,*,#1415,.F.);
#824=ORIENTED_EDGE('',*,*,#1438,.T.);
#825=ORIENTED_EDGE('',*,*,#1439,.T.);
#826=ORIENTED_EDGE('',*,*,#1300,.F.);
#827=ORIENTED_EDGE('',*,*,#1440,.T.);
#828=ORIENTED_EDGE('',*,*,#1441,.F.);
#829=ORIENTED_EDGE('',*,*,#1442,.T.);
#830=ORIENTED_EDGE('',*,*,#1306,.T.);
#831=ORIENTED_EDGE('',*,*,#1443,.T.);
#832=ORIENTED_EDGE('',*,*,#1444,.F.);
#833=ORIENTED_EDGE('',*,*,#1445,.F.);
#834=ORIENTED_EDGE('',*,*,#1446,.T.);
#835=ORIENTED_EDGE('',*,*,#1447,.F.);
#836=ORIENTED_EDGE('',*,*,#1307,.T.);
#837=ORIENTED_EDGE('',*,*,#1447,.T.);
#838=ORIENTED_EDGE('',*,*,#1448,.F.);
#839=ORIENTED_EDGE('',*,*,#1440,.F.);
#840=ORIENTED_EDGE('',*,*,#1441,.T.);
#841=ORIENTED_EDGE('',*,*,#1448,.T.);
#842=ORIENTED_EDGE('',*,*,#1446,.F.);
#843=ORIENTED_EDGE('',*,*,#1449,.F.);
#844=ORIENTED_EDGE('',*,*,#1450,.F.);
#845=ORIENTED_EDGE('',*,*,#1451,.T.);
#846=ORIENTED_EDGE('',*,*,#1438,.F.);
#847=ORIENTED_EDGE('',*,*,#1452,.T.);
#848=ORIENTED_EDGE('',*,*,#1444,.T.);
#849=ORIENTED_EDGE('',*,*,#1453,.T.);
#850=ORIENTED_EDGE('',*,*,#1449,.T.);
#851=ORIENTED_EDGE('',*,*,#1445,.T.);
#852=ORIENTED_EDGE('',*,*,#1452,.F.);
#853=ORIENTED_EDGE('',*,*,#1442,.F.);
#854=ORIENTED_EDGE('',*,*,#1288,.F.);
#855=ORIENTED_EDGE('',*,*,#1454,.T.);
#856=ORIENTED_EDGE('',*,*,#1291,.F.);
#857=ORIENTED_EDGE('',*,*,#1455,.F.);
#858=ORIENTED_EDGE('',*,*,#1285,.F.);
#859=ORIENTED_EDGE('',*,*,#1456,.F.);
#860=ORIENTED_EDGE('',*,*,#1457,.T.);
#861=ORIENTED_EDGE('',*,*,#1458,.T.);
#862=ORIENTED_EDGE('',*,*,#1459,.T.);
#863=ORIENTED_EDGE('',*,*,#1460,.T.);
#864=ORIENTED_EDGE('',*,*,#1461,.T.);
#865=ORIENTED_EDGE('',*,*,#1462,.T.);
#866=ORIENTED_EDGE('',*,*,#1463,.T.);
#867=ORIENTED_EDGE('',*,*,#1417,.T.);
#868=ORIENTED_EDGE('',*,*,#1421,.F.);
#869=ORIENTED_EDGE('',*,*,#1424,.T.);
#870=ORIENTED_EDGE('',*,*,#1427,.F.);
#871=ORIENTED_EDGE('',*,*,#1430,.F.);
#872=ORIENTED_EDGE('',*,*,#1433,.F.);
#873=ORIENTED_EDGE('',*,*,#1436,.F.);
#874=ORIENTED_EDGE('',*,*,#1410,.F.);
#875=ORIENTED_EDGE('',*,*,#1414,.T.);
#876=ORIENTED_EDGE('',*,*,#1464,.T.);
#877=ORIENTED_EDGE('',*,*,#1465,.T.);
#878=ORIENTED_EDGE('',*,*,#1466,.T.);
#879=ORIENTED_EDGE('',*,*,#1450,.T.);
#880=ORIENTED_EDGE('',*,*,#1467,.T.);
#881=ORIENTED_EDGE('',*,*,#1468,.T.);
#882=ORIENTED_EDGE('',*,*,#1469,.T.);
#883=ORIENTED_EDGE('',*,*,#1470,.T.);
#884=ORIENTED_EDGE('',*,*,#1471,.T.);
#885=ORIENTED_EDGE('',*,*,#1472,.T.);
#886=ORIENTED_EDGE('',*,*,#1473,.T.);
#887=ORIENTED_EDGE('',*,*,#1474,.T.);
#888=ORIENTED_EDGE('',*,*,#1475,.T.);
#889=ORIENTED_EDGE('',*,*,#1476,.T.);
#890=ORIENTED_EDGE('',*,*,#1477,.T.);
#891=ORIENTED_EDGE('',*,*,#1478,.T.);
#892=ORIENTED_EDGE('',*,*,#1479,.T.);
#893=ORIENTED_EDGE('',*,*,#1480,.T.);
#894=ORIENTED_EDGE('',*,*,#1481,.T.);
#895=ORIENTED_EDGE('',*,*,#1482,.T.);
#896=ORIENTED_EDGE('',*,*,#1483,.T.);
#897=ORIENTED_EDGE('',*,*,#1484,.T.);
#898=ORIENTED_EDGE('',*,*,#1485,.T.);
#899=ORIENTED_EDGE('',*,*,#1486,.T.);
#900=ORIENTED_EDGE('',*,*,#1487,.T.);
#901=ORIENTED_EDGE('',*,*,#1488,.T.);
#902=ORIENTED_EDGE('',*,*,#1489,.T.);
#903=ORIENTED_EDGE('',*,*,#1490,.T.);
#904=ORIENTED_EDGE('',*,*,#1491,.T.);
#905=ORIENTED_EDGE('',*,*,#1308,.F.);
#906=ORIENTED_EDGE('',*,*,#1492,.T.);
#907=ORIENTED_EDGE('',*,*,#1493,.F.);
#908=ORIENTED_EDGE('',*,*,#1494,.T.);
#909=ORIENTED_EDGE('',*,*,#1314,.T.);
#910=ORIENTED_EDGE('',*,*,#1495,.T.);
#911=ORIENTED_EDGE('',*,*,#1496,.F.);
#912=ORIENTED_EDGE('',*,*,#1497,.F.);
#913=ORIENTED_EDGE('',*,*,#1498,.T.);
#914=ORIENTED_EDGE('',*,*,#1499,.F.);
#915=ORIENTED_EDGE('',*,*,#1492,.F.);
#916=ORIENTED_EDGE('',*,*,#1315,.T.);
#917=ORIENTED_EDGE('',*,*,#1499,.T.);
#918=ORIENTED_EDGE('',*,*,#1500,.F.);
#919=ORIENTED_EDGE('',*,*,#1493,.T.);
#920=ORIENTED_EDGE('',*,*,#1500,.T.);
#921=ORIENTED_EDGE('',*,*,#1498,.F.);
#922=ORIENTED_EDGE('',*,*,#1501,.F.);
#923=ORIENTED_EDGE('',*,*,#1470,.F.);
#924=ORIENTED_EDGE('',*,*,#1502,.T.);
#925=ORIENTED_EDGE('',*,*,#1490,.F.);
#926=ORIENTED_EDGE('',*,*,#1503,.T.);
#927=ORIENTED_EDGE('',*,*,#1496,.T.);
#928=ORIENTED_EDGE('',*,*,#1504,.T.);
#929=ORIENTED_EDGE('',*,*,#1501,.T.);
#930=ORIENTED_EDGE('',*,*,#1497,.T.);
#931=ORIENTED_EDGE('',*,*,#1503,.F.);
#932=ORIENTED_EDGE('',*,*,#1494,.F.);
#933=ORIENTED_EDGE('',*,*,#1505,.T.);
#934=ORIENTED_EDGE('',*,*,#1506,.T.);
#935=ORIENTED_EDGE('',*,*,#1316,.F.);
#936=ORIENTED_EDGE('',*,*,#1507,.T.);
#937=ORIENTED_EDGE('',*,*,#1508,.F.);
#938=ORIENTED_EDGE('',*,*,#1509,.T.);
#939=ORIENTED_EDGE('',*,*,#1322,.T.);
#940=ORIENTED_EDGE('',*,*,#1510,.T.);
#941=ORIENTED_EDGE('',*,*,#1511,.F.);
#942=ORIENTED_EDGE('',*,*,#1512,.F.);
#943=ORIENTED_EDGE('',*,*,#1513,.T.);
#944=ORIENTED_EDGE('',*,*,#1514,.F.);
#945=ORIENTED_EDGE('',*,*,#1323,.T.);
#946=ORIENTED_EDGE('',*,*,#1514,.T.);
#947=ORIENTED_EDGE('',*,*,#1515,.F.);
#948=ORIENTED_EDGE('',*,*,#1507,.F.);
#949=ORIENTED_EDGE('',*,*,#1508,.T.);
#950=ORIENTED_EDGE('',*,*,#1515,.T.);
#951=ORIENTED_EDGE('',*,*,#1513,.F.);
#952=ORIENTED_EDGE('',*,*,#1516,.F.);
#953=ORIENTED_EDGE('',*,*,#1474,.F.);
#954=ORIENTED_EDGE('',*,*,#1517,.T.);
#955=ORIENTED_EDGE('',*,*,#1505,.F.);
#956=ORIENTED_EDGE('',*,*,#1518,.T.);
#957=ORIENTED_EDGE('',*,*,#1511,.T.);
#958=ORIENTED_EDGE('',*,*,#1519,.T.);
#959=ORIENTED_EDGE('',*,*,#1509,.F.);
#960=ORIENTED_EDGE('',*,*,#1516,.T.);
#961=ORIENTED_EDGE('',*,*,#1512,.T.);
#962=ORIENTED_EDGE('',*,*,#1518,.F.);
#963=ORIENTED_EDGE('',*,*,#1520,.T.);
#964=ORIENTED_EDGE('',*,*,#1521,.T.);
#965=ORIENTED_EDGE('',*,*,#1324,.F.);
#966=ORIENTED_EDGE('',*,*,#1522,.T.);
#967=ORIENTED_EDGE('',*,*,#1523,.F.);
#968=ORIENTED_EDGE('',*,*,#1524,.T.);
#969=ORIENTED_EDGE('',*,*,#1330,.T.);
#970=ORIENTED_EDGE('',*,*,#1525,.T.);
#971=ORIENTED_EDGE('',*,*,#1526,.F.);
#972=ORIENTED_EDGE('',*,*,#1527,.F.);
#973=ORIENTED_EDGE('',*,*,#1528,.T.);
#974=ORIENTED_EDGE('',*,*,#1529,.F.);
#975=ORIENTED_EDGE('',*,*,#1331,.T.);
#976=ORIENTED_EDGE('',*,*,#1529,.T.);
#977=ORIENTED_EDGE('',*,*,#1530,.F.);
#978=ORIENTED_EDGE('',*,*,#1522,.F.);
#979=ORIENTED_EDGE('',*,*,#1523,.T.);
#980=ORIENTED_EDGE('',*,*,#1530,.T.);
#981=ORIENTED_EDGE('',*,*,#1528,.F.);
#982=ORIENTED_EDGE('',*,*,#1531,.F.);
#983=ORIENTED_EDGE('',*,*,#1478,.F.);
#984=ORIENTED_EDGE('',*,*,#1532,.T.);
#985=ORIENTED_EDGE('',*,*,#1520,.F.);
#986=ORIENTED_EDGE('',*,*,#1533,.T.);
#987=ORIENTED_EDGE('',*,*,#1526,.T.);
#988=ORIENTED_EDGE('',*,*,#1534,.T.);
#989=ORIENTED_EDGE('',*,*,#1531,.T.);
#990=ORIENTED_EDGE('',*,*,#1527,.T.);
#991=ORIENTED_EDGE('',*,*,#1533,.F.);
#992=ORIENTED_EDGE('',*,*,#1524,.F.);
#993=ORIENTED_EDGE('',*,*,#1535,.T.);
#994=ORIENTED_EDGE('',*,*,#1536,.T.);
#995=ORIENTED_EDGE('',*,*,#1332,.F.);
#996=ORIENTED_EDGE('',*,*,#1537,.T.);
#997=ORIENTED_EDGE('',*,*,#1538,.F.);
#998=ORIENTED_EDGE('',*,*,#1539,.T.);
#999=ORIENTED_EDGE('',*,*,#1338,.T.);
#1000=ORIENTED_EDGE('',*,*,#1540,.T.);
#1001=ORIENTED_EDGE('',*,*,#1541,.F.);
#1002=ORIENTED_EDGE('',*,*,#1542,.F.);
#1003=ORIENTED_EDGE('',*,*,#1543,.T.);
#1004=ORIENTED_EDGE('',*,*,#1544,.F.);
#1005=ORIENTED_EDGE('',*,*,#1537,.F.);
#1006=ORIENTED_EDGE('',*,*,#1339,.T.);
#1007=ORIENTED_EDGE('',*,*,#1544,.T.);
#1008=ORIENTED_EDGE('',*,*,#1545,.F.);
#1009=ORIENTED_EDGE('',*,*,#1538,.T.);
#1010=ORIENTED_EDGE('',*,*,#1545,.T.);
#1011=ORIENTED_EDGE('',*,*,#1543,.F.);
#1012=ORIENTED_EDGE('',*,*,#1546,.F.);
#1013=ORIENTED_EDGE('',*,*,#1482,.F.);
#1014=ORIENTED_EDGE('',*,*,#1547,.T.);
#1015=ORIENTED_EDGE('',*,*,#1535,.F.);
#1016=ORIENTED_EDGE('',*,*,#1548,.T.);
#1017=ORIENTED_EDGE('',*,*,#1541,.T.);
#1018=ORIENTED_EDGE('',*,*,#1549,.T.);
#1019=ORIENTED_EDGE('',*,*,#1546,.T.);
#1020=ORIENTED_EDGE('',*,*,#1542,.T.);
#1021=ORIENTED_EDGE('',*,*,#1548,.F.);
#1022=ORIENTED_EDGE('',*,*,#1539,.F.);
#1023=ORIENTED_EDGE('',*,*,#1550,.T.);
#1024=ORIENTED_EDGE('',*,*,#1551,.T.);
#1025=ORIENTED_EDGE('',*,*,#1340,.F.);
#1026=ORIENTED_EDGE('',*,*,#1552,.T.);
#1027=ORIENTED_EDGE('',*,*,#1553,.F.);
#1028=ORIENTED_EDGE('',*,*,#1554,.T.);
#1029=ORIENTED_EDGE('',*,*,#1346,.T.);
#1030=ORIENTED_EDGE('',*,*,#1555,.T.);
#1031=ORIENTED_EDGE('',*,*,#1556,.F.);
#1032=ORIENTED_EDGE('',*,*,#1557,.F.);
#1033=ORIENTED_EDGE('',*,*,#1558,.T.);
#1034=ORIENTED_EDGE('',*,*,#1559,.F.);
#1035=ORIENTED_EDGE('',*,*,#1347,.T.);
#1036=ORIENTED_EDGE('',*,*,#1559,.T.);
#1037=ORIENTED_EDGE('',*,*,#1560,.F.);
#1038=ORIENTED_EDGE('',*,*,#1552,.F.);
#1039=ORIENTED_EDGE('',*,*,#1553,.T.);
#1040=ORIENTED_EDGE('',*,*,#1560,.T.);
#1041=ORIENTED_EDGE('',*,*,#1558,.F.);
#1042=ORIENTED_EDGE('',*,*,#1561,.F.);
#1043=ORIENTED_EDGE('',*,*,#1460,.F.);
#1044=ORIENTED_EDGE('',*,*,#1562,.T.);
#1045=ORIENTED_EDGE('',*,*,#1550,.F.);
#1046=ORIENTED_EDGE('',*,*,#1563,.T.);
#1047=ORIENTED_EDGE('',*,*,#1556,.T.);
#1048=ORIENTED_EDGE('',*,*,#1564,.T.);
#1049=ORIENTED_EDGE('',*,*,#1554,.F.);
#1050=ORIENTED_EDGE('',*,*,#1561,.T.);
#1051=ORIENTED_EDGE('',*,*,#1557,.T.);
#1052=ORIENTED_EDGE('',*,*,#1563,.F.);
#1053=ORIENTED_EDGE('',*,*,#1565,.F.);
#1054=ORIENTED_EDGE('',*,*,#1274,.T.);
#1055=ORIENTED_EDGE('',*,*,#1286,.T.);
#1056=ORIENTED_EDGE('',*,*,#1457,.F.);
#1057=ORIENTED_EDGE('',*,*,#1284,.T.);
#1058=ORIENTED_EDGE('',*,*,#1271,.T.);
#1059=ORIENTED_EDGE('',*,*,#1565,.T.);
#1060=ORIENTED_EDGE('',*,*,#1456,.T.);
#1061=ORIENTED_EDGE('',*,*,#1290,.T.);
#1062=ORIENTED_EDGE('',*,*,#1265,.T.);
#1063=ORIENTED_EDGE('',*,*,#1283,.T.);
#1064=ORIENTED_EDGE('',*,*,#1455,.T.);
#1065=ORIENTED_EDGE('',*,*,#1287,.T.);
#1066=ORIENTED_EDGE('',*,*,#1280,.T.);
#1067=ORIENTED_EDGE('',*,*,#1289,.T.);
#1068=ORIENTED_EDGE('',*,*,#1454,.F.);
#1069=ORIENTED_EDGE('',*,*,#1566,.T.);
#1070=ORIENTED_EDGE('',*,*,#1485,.F.);
#1071=ORIENTED_EDGE('',*,*,#1292,.T.);
#1072=ORIENTED_EDGE('',*,*,#1484,.F.);
#1073=ORIENTED_EDGE('',*,*,#1567,.F.);
#1074=ORIENTED_EDGE('',*,*,#1568,.T.);
#1075=ORIENTED_EDGE('',*,*,#1569,.F.);
#1076=ORIENTED_EDGE('',*,*,#1570,.T.);
#1077=ORIENTED_EDGE('',*,*,#1571,.F.);
#1078=ORIENTED_EDGE('',*,*,#1572,.T.);
#1079=ORIENTED_EDGE('',*,*,#1573,.F.);
#1080=ORIENTED_EDGE('',*,*,#1574,.T.);
#1081=ORIENTED_EDGE('',*,*,#1263,.T.);
#1082=ORIENTED_EDGE('',*,*,#1281,.T.);
#1083=ORIENTED_EDGE('',*,*,#1278,.T.);
#1084=ORIENTED_EDGE('',*,*,#1275,.T.);
#1085=ORIENTED_EDGE('',*,*,#1272,.T.);
#1086=ORIENTED_EDGE('',*,*,#1269,.T.);
#1087=ORIENTED_EDGE('',*,*,#1266,.T.);
#1088=ORIENTED_EDGE('',*,*,#1293,.T.);
#1089=ORIENTED_EDGE('',*,*,#1575,.T.);
#1090=ORIENTED_EDGE('',*,*,#1576,.T.);
#1091=ORIENTED_EDGE('',*,*,#1577,.T.);
#1092=ORIENTED_EDGE('',*,*,#1578,.T.);
#1093=ORIENTED_EDGE('',*,*,#1579,.T.);
#1094=ORIENTED_EDGE('',*,*,#1580,.T.);
#1095=ORIENTED_EDGE('',*,*,#1581,.T.);
#1096=ORIENTED_EDGE('',*,*,#1582,.T.);
#1097=ORIENTED_EDGE('',*,*,#1574,.F.);
#1098=ORIENTED_EDGE('',*,*,#1572,.F.);
#1099=ORIENTED_EDGE('',*,*,#1570,.F.);
#1100=ORIENTED_EDGE('',*,*,#1568,.F.);
#1101=ORIENTED_EDGE('',*,*,#1566,.F.);
#1102=ORIENTED_EDGE('',*,*,#1583,.F.);
#1103=ORIENTED_EDGE('',*,*,#1359,.F.);
#1104=ORIENTED_EDGE('',*,*,#1584,.F.);
#1105=ORIENTED_EDGE('',*,*,#1580,.F.);
#1106=ORIENTED_EDGE('',*,*,#1465,.F.);
#1107=ORIENTED_EDGE('',*,*,#1585,.T.);
#1108=ORIENTED_EDGE('',*,*,#1296,.F.);
#1109=ORIENTED_EDGE('',*,*,#1295,.F.);
#1110=ORIENTED_EDGE('',*,*,#1586,.F.);
#1111=ORIENTED_EDGE('',*,*,#1581,.F.);
#1112=ORIENTED_EDGE('',*,*,#1584,.T.);
#1113=ORIENTED_EDGE('',*,*,#1374,.F.);
#1114=ORIENTED_EDGE('',*,*,#1373,.T.);
#1115=ORIENTED_EDGE('',*,*,#1587,.T.);
#1116=ORIENTED_EDGE('',*,*,#1462,.F.);
#1117=ORIENTED_EDGE('',*,*,#1588,.T.);
#1118=ORIENTED_EDGE('',*,*,#1344,.F.);
#1119=ORIENTED_EDGE('',*,*,#1343,.F.);
#1120=ORIENTED_EDGE('',*,*,#1342,.T.);
#1121=ORIENTED_EDGE('',*,*,#1589,.T.);
#1122=ORIENTED_EDGE('',*,*,#1458,.F.);
#1123=ORIENTED_EDGE('',*,*,#1590,.T.);
#1124=ORIENTED_EDGE('',*,*,#1336,.F.);
#1125=ORIENTED_EDGE('',*,*,#1335,.F.);
#1126=ORIENTED_EDGE('',*,*,#1334,.T.);
#1127=ORIENTED_EDGE('',*,*,#1591,.T.);
#1128=ORIENTED_EDGE('',*,*,#1480,.F.);
#1129=ORIENTED_EDGE('',*,*,#1592,.T.);
#1130=ORIENTED_EDGE('',*,*,#1328,.F.);
#1131=ORIENTED_EDGE('',*,*,#1327,.F.);
#1132=ORIENTED_EDGE('',*,*,#1326,.T.);
#1133=ORIENTED_EDGE('',*,*,#1593,.T.);
#1134=ORIENTED_EDGE('',*,*,#1476,.F.);
#1135=ORIENTED_EDGE('',*,*,#1594,.T.);
#1136=ORIENTED_EDGE('',*,*,#1320,.F.);
#1137=ORIENTED_EDGE('',*,*,#1319,.F.);
#1138=ORIENTED_EDGE('',*,*,#1318,.T.);
#1139=ORIENTED_EDGE('',*,*,#1595,.T.);
#1140=ORIENTED_EDGE('',*,*,#1472,.F.);
#1141=ORIENTED_EDGE('',*,*,#1596,.T.);
#1142=ORIENTED_EDGE('',*,*,#1312,.F.);
#1143=ORIENTED_EDGE('',*,*,#1311,.F.);
#1144=ORIENTED_EDGE('',*,*,#1310,.T.);
#1145=ORIENTED_EDGE('',*,*,#1597,.T.);
#1146=ORIENTED_EDGE('',*,*,#1468,.F.);
#1147=ORIENTED_EDGE('',*,*,#1598,.T.);
#1148=ORIENTED_EDGE('',*,*,#1304,.F.);
#1149=ORIENTED_EDGE('',*,*,#1303,.F.);
#1150=ORIENTED_EDGE('',*,*,#1302,.T.);
#1151=ORIENTED_EDGE('',*,*,#1599,.T.);
#1152=ORIENTED_EDGE('',*,*,#1583,.T.);
#1153=ORIENTED_EDGE('',*,*,#1579,.F.);
#1154=ORIENTED_EDGE('',*,*,#1600,.F.);
#1155=ORIENTED_EDGE('',*,*,#1356,.F.);
#1156=ORIENTED_EDGE('',*,*,#1586,.T.);
#1157=ORIENTED_EDGE('',*,*,#1377,.F.);
#1158=ORIENTED_EDGE('',*,*,#1601,.F.);
#1159=ORIENTED_EDGE('',*,*,#1582,.F.);
#1160=ORIENTED_EDGE('',*,*,#1600,.T.);
#1161=ORIENTED_EDGE('',*,*,#1578,.F.);
#1162=ORIENTED_EDGE('',*,*,#1602,.F.);
#1163=ORIENTED_EDGE('',*,*,#1353,.F.);
#1164=ORIENTED_EDGE('',*,*,#1601,.T.);
#1165=ORIENTED_EDGE('',*,*,#1380,.F.);
#1166=ORIENTED_EDGE('',*,*,#1603,.F.);
#1167=ORIENTED_EDGE('',*,*,#1575,.F.);
#1168=ORIENTED_EDGE('',*,*,#1602,.T.);
#1169=ORIENTED_EDGE('',*,*,#1577,.F.);
#1170=ORIENTED_EDGE('',*,*,#1604,.F.);
#1171=ORIENTED_EDGE('',*,*,#1349,.F.);
#1172=ORIENTED_EDGE('',*,*,#1603,.T.);
#1173=ORIENTED_EDGE('',*,*,#1382,.F.);
#1174=ORIENTED_EDGE('',*,*,#1604,.T.);
#1175=ORIENTED_EDGE('',*,*,#1576,.F.);
#1176=ORIENTED_EDGE('',*,*,#1605,.T.);
#1177=ORIENTED_EDGE('',*,*,#1486,.F.);
#1178=ORIENTED_EDGE('',*,*,#1605,.F.);
#1179=ORIENTED_EDGE('',*,*,#1573,.T.);
#1180=ORIENTED_EDGE('',*,*,#1606,.T.);
#1181=ORIENTED_EDGE('',*,*,#1487,.F.);
#1182=ORIENTED_EDGE('',*,*,#1606,.F.);
#1183=ORIENTED_EDGE('',*,*,#1571,.T.);
#1184=ORIENTED_EDGE('',*,*,#1607,.T.);
#1185=ORIENTED_EDGE('',*,*,#1488,.F.);
#1186=ORIENTED_EDGE('',*,*,#1607,.F.);
#1187=ORIENTED_EDGE('',*,*,#1569,.T.);
#1188=ORIENTED_EDGE('',*,*,#1608,.T.);
#1189=ORIENTED_EDGE('',*,*,#1489,.F.);
#1190=ORIENTED_EDGE('',*,*,#1608,.F.);
#1191=ORIENTED_EDGE('',*,*,#1567,.T.);
#1192=ORIENTED_EDGE('',*,*,#1341,.F.);
#1193=ORIENTED_EDGE('',*,*,#1551,.F.);
#1194=ORIENTED_EDGE('',*,*,#1562,.F.);
#1195=ORIENTED_EDGE('',*,*,#1459,.F.);
#1196=ORIENTED_EDGE('',*,*,#1589,.F.);
#1197=ORIENTED_EDGE('',*,*,#1333,.F.);
#1198=ORIENTED_EDGE('',*,*,#1536,.F.);
#1199=ORIENTED_EDGE('',*,*,#1547,.F.);
#1200=ORIENTED_EDGE('',*,*,#1481,.F.);
#1201=ORIENTED_EDGE('',*,*,#1591,.F.);
#1202=ORIENTED_EDGE('',*,*,#1325,.F.);
#1203=ORIENTED_EDGE('',*,*,#1521,.F.);
#1204=ORIENTED_EDGE('',*,*,#1532,.F.);
#1205=ORIENTED_EDGE('',*,*,#1477,.F.);
#1206=ORIENTED_EDGE('',*,*,#1593,.F.);
#1207=ORIENTED_EDGE('',*,*,#1317,.F.);
#1208=ORIENTED_EDGE('',*,*,#1506,.F.);
#1209=ORIENTED_EDGE('',*,*,#1517,.F.);
#1210=ORIENTED_EDGE('',*,*,#1473,.F.);
#1211=ORIENTED_EDGE('',*,*,#1595,.F.);
#1212=ORIENTED_EDGE('',*,*,#1309,.F.);
#1213=ORIENTED_EDGE('',*,*,#1491,.F.);
#1214=ORIENTED_EDGE('',*,*,#1502,.F.);
#1215=ORIENTED_EDGE('',*,*,#1469,.F.);
#1216=ORIENTED_EDGE('',*,*,#1597,.F.);
#1217=ORIENTED_EDGE('',*,*,#1301,.F.);
#1218=ORIENTED_EDGE('',*,*,#1439,.F.);
#1219=ORIENTED_EDGE('',*,*,#1451,.F.);
#1220=ORIENTED_EDGE('',*,*,#1466,.F.);
#1221=ORIENTED_EDGE('',*,*,#1599,.F.);
#1222=ORIENTED_EDGE('',*,*,#1416,.F.);
#1223=ORIENTED_EDGE('',*,*,#1367,.F.);
#1224=ORIENTED_EDGE('',*,*,#1297,.F.);
#1225=ORIENTED_EDGE('',*,*,#1585,.F.);
#1226=ORIENTED_EDGE('',*,*,#1464,.F.);
#1227=ORIENTED_EDGE('',*,*,#1598,.F.);
#1228=ORIENTED_EDGE('',*,*,#1467,.F.);
#1229=ORIENTED_EDGE('',*,*,#1453,.F.);
#1230=ORIENTED_EDGE('',*,*,#1443,.F.);
#1231=ORIENTED_EDGE('',*,*,#1305,.F.);
#1232=ORIENTED_EDGE('',*,*,#1596,.F.);
#1233=ORIENTED_EDGE('',*,*,#1471,.F.);
#1234=ORIENTED_EDGE('',*,*,#1504,.F.);
#1235=ORIENTED_EDGE('',*,*,#1495,.F.);
#1236=ORIENTED_EDGE('',*,*,#1313,.F.);
#1237=ORIENTED_EDGE('',*,*,#1594,.F.);
#1238=ORIENTED_EDGE('',*,*,#1475,.F.);
#1239=ORIENTED_EDGE('',*,*,#1519,.F.);
#1240=ORIENTED_EDGE('',*,*,#1510,.F.);
#1241=ORIENTED_EDGE('',*,*,#1321,.F.);
#1242=ORIENTED_EDGE('',*,*,#1592,.F.);
#1243=ORIENTED_EDGE('',*,*,#1479,.F.);
#1244=ORIENTED_EDGE('',*,*,#1534,.F.);
#1245=ORIENTED_EDGE('',*,*,#1525,.F.);
#1246=ORIENTED_EDGE('',*,*,#1329,.F.);
#1247=ORIENTED_EDGE('',*,*,#1590,.F.);
#1248=ORIENTED_EDGE('',*,*,#1483,.F.);
#1249=ORIENTED_EDGE('',*,*,#1549,.F.);
#1250=ORIENTED_EDGE('',*,*,#1540,.F.);
#1251=ORIENTED_EDGE('',*,*,#1337,.F.);
#1252=ORIENTED_EDGE('',*,*,#1588,.F.);
#1253=ORIENTED_EDGE('',*,*,#1461,.F.);
#1254=ORIENTED_EDGE('',*,*,#1564,.F.);
#1255=ORIENTED_EDGE('',*,*,#1555,.F.);
#1256=ORIENTED_EDGE('',*,*,#1345,.F.);
#1257=ORIENTED_EDGE('',*,*,#1418,.F.);
#1258=ORIENTED_EDGE('',*,*,#1463,.F.);
#1259=ORIENTED_EDGE('',*,*,#1587,.F.);
#1260=ORIENTED_EDGE('',*,*,#1372,.F.);
#1261=ORIENTED_EDGE('',*,*,#1362,.F.);
#1262=EDGE_CURVE('',#1609,#1610,#1847,.F.);
#1263=EDGE_CURVE('',#1611,#1609,#1848,.T.);
#1264=EDGE_CURVE('',#1611,#1612,#1849,.T.);
#1265=EDGE_CURVE('',#1610,#1612,#1850,.T.);
#1266=EDGE_CURVE('',#1613,#1611,#1851,.T.);
#1267=EDGE_CURVE('',#1613,#1614,#1852,.F.);
#1268=EDGE_CURVE('',#1612,#1614,#1853,.T.);
#1269=EDGE_CURVE('',#1615,#1613,#1854,.T.);
#1270=EDGE_CURVE('',#1615,#1616,#1855,.T.);
#1271=EDGE_CURVE('',#1614,#1616,#1856,.T.);
#1272=EDGE_CURVE('',#1617,#1615,#1857,.T.);
#1273=EDGE_CURVE('',#1617,#1618,#1858,.T.);
#1274=EDGE_CURVE('',#1616,#1618,#1859,.T.);
#1275=EDGE_CURVE('',#1619,#1617,#1860,.T.);
#1276=EDGE_CURVE('',#1619,#1620,#1861,.F.);
#1277=EDGE_CURVE('',#1618,#1620,#1862,.T.);
#1278=EDGE_CURVE('',#1621,#1619,#1863,.T.);
#1279=EDGE_CURVE('',#1621,#1622,#1864,.T.);
#1280=EDGE_CURVE('',#1620,#1622,#1865,.T.);
#1281=EDGE_CURVE('',#1609,#1621,#1866,.T.);
#1282=EDGE_CURVE('',#1622,#1610,#1867,.T.);
#1283=EDGE_CURVE('',#1612,#1623,#1868,.T.);
#1284=EDGE_CURVE('',#1624,#1614,#1869,.T.);
#1285=EDGE_CURVE('',#1624,#1623,#1870,.F.);
#1286=EDGE_CURVE('',#1618,#1625,#1871,.T.);
#1287=EDGE_CURVE('',#1626,#1620,#1872,.T.);
#1288=EDGE_CURVE('',#1626,#1625,#1873,.F.);
#1289=EDGE_CURVE('',#1622,#1627,#1874,.T.);
#1290=EDGE_CURVE('',#1628,#1610,#1875,.T.);
#1291=EDGE_CURVE('',#1628,#1627,#1876,.F.);
#1292=EDGE_CURVE('',#1629,#1629,#1877,.T.);
#1293=EDGE_CURVE('',#1630,#1630,#1878,.T.);
#1294=EDGE_CURVE('',#1631,#1632,#119,.T.);
#1295=EDGE_CURVE('',#1632,#1633,#1879,.T.);
#1296=EDGE_CURVE('',#1633,#1634,#1880,.F.);
#1297=EDGE_CURVE('',#1634,#1635,#52,.T.);
#1298=EDGE_CURVE('',#1636,#1635,#120,.T.);
#1299=EDGE_CURVE('',#1631,#1636,#121,.T.);
#1300=EDGE_CURVE('',#1637,#1638,#122,.T.);
#1301=EDGE_CURVE('',#1638,#1639,#53,.T.);
#1302=EDGE_CURVE('',#1640,#1639,#123,.F.);
#1303=EDGE_CURVE('',#1640,#1641,#1881,.T.);
#1304=EDGE_CURVE('',#1641,#1642,#1882,.F.);
#1305=EDGE_CURVE('',#1642,#1643,#54,.T.);
#1306=EDGE_CURVE('',#1644,#1643,#124,.T.);
#1307=EDGE_CURVE('',#1637,#1644,#125,.T.);
#1308=EDGE_CURVE('',#1645,#1646,#126,.T.);
#1309=EDGE_CURVE('',#1646,#1647,#55,.T.);
#1310=EDGE_CURVE('',#1648,#1647,#127,.F.);
#1311=EDGE_CURVE('',#1648,#1649,#1883,.T.);
#1312=EDGE_CURVE('',#1649,#1650,#1884,.F.);
#1313=EDGE_CURVE('',#1650,#1651,#56,.T.);
#1314=EDGE_CURVE('',#1652,#1651,#128,.T.);
#1315=EDGE_CURVE('',#1645,#1652,#129,.T.);
#1316=EDGE_CURVE('',#1653,#1654,#130,.T.);
#1317=EDGE_CURVE('',#1654,#1655,#57,.T.);
#1318=EDGE_CURVE('',#1656,#1655,#131,.F.);
#1319=EDGE_CURVE('',#1656,#1657,#1885,.T.);
#1320=EDGE_CURVE('',#1657,#1658,#1886,.F.);
#1321=EDGE_CURVE('',#1658,#1659,#58,.T.);
#1322=EDGE_CURVE('',#1660,#1659,#132,.T.);
#1323=EDGE_CURVE('',#1653,#1660,#133,.T.);
#1324=EDGE_CURVE('',#1661,#1662,#134,.T.);
#1325=EDGE_CURVE('',#1662,#1663,#59,.T.);
#1326=EDGE_CURVE('',#1664,#1663,#135,.F.);
#1327=EDGE_CURVE('',#1664,#1665,#1887,.T.);
#1328=EDGE_CURVE('',#1665,#1666,#1888,.F.);
#1329=EDGE_CURVE('',#1666,#1667,#60,.T.);
#1330=EDGE_CURVE('',#1668,#1667,#136,.T.);
#1331=EDGE_CURVE('',#1661,#1668,#137,.T.);
#1332=EDGE_CURVE('',#1669,#1670,#138,.T.);
#1333=EDGE_CURVE('',#1670,#1671,#61,.T.);
#1334=EDGE_CURVE('',#1672,#1671,#139,.F.);
#1335=EDGE_CURVE('',#1672,#1673,#1889,.T.);
#1336=EDGE_CURVE('',#1673,#1674,#1890,.F.);
#1337=EDGE_CURVE('',#1674,#1675,#62,.T.);
#1338=EDGE_CURVE('',#1676,#1675,#140,.T.);
#1339=EDGE_CURVE('',#1669,#1676,#141,.T.);
#1340=EDGE_CURVE('',#1677,#1678,#142,.T.);
#1341=EDGE_CURVE('',#1678,#1679,#63,.T.);
#1342=EDGE_CURVE('',#1680,#1679,#143,.F.);
#1343=EDGE_CURVE('',#1680,#1681,#1891,.T.);
#1344=EDGE_CURVE('',#1681,#1682,#1892,.F.);
#1345=EDGE_CURVE('',#1682,#1683,#64,.T.);
#1346=EDGE_CURVE('',#1684,#1683,#144,.T.);
#1347=EDGE_CURVE('',#1677,#1684,#145,.T.);
#1348=EDGE_CURVE('',#1685,#1686,#146,.T.);
#1349=EDGE_CURVE('',#1686,#1687,#1893,.T.);
#1350=EDGE_CURVE('',#1688,#1687,#147,.T.);
#1351=EDGE_CURVE('',#1688,#1685,#148,.T.);
#1352=EDGE_CURVE('',#1689,#1690,#149,.T.);
#1353=EDGE_CURVE('',#1690,#1686,#1894,.T.);
#1354=EDGE_CURVE('',#1685,#1689,#65,.T.);
#1355=EDGE_CURVE('',#1691,#1692,#150,.T.);
#1356=EDGE_CURVE('',#1692,#1690,#1895,.T.);
#1357=EDGE_CURVE('',#1691,#1689,#151,.T.);
#1358=EDGE_CURVE('',#1693,#1694,#152,.T.);
#1359=EDGE_CURVE('',#1694,#1692,#1896,.T.);
#1360=EDGE_CURVE('',#1691,#1693,#66,.T.);
#1361=EDGE_CURVE('',#1695,#1696,#153,.T.);
#1362=EDGE_CURVE('',#1696,#1697,#154,.T.);
#1363=EDGE_CURVE('',#1698,#1697,#155,.T.);
#1364=EDGE_CURVE('',#1699,#1698,#156,.T.);
#1365=EDGE_CURVE('',#1700,#1699,#157,.T.);
#1366=EDGE_CURVE('',#1700,#1695,#158,.T.);
#1367=EDGE_CURVE('',#1635,#1701,#159,.F.);
#1368=EDGE_CURVE('',#1702,#1701,#160,.T.);
#1369=EDGE_CURVE('',#1703,#1702,#161,.T.);
#1370=EDGE_CURVE('',#1703,#1704,#162,.T.);
#1371=EDGE_CURVE('',#1704,#1636,#163,.T.);
#1372=EDGE_CURVE('',#1697,#1705,#67,.T.);
#1373=EDGE_CURVE('',#1706,#1705,#164,.F.);
#1374=EDGE_CURVE('',#1706,#1694,#1897,.T.);
#1375=EDGE_CURVE('',#1698,#1693,#165,.T.);
#1376=EDGE_CURVE('',#1707,#1708,#166,.T.);
#1377=EDGE_CURVE('',#1708,#1632,#1898,.T.);
#1378=EDGE_CURVE('',#1631,#1707,#68,.T.);
#1379=EDGE_CURVE('',#1709,#1710,#167,.T.);
#1380=EDGE_CURVE('',#1710,#1708,#1899,.T.);
#1381=EDGE_CURVE('',#1707,#1709,#168,.T.);
#1382=EDGE_CURVE('',#1687,#1710,#1900,.T.);
#1383=EDGE_CURVE('',#1709,#1688,#69,.T.);
#1384=EDGE_CURVE('',#1711,#1704,#169,.T.);
#1385=EDGE_CURVE('',#1711,#1712,#70,.T.);
#1386=EDGE_CURVE('',#1712,#1713,#170,.T.);
#1387=EDGE_CURVE('',#1713,#1714,#71,.T.);
#1388=EDGE_CURVE('',#1714,#1715,#171,.T.);
#1389=EDGE_CURVE('',#1715,#1716,#72,.T.);
#1390=EDGE_CURVE('',#1717,#1716,#172,.T.);
#1391=EDGE_CURVE('',#1717,#1718,#73,.T.);
#1392=EDGE_CURVE('',#1699,#1718,#173,.T.);
#1393=EDGE_CURVE('',#1719,#1711,#174,.T.);
#1394=EDGE_CURVE('',#1719,#1703,#175,.T.);
#1395=EDGE_CURVE('',#1720,#1712,#176,.T.);
#1396=EDGE_CURVE('',#1720,#1721,#177,.T.);
#1397=EDGE_CURVE('',#1721,#1713,#178,.T.);
#1398=EDGE_CURVE('',#1722,#1714,#179,.T.);
#1399=EDGE_CURVE('',#1722,#1723,#180,.T.);
#1400=EDGE_CURVE('',#1723,#1715,#181,.T.);
#1401=EDGE_CURVE('',#1724,#1717,#182,.T.);
#1402=EDGE_CURVE('',#1725,#1716,#183,.T.);
#1403=EDGE_CURVE('',#1724,#1725,#184,.T.);
#1404=EDGE_CURVE('',#1726,#1718,#185,.T.);
#1405=EDGE_CURVE('',#1700,#1726,#186,.T.);
#1406=EDGE_CURVE('',#1719,#1720,#74,.T.);
#1407=EDGE_CURVE('',#1721,#1722,#75,.T.);
#1408=EDGE_CURVE('',#1723,#1725,#76,.T.);
#1409=EDGE_CURVE('',#1724,#1726,#77,.T.);
#1410=EDGE_CURVE('',#1727,#1728,#78,.T.);
#1411=EDGE_CURVE('',#1729,#1728,#187,.T.);
#1412=EDGE_CURVE('',#1730,#1729,#79,.T.);
#1413=EDGE_CURVE('',#1730,#1727,#188,.T.);
#1414=EDGE_CURVE('',#1727,#1731,#189,.T.);
#1415=EDGE_CURVE('',#1730,#1702,#190,.T.);
#1416=EDGE_CURVE('',#1701,#1731,#80,.F.);
#1417=EDGE_CURVE('',#1732,#1733,#191,.T.);
#1418=EDGE_CURVE('',#1732,#1696,#81,.F.);
#1419=EDGE_CURVE('',#1695,#1734,#192,.T.);
#1420=EDGE_CURVE('',#1734,#1733,#193,.T.);
#1421=EDGE_CURVE('',#1735,#1733,#82,.T.);
#1422=EDGE_CURVE('',#1736,#1734,#83,.T.);
#1423=EDGE_CURVE('',#1736,#1735,#194,.T.);
#1424=EDGE_CURVE('',#1735,#1737,#195,.T.);
#1425=EDGE_CURVE('',#1736,#1738,#196,.T.);
#1426=EDGE_CURVE('',#1738,#1737,#197,.T.);
#1427=EDGE_CURVE('',#1739,#1737,#84,.T.);
#1428=EDGE_CURVE('',#1740,#1738,#85,.T.);
#1429=EDGE_CURVE('',#1740,#1739,#198,.T.);
#1430=EDGE_CURVE('',#1741,#1739,#199,.T.);
#1431=EDGE_CURVE('',#1742,#1740,#200,.T.);
#1432=EDGE_CURVE('',#1742,#1741,#201,.T.);
#1433=EDGE_CURVE('',#1743,#1741,#86,.T.);
#1434=EDGE_CURVE('',#1744,#1742,#87,.T.);
#1435=EDGE_CURVE('',#1744,#1743,#202,.T.);
#1436=EDGE_CURVE('',#1728,#1743,#203,.T.);
#1437=EDGE_CURVE('',#1729,#1744,#204,.T.);
#1438=EDGE_CURVE('',#1745,#1746,#205,.T.);
#1439=EDGE_CURVE('',#1746,#1638,#206,.F.);
#1440=EDGE_CURVE('',#1637,#1747,#207,.T.);
#1441=EDGE_CURVE('',#1748,#1747,#208,.T.);
#1442=EDGE_CURVE('',#1748,#1745,#209,.T.);
#1443=EDGE_CURVE('',#1643,#1749,#210,.T.);
#1444=EDGE_CURVE('',#1750,#1749,#211,.T.);
#1445=EDGE_CURVE('',#1751,#1750,#212,.T.);
#1446=EDGE_CURVE('',#1751,#1752,#213,.T.);
#1447=EDGE_CURVE('',#1644,#1752,#214,.T.);
#1448=EDGE_CURVE('',#1747,#1752,#215,.T.);
#1449=EDGE_CURVE('',#1748,#1751,#216,.T.);
#1450=EDGE_CURVE('',#1753,#1754,#217,.T.);
#1451=EDGE_CURVE('',#1753,#1746,#88,.F.);
#1452=EDGE_CURVE('',#1745,#1750,#218,.T.);
#1453=EDGE_CURVE('',#1749,#1754,#89,.F.);
#1454=EDGE_CURVE('',#1626,#1627,#219,.T.);
#1455=EDGE_CURVE('',#1623,#1628,#220,.T.);
#1456=EDGE_CURVE('',#1755,#1624,#221,.T.);
#1457=EDGE_CURVE('',#1755,#1625,#222,.T.);
#1458=EDGE_CURVE('',#1756,#1757,#1901,.T.);
#1459=EDGE_CURVE('',#1757,#1758,#223,.T.);
#1460=EDGE_CURVE('',#1758,#1759,#224,.T.);
#1461=EDGE_CURVE('',#1759,#1760,#225,.F.);
#1462=EDGE_CURVE('',#1760,#1761,#1902,.T.);
#1463=EDGE_CURVE('',#1761,#1732,#226,.F.);
#1464=EDGE_CURVE('',#1731,#1762,#227,.T.);
#1465=EDGE_CURVE('',#1762,#1763,#1903,.T.);
#1466=EDGE_CURVE('',#1763,#1753,#228,.T.);
#1467=EDGE_CURVE('',#1754,#1764,#229,.F.);
#1468=EDGE_CURVE('',#1764,#1765,#1904,.T.);
#1469=EDGE_CURVE('',#1765,#1766,#230,.T.);
#1470=EDGE_CURVE('',#1766,#1767,#231,.T.);
#1471=EDGE_CURVE('',#1767,#1768,#232,.F.);
#1472=EDGE_CURVE('',#1768,#1769,#1905,.T.);
#1473=EDGE_CURVE('',#1769,#1770,#233,.T.);
#1474=EDGE_CURVE('',#1770,#1771,#234,.T.);
#1475=EDGE_CURVE('',#1771,#1772,#235,.F.);
#1476=EDGE_CURVE('',#1772,#1773,#1906,.T.);
#1477=EDGE_CURVE('',#1773,#1774,#236,.T.);
#1478=EDGE_CURVE('',#1774,#1775,#237,.T.);
#1479=EDGE_CURVE('',#1775,#1776,#238,.F.);
#1480=EDGE_CURVE('',#1776,#1777,#1907,.T.);
#1481=EDGE_CURVE('',#1777,#1778,#239,.T.);
#1482=EDGE_CURVE('',#1778,#1779,#240,.T.);
#1483=EDGE_CURVE('',#1779,#1756,#241,.F.);
#1484=EDGE_CURVE('',#1780,#1780,#90,.T.);
#1485=EDGE_CURVE('',#1781,#1781,#91,.T.);
#1486=EDGE_CURVE('',#1782,#1782,#92,.T.);
#1487=EDGE_CURVE('',#1783,#1783,#93,.T.);
#1488=EDGE_CURVE('',#1784,#1784,#94,.T.);
#1489=EDGE_CURVE('',#1785,#1785,#95,.T.);
#1490=EDGE_CURVE('',#1786,#1787,#242,.T.);
#1491=EDGE_CURVE('',#1787,#1646,#243,.F.);
#1492=EDGE_CURVE('',#1645,#1788,#244,.T.);
#1493=EDGE_CURVE('',#1789,#1788,#245,.T.);
#1494=EDGE_CURVE('',#1789,#1786,#246,.T.);
#1495=EDGE_CURVE('',#1651,#1790,#247,.T.);
#1496=EDGE_CURVE('',#1791,#1790,#248,.T.);
#1497=EDGE_CURVE('',#1792,#1791,#249,.T.);
#1498=EDGE_CURVE('',#1792,#1793,#250,.T.);
#1499=EDGE_CURVE('',#1652,#1793,#251,.T.);
#1500=EDGE_CURVE('',#1788,#1793,#252,.T.);
#1501=EDGE_CURVE('',#1789,#1792,#253,.T.);
#1502=EDGE_CURVE('',#1766,#1787,#96,.F.);
#1503=EDGE_CURVE('',#1786,#1791,#254,.T.);
#1504=EDGE_CURVE('',#1790,#1767,#97,.F.);
#1505=EDGE_CURVE('',#1794,#1795,#255,.T.);
#1506=EDGE_CURVE('',#1795,#1654,#256,.F.);
#1507=EDGE_CURVE('',#1653,#1796,#257,.T.);
#1508=EDGE_CURVE('',#1797,#1796,#258,.T.);
#1509=EDGE_CURVE('',#1797,#1794,#259,.T.);
#1510=EDGE_CURVE('',#1659,#1798,#260,.T.);
#1511=EDGE_CURVE('',#1799,#1798,#261,.T.);
#1512=EDGE_CURVE('',#1800,#1799,#262,.T.);
#1513=EDGE_CURVE('',#1800,#1801,#263,.T.);
#1514=EDGE_CURVE('',#1660,#1801,#264,.T.);
#1515=EDGE_CURVE('',#1796,#1801,#265,.T.);
#1516=EDGE_CURVE('',#1797,#1800,#266,.T.);
#1517=EDGE_CURVE('',#1770,#1795,#98,.F.);
#1518=EDGE_CURVE('',#1794,#1799,#267,.T.);
#1519=EDGE_CURVE('',#1798,#1771,#99,.F.);
#1520=EDGE_CURVE('',#1802,#1803,#268,.T.);
#1521=EDGE_CURVE('',#1803,#1662,#269,.F.);
#1522=EDGE_CURVE('',#1661,#1804,#270,.T.);
#1523=EDGE_CURVE('',#1805,#1804,#271,.T.);
#1524=EDGE_CURVE('',#1805,#1802,#272,.T.);
#1525=EDGE_CURVE('',#1667,#1806,#273,.T.);
#1526=EDGE_CURVE('',#1807,#1806,#274,.T.);
#1527=EDGE_CURVE('',#1808,#1807,#275,.T.);
#1528=EDGE_CURVE('',#1808,#1809,#276,.T.);
#1529=EDGE_CURVE('',#1668,#1809,#277,.T.);
#1530=EDGE_CURVE('',#1804,#1809,#278,.T.);
#1531=EDGE_CURVE('',#1805,#1808,#279,.T.);
#1532=EDGE_CURVE('',#1774,#1803,#100,.F.);
#1533=EDGE_CURVE('',#1802,#1807,#280,.T.);
#1534=EDGE_CURVE('',#1806,#1775,#101,.F.);
#1535=EDGE_CURVE('',#1810,#1811,#281,.T.);
#1536=EDGE_CURVE('',#1811,#1670,#282,.F.);
#1537=EDGE_CURVE('',#1669,#1812,#283,.T.);
#1538=EDGE_CURVE('',#1813,#1812,#284,.T.);
#1539=EDGE_CURVE('',#1813,#1810,#285,.T.);
#1540=EDGE_CURVE('',#1675,#1814,#286,.T.);
#1541=EDGE_CURVE('',#1815,#1814,#287,.T.);
#1542=EDGE_CURVE('',#1816,#1815,#288,.T.);
#1543=EDGE_CURVE('',#1816,#1817,#289,.T.);
#1544=EDGE_CURVE('',#1676,#1817,#290,.T.);
#1545=EDGE_CURVE('',#1812,#1817,#291,.T.);
#1546=EDGE_CURVE('',#1813,#1816,#292,.T.);
#1547=EDGE_CURVE('',#1778,#1811,#102,.F.);
#1548=EDGE_CURVE('',#1810,#1815,#293,.T.);
#1549=EDGE_CURVE('',#1814,#1779,#103,.F.);
#1550=EDGE_CURVE('',#1818,#1819,#294,.T.);
#1551=EDGE_CURVE('',#1819,#1678,#295,.F.);
#1552=EDGE_CURVE('',#1677,#1820,#296,.T.);
#1553=EDGE_CURVE('',#1821,#1820,#297,.T.);
#1554=EDGE_CURVE('',#1821,#1818,#298,.T.);
#1555=EDGE_CURVE('',#1683,#1822,#299,.T.);
#1556=EDGE_CURVE('',#1823,#1822,#300,.T.);
#1557=EDGE_CURVE('',#1824,#1823,#301,.T.);
#1558=EDGE_CURVE('',#1824,#1825,#302,.T.);
#1559=EDGE_CURVE('',#1684,#1825,#303,.T.);
#1560=EDGE_CURVE('',#1820,#1825,#304,.T.);
#1561=EDGE_CURVE('',#1821,#1824,#305,.T.);
#1562=EDGE_CURVE('',#1758,#1819,#104,.F.);
#1563=EDGE_CURVE('',#1818,#1823,#306,.T.);
#1564=EDGE_CURVE('',#1822,#1759,#105,.F.);
#1565=EDGE_CURVE('',#1616,#1755,#307,.T.);
#1566=EDGE_CURVE('',#1826,#1826,#106,.T.);
#1567=EDGE_CURVE('',#1827,#1827,#107,.T.);
#1568=EDGE_CURVE('',#1828,#1828,#108,.T.);
#1569=EDGE_CURVE('',#1829,#1829,#109,.T.);
#1570=EDGE_CURVE('',#1830,#1830,#110,.T.);
#1571=EDGE_CURVE('',#1831,#1831,#111,.T.);
#1572=EDGE_CURVE('',#1832,#1832,#112,.T.);
#1573=EDGE_CURVE('',#1833,#1833,#113,.T.);
#1574=EDGE_CURVE('',#1834,#1834,#114,.T.);
#1575=EDGE_CURVE('',#1835,#1836,#1908,.T.);
#1576=EDGE_CURVE('',#1836,#1837,#1909,.T.);
#1577=EDGE_CURVE('',#1837,#1838,#1910,.T.);
#1578=EDGE_CURVE('',#1838,#1839,#1911,.T.);
#1579=EDGE_CURVE('',#1839,#1840,#1912,.T.);
#1580=EDGE_CURVE('',#1840,#1841,#1913,.T.);
#1581=EDGE_CURVE('',#1841,#1842,#1914,.T.);
#1582=EDGE_CURVE('',#1842,#1835,#1915,.T.);
#1583=EDGE_CURVE('',#1692,#1840,#1916,.T.);
#1584=EDGE_CURVE('',#1841,#1694,#1917,.T.);
#1585=EDGE_CURVE('',#1762,#1634,#1918,.T.);
#1586=EDGE_CURVE('',#1842,#1632,#1919,.F.);
#1587=EDGE_CURVE('',#1705,#1761,#1920,.T.);
#1588=EDGE_CURVE('',#1760,#1682,#1921,.T.);
#1589=EDGE_CURVE('',#1679,#1757,#1922,.T.);
#1590=EDGE_CURVE('',#1756,#1674,#1923,.T.);
#1591=EDGE_CURVE('',#1671,#1777,#1924,.T.);
#1592=EDGE_CURVE('',#1776,#1666,#1925,.T.);
#1593=EDGE_CURVE('',#1663,#1773,#1926,.T.);
#1594=EDGE_CURVE('',#1772,#1658,#1927,.T.);
#1595=EDGE_CURVE('',#1655,#1769,#1928,.T.);
#1596=EDGE_CURVE('',#1768,#1650,#1929,.T.);
#1597=EDGE_CURVE('',#1647,#1765,#1930,.T.);
#1598=EDGE_CURVE('',#1764,#1642,#1931,.T.);
#1599=EDGE_CURVE('',#1639,#1763,#1932,.T.);
#1600=EDGE_CURVE('',#1690,#1839,#1933,.F.);
#1601=EDGE_CURVE('',#1835,#1708,#1934,.T.);
#1602=EDGE_CURVE('',#1686,#1838,#1935,.T.);
#1603=EDGE_CURVE('',#1836,#1710,#1936,.F.);
#1604=EDGE_CURVE('',#1687,#1837,#1937,.F.);
#1605=EDGE_CURVE('',#1843,#1843,#115,.T.);
#1606=EDGE_CURVE('',#1844,#1844,#116,.T.);
#1607=EDGE_CURVE('',#1845,#1845,#117,.T.);
#1608=EDGE_CURVE('',#1846,#1846,#118,.T.);
#1609=VERTEX_POINT('',#3141);
#1610=VERTEX_POINT('',#3142);
#1611=VERTEX_POINT('',#3147);
#1612=VERTEX_POINT('',#3155);
#1613=VERTEX_POINT('',#3478);
#1614=VERTEX_POINT('',#3486);
#1615=VERTEX_POINT('',#3514);
#1616=VERTEX_POINT('',#3522);
#1617=VERTEX_POINT('',#3547);
#1618=VERTEX_POINT('',#3555);
#1619=VERTEX_POINT('',#3878);
#1620=VERTEX_POINT('',#3886);
#1621=VERTEX_POINT('',#3914);
#1622=VERTEX_POINT('',#3922);
#1623=VERTEX_POINT('',#4272);
#1624=VERTEX_POINT('',#4277);
#1625=VERTEX_POINT('',#4305);
#1626=VERTEX_POINT('',#4310);
#1627=VERTEX_POINT('',#4338);
#1628=VERTEX_POINT('',#4343);
#1629=VERTEX_POINT('',#4495);
#1630=VERTEX_POINT('',#4515);
#1631=VERTEX_POINT('',#4518);
#1632=VERTEX_POINT('',#4519);
#1633=VERTEX_POINT('',#4524);
#1634=VERTEX_POINT('',#4535);
#1635=VERTEX_POINT('',#4537);
#1636=VERTEX_POINT('',#4539);
#1637=VERTEX_POINT('',#4543);
#1638=VERTEX_POINT('',#4544);
#1639=VERTEX_POINT('',#4546);
#1640=VERTEX_POINT('',#4548);
#1641=VERTEX_POINT('',#4553);
#1642=VERTEX_POINT('',#4564);
#1643=VERTEX_POINT('',#4566);
#1644=VERTEX_POINT('',#4568);
#1645=VERTEX_POINT('',#4572);
#1646=VERTEX_POINT('',#4573);
#1647=VERTEX_POINT('',#4575);
#1648=VERTEX_POINT('',#4577);
#1649=VERTEX_POINT('',#4582);
#1650=VERTEX_POINT('',#4593);
#1651=VERTEX_POINT('',#4595);
#1652=VERTEX_POINT('',#4597);
#1653=VERTEX_POINT('',#4601);
#1654=VERTEX_POINT('',#4602);
#1655=VERTEX_POINT('',#4604);
#1656=VERTEX_POINT('',#4606);
#1657=VERTEX_POINT('',#4611);
#1658=VERTEX_POINT('',#4622);
#1659=VERTEX_POINT('',#4624);
#1660=VERTEX_POINT('',#4626);
#1661=VERTEX_POINT('',#4630);
#1662=VERTEX_POINT('',#4631);
#1663=VERTEX_POINT('',#4633);
#1664=VERTEX_POINT('',#4635);
#1665=VERTEX_POINT('',#4640);
#1666=VERTEX_POINT('',#4651);
#1667=VERTEX_POINT('',#4653);
#1668=VERTEX_POINT('',#4655);
#1669=VERTEX_POINT('',#4659);
#1670=VERTEX_POINT('',#4660);
#1671=VERTEX_POINT('',#4662);
#1672=VERTEX_POINT('',#4664);
#1673=VERTEX_POINT('',#4669);
#1674=VERTEX_POINT('',#4680);
#1675=VERTEX_POINT('',#4682);
#1676=VERTEX_POINT('',#4684);
#1677=VERTEX_POINT('',#4688);
#1678=VERTEX_POINT('',#4689);
#1679=VERTEX_POINT('',#4691);
#1680=VERTEX_POINT('',#4693);
#1681=VERTEX_POINT('',#4698);
#1682=VERTEX_POINT('',#4709);
#1683=VERTEX_POINT('',#4711);
#1684=VERTEX_POINT('',#4713);
#1685=VERTEX_POINT('',#4717);
#1686=VERTEX_POINT('',#4718);
#1687=VERTEX_POINT('',#4723);
#1688=VERTEX_POINT('',#4725);
#1689=VERTEX_POINT('',#4729);
#1690=VERTEX_POINT('',#4730);
#1691=VERTEX_POINT('',#4739);
#1692=VERTEX_POINT('',#4740);
#1693=VERTEX_POINT('',#4748);
#1694=VERTEX_POINT('',#4749);
#1695=VERTEX_POINT('',#4758);
#1696=VERTEX_POINT('',#4759);
#1697=VERTEX_POINT('',#4761);
#1698=VERTEX_POINT('',#4763);
#1699=VERTEX_POINT('',#4765);
#1700=VERTEX_POINT('',#4767);
#1701=VERTEX_POINT('',#4771);
#1702=VERTEX_POINT('',#4773);
#1703=VERTEX_POINT('',#4775);
#1704=VERTEX_POINT('',#4777);
#1705=VERTEX_POINT('',#4781);
#1706=VERTEX_POINT('',#4783);
#1707=VERTEX_POINT('',#4791);
#1708=VERTEX_POINT('',#4792);
#1709=VERTEX_POINT('',#4801);
#1710=VERTEX_POINT('',#4802);
#1711=VERTEX_POINT('',#4817);
#1712=VERTEX_POINT('',#4819);
#1713=VERTEX_POINT('',#4821);
#1714=VERTEX_POINT('',#4823);
#1715=VERTEX_POINT('',#4825);
#1716=VERTEX_POINT('',#4827);
#1717=VERTEX_POINT('',#4829);
#1718=VERTEX_POINT('',#4831);
#1719=VERTEX_POINT('',#4835);
#1720=VERTEX_POINT('',#4839);
#1721=VERTEX_POINT('',#4841);
#1722=VERTEX_POINT('',#4845);
#1723=VERTEX_POINT('',#4847);
#1724=VERTEX_POINT('',#4851);
#1725=VERTEX_POINT('',#4853);
#1726=VERTEX_POINT('',#4857);
#1727=VERTEX_POINT('',#4869);
#1728=VERTEX_POINT('',#4870);
#1729=VERTEX_POINT('',#4872);
#1730=VERTEX_POINT('',#4874);
#1731=VERTEX_POINT('',#4878);
#1732=VERTEX_POINT('',#4883);
#1733=VERTEX_POINT('',#4884);
#1734=VERTEX_POINT('',#4887);
#1735=VERTEX_POINT('',#4891);
#1736=VERTEX_POINT('',#4893);
#1737=VERTEX_POINT('',#4897);
#1738=VERTEX_POINT('',#4899);
#1739=VERTEX_POINT('',#4903);
#1740=VERTEX_POINT('',#4905);
#1741=VERTEX_POINT('',#4909);
#1742=VERTEX_POINT('',#4911);
#1743=VERTEX_POINT('',#4915);
#1744=VERTEX_POINT('',#4917);
#1745=VERTEX_POINT('',#4925);
#1746=VERTEX_POINT('',#4926);
#1747=VERTEX_POINT('',#4929);
#1748=VERTEX_POINT('',#4931);
#1749=VERTEX_POINT('',#4935);
#1750=VERTEX_POINT('',#4937);
#1751=VERTEX_POINT('',#4939);
#1752=VERTEX_POINT('',#4941);
#1753=VERTEX_POINT('',#4949);
#1754=VERTEX_POINT('',#4950);
#1755=VERTEX_POINT('',#4959);
#1756=VERTEX_POINT('',#4965);
#1757=VERTEX_POINT('',#4966);
#1758=VERTEX_POINT('',#4968);
#1759=VERTEX_POINT('',#4970);
#1760=VERTEX_POINT('',#4972);
#1761=VERTEX_POINT('',#4977);
#1762=VERTEX_POINT('',#4980);
#1763=VERTEX_POINT('',#4985);
#1764=VERTEX_POINT('',#4988);
#1765=VERTEX_POINT('',#4993);
#1766=VERTEX_POINT('',#4995);
#1767=VERTEX_POINT('',#4997);
#1768=VERTEX_POINT('',#4999);
#1769=VERTEX_POINT('',#5004);
#1770=VERTEX_POINT('',#5006);
#1771=VERTEX_POINT('',#5008);
#1772=VERTEX_POINT('',#5010);
#1773=VERTEX_POINT('',#5015);
#1774=VERTEX_POINT('',#5017);
#1775=VERTEX_POINT('',#5019);
#1776=VERTEX_POINT('',#5021);
#1777=VERTEX_POINT('',#5026);
#1778=VERTEX_POINT('',#5028);
#1779=VERTEX_POINT('',#5030);
#1780=VERTEX_POINT('',#5033);
#1781=VERTEX_POINT('',#5035);
#1782=VERTEX_POINT('',#5037);
#1783=VERTEX_POINT('',#5039);
#1784=VERTEX_POINT('',#5041);
#1785=VERTEX_POINT('',#5043);
#1786=VERTEX_POINT('',#5046);
#1787=VERTEX_POINT('',#5047);
#1788=VERTEX_POINT('',#5050);
#1789=VERTEX_POINT('',#5052);
#1790=VERTEX_POINT('',#5056);
#1791=VERTEX_POINT('',#5058);
#1792=VERTEX_POINT('',#5060);
#1793=VERTEX_POINT('',#5062);
#1794=VERTEX_POINT('',#5075);
#1795=VERTEX_POINT('',#5076);
#1796=VERTEX_POINT('',#5079);
#1797=VERTEX_POINT('',#5081);
#1798=VERTEX_POINT('',#5085);
#1799=VERTEX_POINT('',#5087);
#1800=VERTEX_POINT('',#5089);
#1801=VERTEX_POINT('',#5091);
#1802=VERTEX_POINT('',#5104);
#1803=VERTEX_POINT('',#5105);
#1804=VERTEX_POINT('',#5108);
#1805=VERTEX_POINT('',#5110);
#1806=VERTEX_POINT('',#5114);
#1807=VERTEX_POINT('',#5116);
#1808=VERTEX_POINT('',#5118);
#1809=VERTEX_POINT('',#5120);
#1810=VERTEX_POINT('',#5133);
#1811=VERTEX_POINT('',#5134);
#1812=VERTEX_POINT('',#5137);
#1813=VERTEX_POINT('',#5139);
#1814=VERTEX_POINT('',#5143);
#1815=VERTEX_POINT('',#5145);
#1816=VERTEX_POINT('',#5147);
#1817=VERTEX_POINT('',#5149);
#1818=VERTEX_POINT('',#5162);
#1819=VERTEX_POINT('',#5163);
#1820=VERTEX_POINT('',#5166);
#1821=VERTEX_POINT('',#5168);
#1822=VERTEX_POINT('',#5172);
#1823=VERTEX_POINT('',#5174);
#1824=VERTEX_POINT('',#5176);
#1825=VERTEX_POINT('',#5178);
#1826=VERTEX_POINT('',#5196);
#1827=VERTEX_POINT('',#5200);
#1828=VERTEX_POINT('',#5202);
#1829=VERTEX_POINT('',#5205);
#1830=VERTEX_POINT('',#5207);
#1831=VERTEX_POINT('',#5210);
#1832=VERTEX_POINT('',#5212);
#1833=VERTEX_POINT('',#5215);
#1834=VERTEX_POINT('',#5217);
#1835=VERTEX_POINT('',#5223);
#1836=VERTEX_POINT('',#5224);
#1837=VERTEX_POINT('',#5230);
#1838=VERTEX_POINT('',#5235);
#1839=VERTEX_POINT('',#5241);
#1840=VERTEX_POINT('',#5246);
#1841=VERTEX_POINT('',#5252);
#1842=VERTEX_POINT('',#5257);
#1843=VERTEX_POINT('',#5649);
#1844=VERTEX_POINT('',#5653);
#1845=VERTEX_POINT('',#5657);
#1846=VERTEX_POINT('',#5661);
#1847=B_SPLINE_CURVE_WITH_KNOTS('',3,(#3134,#3135,#3136,#3137,#3138,#3139,
#3140),.UNSPECIFIED.,.F.,.F.,(4,1,1,1,4),(0.,0.25,0.5,0.75,1.),
 .UNSPECIFIED.);
#1848=B_SPLINE_CURVE_WITH_KNOTS('',3,(#3143,#3144,#3145,#3146),
 .UNSPECIFIED.,.F.,.F.,(4,4),(0.,1.),.UNSPECIFIED.);
#1849=B_SPLINE_CURVE_WITH_KNOTS('',3,(#3148,#3149,#3150,#3151,#3152,#3153,
#3154),.UNSPECIFIED.,.F.,.F.,(4,1,1,1,4),(0.,0.25,0.5,0.75,1.),
 .UNSPECIFIED.);
#1850=B_SPLINE_CURVE_WITH_KNOTS('',3,(#3156,#3157,#3158,#3159),
 .UNSPECIFIED.,.F.,.F.,(4,4),(0.,1.),.UNSPECIFIED.);
#1851=B_SPLINE_CURVE_WITH_KNOTS('',3,(#3466,#3467,#3468,#3469,#3470,#3471,
#3472,#3473,#3474,#3475,#3476,#3477),.UNSPECIFIED.,.F.,.F.,(4,1,1,1,1,1,
1,1,1,4),(0.,0.125,0.25,0.375,0.5,0.625,0.75,0.8125,0.875,1.),
 .UNSPECIFIED.);
#1852=B_SPLINE_CURVE_WITH_KNOTS('',3,(#3479,#3480,#3481,#3482,#3483,#3484,
#3485),.UNSPECIFIED.,.F.,.F.,(4,1,1,1,4),(0.,0.25,0.5,0.75,1.),
 .UNSPECIFIED.);
#1853=B_SPLINE_CURVE_WITH_KNOTS('',3,(#3487,#3488,#3489,#3490,#3491,#3492,
#3493),.UNSPECIFIED.,.F.,.F.,(4,1,1,1,4),(0.,0.25,0.5,0.75,1.),
 .UNSPECIFIED.);
#1854=B_SPLINE_CURVE_WITH_KNOTS('',3,(#3510,#3511,#3512,#3513),
 .UNSPECIFIED.,.F.,.F.,(4,4),(0.,1.),.UNSPECIFIED.);
#1855=B_SPLINE_CURVE_WITH_KNOTS('',3,(#3515,#3516,#3517,#3518,#3519,#3520,
#3521),.UNSPECIFIED.,.F.,.F.,(4,1,1,1,4),(-8.00000000221272E-6,0.000509614793642042,
0.0010272295872863,0.00154484438093055,0.00206245917457481),
 .UNSPECIFIED.);
#1856=B_SPLINE_CURVE_WITH_KNOTS('',3,(#3523,#3524,#3525,#3526),
 .UNSPECIFIED.,.F.,.F.,(4,4),(0.,1.),.UNSPECIFIED.);
#1857=B_SPLINE_CURVE_WITH_KNOTS('',3,(#3543,#3544,#3545,#3546),
 .UNSPECIFIED.,.F.,.F.,(4,4),(0.,1.),.UNSPECIFIED.);
#1858=B_SPLINE_CURVE_WITH_KNOTS('',3,(#3548,#3549,#3550,#3551,#3552,#3553,
#3554),.UNSPECIFIED.,.F.,.F.,(4,1,1,1,4),(0.,0.25,0.5,0.75,1.),
 .UNSPECIFIED.);
#1859=B_SPLINE_CURVE_WITH_KNOTS('',3,(#3556,#3557,#3558,#3559),
 .UNSPECIFIED.,.F.,.F.,(4,4),(0.,1.),.UNSPECIFIED.);
#1860=B_SPLINE_CURVE_WITH_KNOTS('',3,(#3866,#3867,#3868,#3869,#3870,#3871,
#3872,#3873,#3874,#3875,#3876,#3877),.UNSPECIFIED.,.F.,.F.,(4,1,1,1,1,1,
1,1,1,4),(0.,0.125,0.25,0.375,0.5,0.625,0.75,0.8125,0.875,1.),
 .UNSPECIFIED.);
#1861=B_SPLINE_CURVE_WITH_KNOTS('',3,(#3879,#3880,#3881,#3882,#3883,#3884,
#3885),.UNSPECIFIED.,.F.,.F.,(4,1,1,1,4),(0.,0.25,0.5,0.75,1.),
 .UNSPECIFIED.);
#1862=B_SPLINE_CURVE_WITH_KNOTS('',3,(#3887,#3888,#3889,#3890,#3891,#3892,
#3893),.UNSPECIFIED.,.F.,.F.,(4,1,1,1,4),(0.,0.25,0.5,0.75,1.),
 .UNSPECIFIED.);
#1863=B_SPLINE_CURVE_WITH_KNOTS('',3,(#3910,#3911,#3912,#3913),
 .UNSPECIFIED.,.F.,.F.,(4,4),(0.,1.),.UNSPECIFIED.);
#1864=B_SPLINE_CURVE_WITH_KNOTS('',3,(#3915,#3916,#3917,#3918,#3919,#3920,
#3921),.UNSPECIFIED.,.F.,.F.,(4,1,1,1,4),(0.,0.25,0.5,0.75,1.),
 .UNSPECIFIED.);
#1865=B_SPLINE_CURVE_WITH_KNOTS('',3,(#3923,#3924,#3925,#3926),
 .UNSPECIFIED.,.F.,.F.,(4,4),(0.,1.),.UNSPECIFIED.);
#1866=B_SPLINE_CURVE_WITH_KNOTS('',3,(#4233,#4234,#4235,#4236,#4237,#4238,
#4239,#4240,#4241,#4242,#4243,#4244),.UNSPECIFIED.,.F.,.F.,(4,1,1,1,1,1,
1,1,1,4),(0.,0.125,0.25,0.375,0.5,0.625,0.75,0.8125,0.875,1.),
 .UNSPECIFIED.);
#1867=B_SPLINE_CURVE_WITH_KNOTS('',3,(#4245,#4246,#4247,#4248,#4249,#4250,
#4251),.UNSPECIFIED.,.F.,.F.,(4,1,1,1,4),(0.,0.25,0.5,0.75,1.),
 .UNSPECIFIED.);
#1868=B_SPLINE_CURVE_WITH_KNOTS('',3,(#4268,#4269,#4270,#4271),
 .UNSPECIFIED.,.F.,.F.,(4,4),(0.530330085891984,1.),.UNSPECIFIED.);
#1869=B_SPLINE_CURVE_WITH_KNOTS('',3,(#4273,#4274,#4275,#4276),
 .UNSPECIFIED.,.F.,.F.,(4,4),(0.,0.469669914074561),.UNSPECIFIED.);
#1870=B_SPLINE_CURVE_WITH_KNOTS('',3,(#4278,#4279,#4280,#4281,#4282,#4283,
#4284),.UNSPECIFIED.,.F.,.F.,(4,1,1,1,4),(0.,0.000714787548160985,0.00142957509632197,
0.00214436264448296,0.00285915019264394),.UNSPECIFIED.);
#1871=B_SPLINE_CURVE_WITH_KNOTS('',3,(#4301,#4302,#4303,#4304),
 .UNSPECIFIED.,.F.,.F.,(4,4),(0.530330085881941,1.),.UNSPECIFIED.);
#1872=B_SPLINE_CURVE_WITH_KNOTS('',3,(#4306,#4307,#4308,#4309),
 .UNSPECIFIED.,.F.,.F.,(4,4),(0.,0.469669913922788),.UNSPECIFIED.);
#1873=B_SPLINE_CURVE_WITH_KNOTS('',3,(#4311,#4312,#4313,#4314,#4315,#4316,
#4317),.UNSPECIFIED.,.F.,.F.,(4,1,1,1,4),(0.,0.000714787548160962,0.00142957509632192,
0.00214436264448289,0.00285915019264385),.UNSPECIFIED.);
#1874=B_SPLINE_CURVE_WITH_KNOTS('',3,(#4334,#4335,#4336,#4337),
 .UNSPECIFIED.,.F.,.F.,(4,4),(0.530330085890052,1.),.UNSPECIFIED.);
#1875=B_SPLINE_CURVE_WITH_KNOTS('',3,(#4339,#4340,#4341,#4342),
 .UNSPECIFIED.,.F.,.F.,(4,4),(0.,0.469669914109948),.UNSPECIFIED.);
#1876=B_SPLINE_CURVE_WITH_KNOTS('',3,(#4344,#4345,#4346,#4347,#4348,#4349,
#4350),.UNSPECIFIED.,.F.,.F.,(4,1,1,1,4),(0.,0.000714787548160964,0.00142957509632193,
0.00214436264448289,0.00285915019264386),.UNSPECIFIED.);
#1877=B_SPLINE_CURVE_WITH_KNOTS('',3,(#4484,#4485,#4486,#4487,#4488,#4489,
#4490,#4491,#4492,#4493,#4494),.UNSPECIFIED.,.T.,.F.,(1,1,1,1,1,1,1,1,1,
1,1,1,1,1,1),(-0.375,-0.25,-0.125,0.,0.125,0.25,0.375,0.5,0.625,0.75,0.875,
1.,1.125,1.25,1.375),.UNSPECIFIED.);
#1878=B_SPLINE_CURVE_WITH_KNOTS('',3,(#4496,#4497,#4498,#4499,#4500,#4501,
#4502,#4503,#4504,#4505,#4506,#4507,#4508,#4509,#4510,#4511,#4512,#4513,
#4514),.UNSPECIFIED.,.T.,.F.,(1,1,1,1,1,1,1,1,1,1,1,1,1,1,1,1,1,1,1,1,1,
1,1),(-0.190789473684211,-0.128289473684211,-0.0657894736842105,0.,0.059375,
0.12171875,0.1842109375,0.246710546875,0.30921052734375,0.371710526367187,
0.434210526318359,0.496710526315918,0.559210526315796,0.62171052631579,
0.684210526315789,0.746710526315789,0.809210526315789,0.871710526315789,
0.934210526315789,1.,1.059375,1.12171875,1.1842109375),.UNSPECIFIED.);
#1879=B_SPLINE_CURVE_WITH_KNOTS('',3,(#4520,#4521,#4522,#4523),
 .UNSPECIFIED.,.F.,.F.,(4,4),(0.,1.),.UNSPECIFIED.);
#1880=B_SPLINE_CURVE_WITH_KNOTS('',3,(#4525,#4526,#4527,#4528,#4529,#4530,
#4531,#4532,#4533,#4534),.UNSPECIFIED.,.F.,.F.,(4,3,3,4),(-0.69209025,-0.10809025,
0.03790975,0.62190975),.PIECEWISE_BEZIER_KNOTS.);
#1881=B_SPLINE_CURVE_WITH_KNOTS('',3,(#4549,#4550,#4551,#4552),
 .UNSPECIFIED.,.F.,.F.,(4,4),(0.,1.),.UNSPECIFIED.);
#1882=B_SPLINE_CURVE_WITH_KNOTS('',3,(#4554,#4555,#4556,#4557,#4558,#4559,
#4560,#4561,#4562,#4563),.UNSPECIFIED.,.F.,.F.,(4,3,3,4),(-0.69209025,-0.10809025,
0.03790975,0.62190975),.PIECEWISE_BEZIER_KNOTS.);
#1883=B_SPLINE_CURVE_WITH_KNOTS('',3,(#4578,#4579,#4580,#4581),
 .UNSPECIFIED.,.F.,.F.,(4,4),(0.,1.),.UNSPECIFIED.);
#1884=B_SPLINE_CURVE_WITH_KNOTS('',3,(#4583,#4584,#4585,#4586,#4587,#4588,
#4589,#4590,#4591,#4592),.UNSPECIFIED.,.F.,.F.,(4,3,3,4),(-0.69209025,-0.10809025,
0.03790975,0.62190975),.PIECEWISE_BEZIER_KNOTS.);
#1885=B_SPLINE_CURVE_WITH_KNOTS('',3,(#4607,#4608,#4609,#4610),
 .UNSPECIFIED.,.F.,.F.,(4,4),(0.,1.),.UNSPECIFIED.);
#1886=B_SPLINE_CURVE_WITH_KNOTS('',3,(#4612,#4613,#4614,#4615,#4616,#4617,
#4618,#4619,#4620,#4621),.UNSPECIFIED.,.F.,.F.,(4,3,3,4),(-0.69209025,-0.10809025,
0.03790975,0.62190975),.PIECEWISE_BEZIER_KNOTS.);
#1887=B_SPLINE_CURVE_WITH_KNOTS('',3,(#4636,#4637,#4638,#4639),
 .UNSPECIFIED.,.F.,.F.,(4,4),(0.,1.),.UNSPECIFIED.);
#1888=B_SPLINE_CURVE_WITH_KNOTS('',3,(#4641,#4642,#4643,#4644,#4645,#4646,
#4647,#4648,#4649,#4650),.UNSPECIFIED.,.F.,.F.,(4,3,3,4),(-0.69209025,-0.10809025,
0.03790975,0.62190975),.PIECEWISE_BEZIER_KNOTS.);
#1889=B_SPLINE_CURVE_WITH_KNOTS('',3,(#4665,#4666,#4667,#4668),
 .UNSPECIFIED.,.F.,.F.,(4,4),(0.,1.),.UNSPECIFIED.);
#1890=B_SPLINE_CURVE_WITH_KNOTS('',3,(#4670,#4671,#4672,#4673,#4674,#4675,
#4676,#4677,#4678,#4679),.UNSPECIFIED.,.F.,.F.,(4,3,3,4),(-0.69209025,-0.10809025,
0.03790975,0.62190975),.PIECEWISE_BEZIER_KNOTS.);
#1891=B_SPLINE_CURVE_WITH_KNOTS('',3,(#4694,#4695,#4696,#4697),
 .UNSPECIFIED.,.F.,.F.,(4,4),(0.,1.),.UNSPECIFIED.);
#1892=B_SPLINE_CURVE_WITH_KNOTS('',3,(#4699,#4700,#4701,#4702,#4703,#4704,
#4705,#4706,#4707,#4708),.UNSPECIFIED.,.F.,.F.,(4,3,3,4),(-0.69209025,-0.10809025,
0.03790975,0.62190975),.PIECEWISE_BEZIER_KNOTS.);
#1893=B_SPLINE_CURVE_WITH_KNOTS('',3,(#4719,#4720,#4721,#4722),
 .UNSPECIFIED.,.F.,.F.,(4,4),(0.,1.),.UNSPECIFIED.);
#1894=B_SPLINE_CURVE_WITH_KNOTS('',3,(#4731,#4732,#4733,#4734,#4735),
 .UNSPECIFIED.,.F.,.F.,(4,1,4),(0.,0.5,1.),.UNSPECIFIED.);
#1895=B_SPLINE_CURVE_WITH_KNOTS('',3,(#4741,#4742,#4743,#4744),
 .UNSPECIFIED.,.F.,.F.,(4,4),(0.,1.),.UNSPECIFIED.);
#1896=B_SPLINE_CURVE_WITH_KNOTS('',3,(#4750,#4751,#4752,#4753,#4754),
 .UNSPECIFIED.,.F.,.F.,(4,1,4),(0.,0.5,1.),.UNSPECIFIED.);
#1897=B_SPLINE_CURVE_WITH_KNOTS('',3,(#4784,#4785,#4786,#4787),
 .UNSPECIFIED.,.F.,.F.,(4,4),(0.,1.),.UNSPECIFIED.);
#1898=B_SPLINE_CURVE_WITH_KNOTS('',3,(#4793,#4794,#4795,#4796,#4797),
 .UNSPECIFIED.,.F.,.F.,(4,1,4),(0.,0.5,1.),.UNSPECIFIED.);
#1899=B_SPLINE_CURVE_WITH_KNOTS('',3,(#4803,#4804,#4805,#4806),
 .UNSPECIFIED.,.F.,.F.,(4,4),(0.,1.),.UNSPECIFIED.);
#1900=B_SPLINE_CURVE_WITH_KNOTS('',3,(#4809,#4810,#4811,#4812,#4813),
 .UNSPECIFIED.,.F.,.F.,(4,1,4),(0.,0.5,1.),.UNSPECIFIED.);
#1901=B_SPLINE_CURVE_WITH_KNOTS('',3,(#4961,#4962,#4963,#4964),
 .UNSPECIFIED.,.F.,.F.,(4,4),(0.352692217258402,0.64730778274159),
 .UNSPECIFIED.);
#1902=B_SPLINE_CURVE_WITH_KNOTS('',3,(#4973,#4974,#4975,#4976),
 .UNSPECIFIED.,.F.,.F.,(4,4),(0.352692217258403,0.647307782741589),
 .UNSPECIFIED.);
#1903=B_SPLINE_CURVE_WITH_KNOTS('',3,(#4981,#4982,#4983,#4984),
 .UNSPECIFIED.,.F.,.F.,(4,4),(0.352858151023287,0.647141848976707),
 .UNSPECIFIED.);
#1904=B_SPLINE_CURVE_WITH_KNOTS('',3,(#4989,#4990,#4991,#4992),
 .UNSPECIFIED.,.F.,.F.,(4,4),(0.3526922172584,0.647307782741589),
 .UNSPECIFIED.);
#1905=B_SPLINE_CURVE_WITH_KNOTS('',3,(#5000,#5001,#5002,#5003),
 .UNSPECIFIED.,.F.,.F.,(4,4),(0.352692217258404,0.647307782741591),
 .UNSPECIFIED.);
#1906=B_SPLINE_CURVE_WITH_KNOTS('',3,(#5011,#5012,#5013,#5014),
 .UNSPECIFIED.,.F.,.F.,(4,4),(0.352692217258399,0.64730778274159),
 .UNSPECIFIED.);
#1907=B_SPLINE_CURVE_WITH_KNOTS('',3,(#5022,#5023,#5024,#5025),
 .UNSPECIFIED.,.F.,.F.,(4,4),(0.352692217258401,0.64730778274159),
 .UNSPECIFIED.);
#1908=B_SPLINE_CURVE_WITH_KNOTS('',3,(#5219,#5220,#5221,#5222),
 .UNSPECIFIED.,.F.,.F.,(4,4),(0.,1.),.UNSPECIFIED.);
#1909=B_SPLINE_CURVE_WITH_KNOTS('',3,(#5225,#5226,#5227,#5228,#5229),
 .UNSPECIFIED.,.F.,.F.,(4,1,4),(0.,0.5,1.),.UNSPECIFIED.);
#1910=B_SPLINE_CURVE_WITH_KNOTS('',3,(#5231,#5232,#5233,#5234),
 .UNSPECIFIED.,.F.,.F.,(4,4),(0.,1.),.UNSPECIFIED.);
#1911=B_SPLINE_CURVE_WITH_KNOTS('',3,(#5236,#5237,#5238,#5239,#5240),
 .UNSPECIFIED.,.F.,.F.,(4,1,4),(0.,0.5,1.),.UNSPECIFIED.);
#1912=B_SPLINE_CURVE_WITH_KNOTS('',3,(#5242,#5243,#5244,#5245),
 .UNSPECIFIED.,.F.,.F.,(4,4),(0.,1.),.UNSPECIFIED.);
#1913=B_SPLINE_CURVE_WITH_KNOTS('',3,(#5247,#5248,#5249,#5250,#5251),
 .UNSPECIFIED.,.F.,.F.,(4,1,4),(0.,0.5,1.),.UNSPECIFIED.);
#1914=B_SPLINE_CURVE_WITH_KNOTS('',3,(#5253,#5254,#5255,#5256),
 .UNSPECIFIED.,.F.,.F.,(4,4),(0.,1.),.UNSPECIFIED.);
#1915=B_SPLINE_CURVE_WITH_KNOTS('',3,(#5258,#5259,#5260,#5261,#5262),
 .UNSPECIFIED.,.F.,.F.,(4,1,4),(0.,0.5,1.),.UNSPECIFIED.);
#1916=B_SPLINE_CURVE_WITH_KNOTS('',3,(#5315,#5316,#5317,#5318,#5319,#5320,
#5321),.UNSPECIFIED.,.F.,.F.,(4,1,1,1,4),(0.,0.25,0.5,0.75,1.),
 .UNSPECIFIED.);
#1917=B_SPLINE_CURVE_WITH_KNOTS('',3,(#5322,#5323,#5324,#5325,#5326,#5327,
#5328),.UNSPECIFIED.,.F.,.F.,(4,1,1,1,4),(0.,0.25,0.5,0.75,1.),
 .UNSPECIFIED.);
#1918=B_SPLINE_CURVE_WITH_KNOTS('',3,(#5345,#5346,#5347,#5348),
 .UNSPECIFIED.,.F.,.F.,(4,4),(0.,0.00125397149178765),.UNSPECIFIED.);
#1919=B_SPLINE_CURVE_WITH_KNOTS('',3,(#5349,#5350,#5351,#5352,#5353,#5354,
#5355),.UNSPECIFIED.,.F.,.F.,(4,1,1,1,4),(0.,0.25,0.5,0.75,1.),
 .UNSPECIFIED.);
#1920=B_SPLINE_CURVE_WITH_KNOTS('',3,(#5356,#5357,#5358,#5359),
 .UNSPECIFIED.,.F.,.F.,(4,4),(0.,0.00125395923518641),.UNSPECIFIED.);
#1921=B_SPLINE_CURVE_WITH_KNOTS('',3,(#5360,#5361,#5362,#5363),
 .UNSPECIFIED.,.F.,.F.,(4,4),(0.,0.00125397149178764),.UNSPECIFIED.);
#1922=B_SPLINE_CURVE_WITH_KNOTS('',3,(#5364,#5365,#5366,#5367),
 .UNSPECIFIED.,.F.,.F.,(4,4),(0.,0.0012539592351864),.UNSPECIFIED.);
#1923=B_SPLINE_CURVE_WITH_KNOTS('',3,(#5368,#5369,#5370,#5371),
 .UNSPECIFIED.,.F.,.F.,(4,4),(0.,0.00125397149178763),.UNSPECIFIED.);
#1924=B_SPLINE_CURVE_WITH_KNOTS('',3,(#5372,#5373,#5374,#5375),
 .UNSPECIFIED.,.F.,.F.,(4,4),(0.,0.00125395923518641),.UNSPECIFIED.);
#1925=B_SPLINE_CURVE_WITH_KNOTS('',3,(#5376,#5377,#5378,#5379),
 .UNSPECIFIED.,.F.,.F.,(4,4),(0.,0.00125397149178763),.UNSPECIFIED.);
#1926=B_SPLINE_CURVE_WITH_KNOTS('',3,(#5380,#5381,#5382,#5383),
 .UNSPECIFIED.,.F.,.F.,(4,4),(0.,0.00125395923518641),.UNSPECIFIED.);
#1927=B_SPLINE_CURVE_WITH_KNOTS('',3,(#5384,#5385,#5386,#5387),
 .UNSPECIFIED.,.F.,.F.,(4,4),(0.,0.00125397149178763),.UNSPECIFIED.);
#1928=B_SPLINE_CURVE_WITH_KNOTS('',3,(#5388,#5389,#5390,#5391),
 .UNSPECIFIED.,.F.,.F.,(4,4),(0.,0.00125395923518641),.UNSPECIFIED.);
#1929=B_SPLINE_CURVE_WITH_KNOTS('',3,(#5392,#5393,#5394,#5395),
 .UNSPECIFIED.,.F.,.F.,(4,4),(0.,0.00125397149178764),.UNSPECIFIED.);
#1930=B_SPLINE_CURVE_WITH_KNOTS('',3,(#5396,#5397,#5398,#5399),
 .UNSPECIFIED.,.F.,.F.,(4,4),(0.,0.00125395923518641),.UNSPECIFIED.);
#1931=B_SPLINE_CURVE_WITH_KNOTS('',3,(#5400,#5401,#5402,#5403),
 .UNSPECIFIED.,.F.,.F.,(4,4),(0.,0.00125397149178762),.UNSPECIFIED.);
#1932=B_SPLINE_CURVE_WITH_KNOTS('',3,(#5404,#5405,#5406,#5407),
 .UNSPECIFIED.,.F.,.F.,(4,4),(0.,0.00125395923518638),.UNSPECIFIED.);
#1933=B_SPLINE_CURVE_WITH_KNOTS('',3,(#5424,#5425,#5426,#5427,#5428,#5429,
#5430),.UNSPECIFIED.,.F.,.F.,(4,1,1,1,4),(0.,0.25,0.5,0.75,1.),
 .UNSPECIFIED.);
#1934=B_SPLINE_CURVE_WITH_KNOTS('',3,(#5483,#5484,#5485,#5486,#5487,#5488,
#5489),.UNSPECIFIED.,.F.,.F.,(4,1,1,1,4),(0.,0.25,0.5,0.75,1.),
 .UNSPECIFIED.);
#1935=B_SPLINE_CURVE_WITH_KNOTS('',3,(#5542,#5543,#5544,#5545,#5546,#5547,
#5548),.UNSPECIFIED.,.F.,.F.,(4,1,1,1,4),(0.,0.25,0.5,0.75,1.),
 .UNSPECIFIED.);
#1936=B_SPLINE_CURVE_WITH_KNOTS('',3,(#5565,#5566,#5567,#5568,#5569,#5570,
#5571),.UNSPECIFIED.,.F.,.F.,(4,1,1,1,4),(0.,0.25,0.5,0.75,1.),
 .UNSPECIFIED.);
#1937=B_SPLINE_CURVE_WITH_KNOTS('',3,(#5588,#5589,#5590,#5591,#5592,#5593,
#5594),.UNSPECIFIED.,.F.,.F.,(4,1,1,1,4),(0.,0.25,0.5,0.75,1.),
 .UNSPECIFIED.);
#1938=EDGE_LOOP('',(#568,#569,#570,#571));
#1939=EDGE_LOOP('',(#572,#573,#574,#575));
#1940=EDGE_LOOP('',(#576,#577,#578,#579));
#1941=EDGE_LOOP('',(#580,#581,#582,#583));
#1942=EDGE_LOOP('',(#584,#585,#586,#587));
#1943=EDGE_LOOP('',(#588,#589,#590,#591));
#1944=EDGE_LOOP('',(#592,#593,#594,#595));
#1945=EDGE_LOOP('',(#596,#597,#598,#599));
#1946=EDGE_LOOP('',(#600,#601,#602,#603));
#1947=EDGE_LOOP('',(#604,#605,#606,#607));
#1948=EDGE_LOOP('',(#608));
#1949=EDGE_LOOP('',(#609));
#1950=EDGE_LOOP('',(#610,#611,#612,#613,#614,#615));
#1951=EDGE_LOOP('',(#616,#617,#618,#619,#620,#621,#622,#623));
#1952=EDGE_LOOP('',(#624,#625,#626,#627,#628,#629,#630,#631));
#1953=EDGE_LOOP('',(#632,#633,#634,#635,#636,#637,#638,#639));
#1954=EDGE_LOOP('',(#640,#641,#642,#643,#644,#645,#646,#647));
#1955=EDGE_LOOP('',(#648,#649,#650,#651,#652,#653,#654,#655));
#1956=EDGE_LOOP('',(#656,#657,#658,#659,#660,#661,#662,#663));
#1957=EDGE_LOOP('',(#664,#665,#666,#667));
#1958=EDGE_LOOP('',(#668,#669,#670,#671));
#1959=EDGE_LOOP('',(#672,#673,#674,#675));
#1960=EDGE_LOOP('',(#676,#677,#678,#679));
#1961=EDGE_LOOP('',(#680,#681,#682,#683,#684,#685));
#1962=EDGE_LOOP('',(#686,#687,#688,#689,#690,#691));
#1963=EDGE_LOOP('',(#692,#693,#694,#695,#696,#697));
#1964=EDGE_LOOP('',(#698,#699,#700,#701));
#1965=EDGE_LOOP('',(#702,#703,#704,#705));
#1966=EDGE_LOOP('',(#706,#707,#708,#709));
#1967=EDGE_LOOP('',(#710,#711,#712,#713,#714,#715,#716,#717,#718,#719,#720,
#721,#722,#723,#724,#725,#726,#727,#728,#729));
#1968=EDGE_LOOP('',(#730,#731,#732,#733));
#1969=EDGE_LOOP('',(#734,#735,#736,#737));
#1970=EDGE_LOOP('',(#738,#739,#740,#741));
#1971=EDGE_LOOP('',(#742,#743,#744,#745));
#1972=EDGE_LOOP('',(#746,#747,#748,#749));
#1973=EDGE_LOOP('',(#750,#751,#752,#753));
#1974=EDGE_LOOP('',(#754,#755,#756,#757));
#1975=EDGE_LOOP('',(#758,#759,#760,#761));
#1976=EDGE_LOOP('',(#762,#763,#764,#765));
#1977=EDGE_LOOP('',(#766,#767,#768,#769));
#1978=EDGE_LOOP('',(#770,#771,#772,#773,#774));
#1979=EDGE_LOOP('',(#775,#776,#777,#778,#779));
#1980=EDGE_LOOP('',(#780,#781,#782,#783));
#1981=EDGE_LOOP('',(#784,#785,#786,#787));
#1982=EDGE_LOOP('',(#788,#789,#790,#791));
#1983=EDGE_LOOP('',(#792,#793,#794,#795));
#1984=EDGE_LOOP('',(#796,#797,#798,#799));
#1985=EDGE_LOOP('',(#800,#801,#802,#803));
#1986=EDGE_LOOP('',(#804,#805,#806,#807,#808,#809,#810,#811,#812,#813,#814,
#815,#816,#817,#818,#819,#820,#821,#822,#823));
#1987=EDGE_LOOP('',(#824,#825,#826,#827,#828,#829));
#1988=EDGE_LOOP('',(#830,#831,#832,#833,#834,#835));
#1989=EDGE_LOOP('',(#836,#837,#838,#839));
#1990=EDGE_LOOP('',(#840,#841,#842,#843));
#1991=EDGE_LOOP('',(#844,#845,#846,#847,#848,#849));
#1992=EDGE_LOOP('',(#850,#851,#852,#853));
#1993=EDGE_LOOP('',(#854,#855,#856,#857,#858,#859,#860));
#1994=EDGE_LOOP('',(#861,#862,#863,#864,#865,#866,#867,#868,#869,#870,#871,
#872,#873,#874,#875,#876,#877,#878,#879,#880,#881,#882,#883,#884,#885,#886,
#887,#888,#889,#890,#891,#892,#893,#894,#895,#896));
#1995=EDGE_LOOP('',(#897));
#1996=EDGE_LOOP('',(#898));
#1997=EDGE_LOOP('',(#899));
#1998=EDGE_LOOP('',(#900));
#1999=EDGE_LOOP('',(#901));
#2000=EDGE_LOOP('',(#902));
#2001=EDGE_LOOP('',(#903,#904,#905,#906,#907,#908));
#2002=EDGE_LOOP('',(#909,#910,#911,#912,#913,#914));
#2003=EDGE_LOOP('',(#915,#916,#917,#918));
#2004=EDGE_LOOP('',(#919,#920,#921,#922));
#2005=EDGE_LOOP('',(#923,#924,#925,#926,#927,#928));
#2006=EDGE_LOOP('',(#929,#930,#931,#932));
#2007=EDGE_LOOP('',(#933,#934,#935,#936,#937,#938));
#2008=EDGE_LOOP('',(#939,#940,#941,#942,#943,#944));
#2009=EDGE_LOOP('',(#945,#946,#947,#948));
#2010=EDGE_LOOP('',(#949,#950,#951,#952));
#2011=EDGE_LOOP('',(#953,#954,#955,#956,#957,#958));
#2012=EDGE_LOOP('',(#959,#960,#961,#962));
#2013=EDGE_LOOP('',(#963,#964,#965,#966,#967,#968));
#2014=EDGE_LOOP('',(#969,#970,#971,#972,#973,#974));
#2015=EDGE_LOOP('',(#975,#976,#977,#978));
#2016=EDGE_LOOP('',(#979,#980,#981,#982));
#2017=EDGE_LOOP('',(#983,#984,#985,#986,#987,#988));
#2018=EDGE_LOOP('',(#989,#990,#991,#992));
#2019=EDGE_LOOP('',(#993,#994,#995,#996,#997,#998));
#2020=EDGE_LOOP('',(#999,#1000,#1001,#1002,#1003,#1004));
#2021=EDGE_LOOP('',(#1005,#1006,#1007,#1008));
#2022=EDGE_LOOP('',(#1009,#1010,#1011,#1012));
#2023=EDGE_LOOP('',(#1013,#1014,#1015,#1016,#1017,#1018));
#2024=EDGE_LOOP('',(#1019,#1020,#1021,#1022));
#2025=EDGE_LOOP('',(#1023,#1024,#1025,#1026,#1027,#1028));
#2026=EDGE_LOOP('',(#1029,#1030,#1031,#1032,#1033,#1034));
#2027=EDGE_LOOP('',(#1035,#1036,#1037,#1038));
#2028=EDGE_LOOP('',(#1039,#1040,#1041,#1042));
#2029=EDGE_LOOP('',(#1043,#1044,#1045,#1046,#1047,#1048));
#2030=EDGE_LOOP('',(#1049,#1050,#1051,#1052));
#2031=EDGE_LOOP('',(#1053,#1054,#1055,#1056));
#2032=EDGE_LOOP('',(#1057,#1058,#1059,#1060));
#2033=EDGE_LOOP('',(#1061,#1062,#1063,#1064));
#2034=EDGE_LOOP('',(#1065,#1066,#1067,#1068));
#2035=EDGE_LOOP('',(#1069));
#2036=EDGE_LOOP('',(#1070));
#2037=EDGE_LOOP('',(#1071));
#2038=EDGE_LOOP('',(#1072));
#2039=EDGE_LOOP('',(#1073));
#2040=EDGE_LOOP('',(#1074));
#2041=EDGE_LOOP('',(#1075));
#2042=EDGE_LOOP('',(#1076));
#2043=EDGE_LOOP('',(#1077));
#2044=EDGE_LOOP('',(#1078));
#2045=EDGE_LOOP('',(#1079));
#2046=EDGE_LOOP('',(#1080));
#2047=EDGE_LOOP('',(#1081,#1082,#1083,#1084,#1085,#1086,#1087));
#2048=EDGE_LOOP('',(#1088));
#2049=EDGE_LOOP('',(#1089,#1090,#1091,#1092,#1093,#1094,#1095,#1096));
#2050=EDGE_LOOP('',(#1097));
#2051=EDGE_LOOP('',(#1098));
#2052=EDGE_LOOP('',(#1099));
#2053=EDGE_LOOP('',(#1100));
#2054=EDGE_LOOP('',(#1101));
#2055=EDGE_LOOP('',(#1102,#1103,#1104,#1105));
#2056=EDGE_LOOP('',(#1106,#1107,#1108,#1109,#1110,#1111,#1112,#1113,#1114,
#1115,#1116,#1117,#1118,#1119,#1120,#1121,#1122,#1123,#1124,#1125,#1126,
#1127,#1128,#1129,#1130,#1131,#1132,#1133,#1134,#1135,#1136,#1137,#1138,
#1139,#1140,#1141,#1142,#1143,#1144,#1145,#1146,#1147,#1148,#1149,#1150,
#1151));
#2057=EDGE_LOOP('',(#1152,#1153,#1154,#1155));
#2058=EDGE_LOOP('',(#1156,#1157,#1158,#1159));
#2059=EDGE_LOOP('',(#1160,#1161,#1162,#1163));
#2060=EDGE_LOOP('',(#1164,#1165,#1166,#1167));
#2061=EDGE_LOOP('',(#1168,#1169,#1170,#1171));
#2062=EDGE_LOOP('',(#1172,#1173,#1174,#1175));
#2063=EDGE_LOOP('',(#1176));
#2064=EDGE_LOOP('',(#1177));
#2065=EDGE_LOOP('',(#1178));
#2066=EDGE_LOOP('',(#1179));
#2067=EDGE_LOOP('',(#1180));
#2068=EDGE_LOOP('',(#1181));
#2069=EDGE_LOOP('',(#1182));
#2070=EDGE_LOOP('',(#1183));
#2071=EDGE_LOOP('',(#1184));
#2072=EDGE_LOOP('',(#1185));
#2073=EDGE_LOOP('',(#1186));
#2074=EDGE_LOOP('',(#1187));
#2075=EDGE_LOOP('',(#1188));
#2076=EDGE_LOOP('',(#1189));
#2077=EDGE_LOOP('',(#1190));
#2078=EDGE_LOOP('',(#1191));
#2079=EDGE_LOOP('',(#1192,#1193,#1194,#1195,#1196));
#2080=EDGE_LOOP('',(#1197,#1198,#1199,#1200,#1201));
#2081=EDGE_LOOP('',(#1202,#1203,#1204,#1205,#1206));
#2082=EDGE_LOOP('',(#1207,#1208,#1209,#1210,#1211));
#2083=EDGE_LOOP('',(#1212,#1213,#1214,#1215,#1216));
#2084=EDGE_LOOP('',(#1217,#1218,#1219,#1220,#1221));
#2085=EDGE_LOOP('',(#1222,#1223,#1224,#1225,#1226));
#2086=EDGE_LOOP('',(#1227,#1228,#1229,#1230,#1231));
#2087=EDGE_LOOP('',(#1232,#1233,#1234,#1235,#1236));
#2088=EDGE_LOOP('',(#1237,#1238,#1239,#1240,#1241));
#2089=EDGE_LOOP('',(#1242,#1243,#1244,#1245,#1246));
#2090=EDGE_LOOP('',(#1247,#1248,#1249,#1250,#1251));
#2091=EDGE_LOOP('',(#1252,#1253,#1254,#1255,#1256));
#2092=EDGE_LOOP('',(#1257,#1258,#1259,#1260,#1261));
#2093=FACE_BOUND('',#1938,.T.);
#2094=FACE_BOUND('',#1939,.T.);
#2095=FACE_BOUND('',#1940,.T.);
#2096=FACE_BOUND('',#1941,.T.);
#2097=FACE_BOUND('',#1942,.T.);
#2098=FACE_BOUND('',#1943,.T.);
#2099=FACE_BOUND('',#1944,.T.);
#2100=FACE_BOUND('',#1945,.T.);
#2101=FACE_BOUND('',#1946,.T.);
#2102=FACE_BOUND('',#1947,.T.);
#2103=FACE_BOUND('',#1948,.T.);
#2104=FACE_BOUND('',#1949,.T.);
#2105=FACE_BOUND('',#1950,.T.);
#2106=FACE_BOUND('',#1951,.T.);
#2107=FACE_BOUND('',#1952,.T.);
#2108=FACE_BOUND('',#1953,.T.);
#2109=FACE_BOUND('',#1954,.T.);
#2110=FACE_BOUND('',#1955,.T.);
#2111=FACE_BOUND('',#1956,.T.);
#2112=FACE_BOUND('',#1957,.T.);
#2113=FACE_BOUND('',#1958,.T.);
#2114=FACE_BOUND('',#1959,.T.);
#2115=FACE_BOUND('',#1960,.T.);
#2116=FACE_BOUND('',#1961,.T.);
#2117=FACE_BOUND('',#1962,.T.);
#2118=FACE_BOUND('',#1963,.T.);
#2119=FACE_BOUND('',#1964,.T.);
#2120=FACE_BOUND('',#1965,.T.);
#2121=FACE_BOUND('',#1966,.T.);
#2122=FACE_BOUND('',#1967,.T.);
#2123=FACE_BOUND('',#1968,.T.);
#2124=FACE_BOUND('',#1969,.T.);
#2125=FACE_BOUND('',#1970,.T.);
#2126=FACE_BOUND('',#1971,.T.);
#2127=FACE_BOUND('',#1972,.T.);
#2128=FACE_BOUND('',#1973,.T.);
#2129=FACE_BOUND('',#1974,.T.);
#2130=FACE_BOUND('',#1975,.T.);
#2131=FACE_BOUND('',#1976,.T.);
#2132=FACE_BOUND('',#1977,.T.);
#2133=FACE_BOUND('',#1978,.T.);
#2134=FACE_BOUND('',#1979,.T.);
#2135=FACE_BOUND('',#1980,.T.);
#2136=FACE_BOUND('',#1981,.T.);
#2137=FACE_BOUND('',#1982,.T.);
#2138=FACE_BOUND('',#1983,.T.);
#2139=FACE_BOUND('',#1984,.T.);
#2140=FACE_BOUND('',#1985,.T.);
#2141=FACE_BOUND('',#1986,.T.);
#2142=FACE_BOUND('',#1987,.T.);
#2143=FACE_BOUND('',#1988,.T.);
#2144=FACE_BOUND('',#1989,.T.);
#2145=FACE_BOUND('',#1990,.T.);
#2146=FACE_BOUND('',#1991,.T.);
#2147=FACE_BOUND('',#1992,.T.);
#2148=FACE_BOUND('',#1993,.T.);
#2149=FACE_BOUND('',#1994,.T.);
#2150=FACE_BOUND('',#1995,.T.);
#2151=FACE_BOUND('',#1996,.T.);
#2152=FACE_BOUND('',#1997,.T.);
#2153=FACE_BOUND('',#1998,.T.);
#2154=FACE_BOUND('',#1999,.T.);
#2155=FACE_BOUND('',#2000,.T.);
#2156=FACE_BOUND('',#2001,.T.);
#2157=FACE_BOUND('',#2002,.T.);
#2158=FACE_BOUND('',#2003,.T.);
#2159=FACE_BOUND('',#2004,.T.);
#2160=FACE_BOUND('',#2005,.T.);
#2161=FACE_BOUND('',#2006,.T.);
#2162=FACE_BOUND('',#2007,.T.);
#2163=FACE_BOUND('',#2008,.T.);
#2164=FACE_BOUND('',#2009,.T.);
#2165=FACE_BOUND('',#2010,.T.);
#2166=FACE_BOUND('',#2011,.T.);
#2167=FACE_BOUND('',#2012,.T.);
#2168=FACE_BOUND('',#2013,.T.);
#2169=FACE_BOUND('',#2014,.T.);
#2170=FACE_BOUND('',#2015,.T.);
#2171=FACE_BOUND('',#2016,.T.);
#2172=FACE_BOUND('',#2017,.T.);
#2173=FACE_BOUND('',#2018,.T.);
#2174=FACE_BOUND('',#2019,.T.);
#2175=FACE_BOUND('',#2020,.T.);
#2176=FACE_BOUND('',#2021,.T.);
#2177=FACE_BOUND('',#2022,.T.);
#2178=FACE_BOUND('',#2023,.T.);
#2179=FACE_BOUND('',#2024,.T.);
#2180=FACE_BOUND('',#2025,.T.);
#2181=FACE_BOUND('',#2026,.T.);
#2182=FACE_BOUND('',#2027,.T.);
#2183=FACE_BOUND('',#2028,.T.);
#2184=FACE_BOUND('',#2029,.T.);
#2185=FACE_BOUND('',#2030,.T.);
#2186=FACE_BOUND('',#2031,.T.);
#2187=FACE_BOUND('',#2032,.T.);
#2188=FACE_BOUND('',#2033,.T.);
#2189=FACE_BOUND('',#2034,.T.);
#2190=FACE_BOUND('',#2035,.T.);
#2191=FACE_BOUND('',#2036,.T.);
#2192=FACE_BOUND('',#2037,.T.);
#2193=FACE_BOUND('',#2038,.T.);
#2194=FACE_BOUND('',#2039,.T.);
#2195=FACE_BOUND('',#2040,.T.);
#2196=FACE_BOUND('',#2041,.T.);
#2197=FACE_BOUND('',#2042,.T.);
#2198=FACE_BOUND('',#2043,.T.);
#2199=FACE_BOUND('',#2044,.T.);
#2200=FACE_BOUND('',#2045,.T.);
#2201=FACE_BOUND('',#2046,.T.);
#2202=FACE_BOUND('',#2047,.T.);
#2203=FACE_BOUND('',#2048,.T.);
#2204=FACE_BOUND('',#2049,.T.);
#2205=FACE_BOUND('',#2050,.T.);
#2206=FACE_BOUND('',#2051,.T.);
#2207=FACE_BOUND('',#2052,.T.);
#2208=FACE_BOUND('',#2053,.T.);
#2209=FACE_BOUND('',#2054,.T.);
#2210=FACE_BOUND('',#2055,.T.);
#2211=FACE_BOUND('',#2056,.T.);
#2212=FACE_BOUND('',#2057,.T.);
#2213=FACE_BOUND('',#2058,.T.);
#2214=FACE_BOUND('',#2059,.T.);
#2215=FACE_BOUND('',#2060,.T.);
#2216=FACE_BOUND('',#2061,.T.);
#2217=FACE_BOUND('',#2062,.T.);
#2218=FACE_BOUND('',#2063,.T.);
#2219=FACE_BOUND('',#2064,.T.);
#2220=FACE_BOUND('',#2065,.T.);
#2221=FACE_BOUND('',#2066,.T.);
#2222=FACE_BOUND('',#2067,.T.);
#2223=FACE_BOUND('',#2068,.T.);
#2224=FACE_BOUND('',#2069,.T.);
#2225=FACE_BOUND('',#2070,.T.);
#2226=FACE_BOUND('',#2071,.T.);
#2227=FACE_BOUND('',#2072,.T.);
#2228=FACE_BOUND('',#2073,.T.);
#2229=FACE_BOUND('',#2074,.T.);
#2230=FACE_BOUND('',#2075,.T.);
#2231=FACE_BOUND('',#2076,.T.);
#2232=FACE_BOUND('',#2077,.T.);
#2233=FACE_BOUND('',#2078,.T.);
#2234=FACE_BOUND('',#2079,.T.);
#2235=FACE_BOUND('',#2080,.T.);
#2236=FACE_BOUND('',#2081,.T.);
#2237=FACE_BOUND('',#2082,.T.);
#2238=FACE_BOUND('',#2083,.T.);
#2239=FACE_BOUND('',#2084,.T.);
#2240=FACE_BOUND('',#2085,.T.);
#2241=FACE_BOUND('',#2086,.T.);
#2242=FACE_BOUND('',#2087,.T.);
#2243=FACE_BOUND('',#2088,.T.);
#2244=FACE_BOUND('',#2089,.T.);
#2245=FACE_BOUND('',#2090,.T.);
#2246=FACE_BOUND('',#2091,.T.);
#2247=FACE_BOUND('',#2092,.T.);
#2248=B_SPLINE_SURFACE_WITH_KNOTS('',5,1,((#3118,#3119),(#3120,#3121),(#3122,
#3123),(#3124,#3125),(#3126,#3127),(#3128,#3129),(#3130,#3131),(#3132,#3133)),
 .SURF_OF_LINEAR_EXTRUSION.,.F.,.F.,.F.,(6,2,6),(2,2),(0.,0.5,1.),(0.,1.),
 .UNSPECIFIED.);
#2249=B_SPLINE_SURFACE_WITH_KNOTS('',3,3,((#3160,#3161,#3162,#3163,#3164,
#3165,#3166,#3167,#3168,#3169,#3170,#3171,#3172,#3173,#3174,#3175,#3176),
(#3177,#3178,#3179,#3180,#3181,#3182,#3183,#3184,#3185,#3186,#3187,#3188,
#3189,#3190,#3191,#3192,#3193),(#3194,#3195,#3196,#3197,#3198,#3199,#3200,
#3201,#3202,#3203,#3204,#3205,#3206,#3207,#3208,#3209,#3210),(#3211,#3212,
#3213,#3214,#3215,#3216,#3217,#3218,#3219,#3220,#3221,#3222,#3223,#3224,
#3225,#3226,#3227),(#3228,#3229,#3230,#3231,#3232,#3233,#3234,#3235,#3236,
#3237,#3238,#3239,#3240,#3241,#3242,#3243,#3244),(#3245,#3246,#3247,#3248,
#3249,#3250,#3251,#3252,#3253,#3254,#3255,#3256,#3257,#3258,#3259,#3260,
#3261),(#3262,#3263,#3264,#3265,#3266,#3267,#3268,#3269,#3270,#3271,#3272,
#3273,#3274,#3275,#3276,#3277,#3278),(#3279,#3280,#3281,#3282,#3283,#3284,
#3285,#3286,#3287,#3288,#3289,#3290,#3291,#3292,#3293,#3294,#3295),(#3296,
#3297,#3298,#3299,#3300,#3301,#3302,#3303,#3304,#3305,#3306,#3307,#3308,
#3309,#3310,#3311,#3312),(#3313,#3314,#3315,#3316,#3317,#3318,#3319,#3320,
#3321,#3322,#3323,#3324,#3325,#3326,#3327,#3328,#3329),(#3330,#3331,#3332,
#3333,#3334,#3335,#3336,#3337,#3338,#3339,#3340,#3341,#3342,#3343,#3344,
#3345,#3346),(#3347,#3348,#3349,#3350,#3351,#3352,#3353,#3354,#3355,#3356,
#3357,#3358,#3359,#3360,#3361,#3362,#3363),(#3364,#3365,#3366,#3367,#3368,
#3369,#3370,#3371,#3372,#3373,#3374,#3375,#3376,#3377,#3378,#3379,#3380),
(#3381,#3382,#3383,#3384,#3385,#3386,#3387,#3388,#3389,#3390,#3391,#3392,
#3393,#3394,#3395,#3396,#3397),(#3398,#3399,#3400,#3401,#3402,#3403,#3404,
#3405,#3406,#3407,#3408,#3409,#3410,#3411,#3412,#3413,#3414),(#3415,#3416,
#3417,#3418,#3419,#3420,#3421,#3422,#3423,#3424,#3425,#3426,#3427,#3428,
#3429,#3430,#3431),(#3432,#3433,#3434,#3435,#3436,#3437,#3438,#3439,#3440,
#3441,#3442,#3443,#3444,#3445,#3446,#3447,#3448),(#3449,#3450,#3451,#3452,
#3453,#3454,#3455,#3456,#3457,#3458,#3459,#3460,#3461,#3462,#3463,#3464,
#3465)),.UNSPECIFIED.,.F.,.F.,.F.,(4,2,2,2,2,2,2,2,4),(4,1,2,2,1,1,1,2,
2,1,4),(0.,0.125,0.25,0.375,0.5,0.625,0.75,0.875,1.),(0.010606601717798,
0.0108910135838798,0.0111754254499615,0.011744249182125,0.0123130729142885,
0.012881896646452,0.0134507203786155,0.014019544110779,0.0145883678429425,
0.0148727797090242,0.015157191575106),.UNSPECIFIED.);
#2250=B_SPLINE_SURFACE_WITH_KNOTS('',5,1,((#3494,#3495),(#3496,#3497),(#3498,
#3499),(#3500,#3501),(#3502,#3503),(#3504,#3505),(#3506,#3507),(#3508,#3509)),
 .SURF_OF_LINEAR_EXTRUSION.,.F.,.F.,.F.,(6,2,6),(2,2),(0.,0.5,1.),(0.,1.),
 .UNSPECIFIED.);
#2251=B_SPLINE_SURFACE_WITH_KNOTS('',5,1,((#3527,#3528),(#3529,#3530),(#3531,
#3532),(#3533,#3534),(#3535,#3536),(#3537,#3538),(#3539,#3540),(#3541,#3542)),
 .SURF_OF_LINEAR_EXTRUSION.,.F.,.F.,.F.,(6,2,6),(2,2),(0.,0.5,1.),(0.,1.),
 .UNSPECIFIED.);
#2252=B_SPLINE_SURFACE_WITH_KNOTS('',3,3,((#3560,#3561,#3562,#3563,#3564,
#3565,#3566,#3567,#3568,#3569,#3570,#3571,#3572,#3573,#3574,#3575,#3576),
(#3577,#3578,#3579,#3580,#3581,#3582,#3583,#3584,#3585,#3586,#3587,#3588,
#3589,#3590,#3591,#3592,#3593),(#3594,#3595,#3596,#3597,#3598,#3599,#3600,
#3601,#3602,#3603,#3604,#3605,#3606,#3607,#3608,#3609,#3610),(#3611,#3612,
#3613,#3614,#3615,#3616,#3617,#3618,#3619,#3620,#3621,#3622,#3623,#3624,
#3625,#3626,#3627),(#3628,#3629,#3630,#3631,#3632,#3633,#3634,#3635,#3636,
#3637,#3638,#3639,#3640,#3641,#3642,#3643,#3644),(#3645,#3646,#3647,#3648,
#3649,#3650,#3651,#3652,#3653,#3654,#3655,#3656,#3657,#3658,#3659,#3660,
#3661),(#3662,#3663,#3664,#3665,#3666,#3667,#3668,#3669,#3670,#3671,#3672,
#3673,#3674,#3675,#3676,#3677,#3678),(#3679,#3680,#3681,#3682,#3683,#3684,
#3685,#3686,#3687,#3688,#3689,#3690,#3691,#3692,#3693,#3694,#3695),(#3696,
#3697,#3698,#3699,#3700,#3701,#3702,#3703,#3704,#3705,#3706,#3707,#3708,
#3709,#3710,#3711,#3712),(#3713,#3714,#3715,#3716,#3717,#3718,#3719,#3720,
#3721,#3722,#3723,#3724,#3725,#3726,#3727,#3728,#3729),(#3730,#3731,#3732,
#3733,#3734,#3735,#3736,#3737,#3738,#3739,#3740,#3741,#3742,#3743,#3744,
#3745,#3746),(#3747,#3748,#3749,#3750,#3751,#3752,#3753,#3754,#3755,#3756,
#3757,#3758,#3759,#3760,#3761,#3762,#3763),(#3764,#3765,#3766,#3767,#3768,
#3769,#3770,#3771,#3772,#3773,#3774,#3775,#3776,#3777,#3778,#3779,#3780),
(#3781,#3782,#3783,#3784,#3785,#3786,#3787,#3788,#3789,#3790,#3791,#3792,
#3793,#3794,#3795,#3796,#3797),(#3798,#3799,#3800,#3801,#3802,#3803,#3804,
#3805,#3806,#3807,#3808,#3809,#3810,#3811,#3812,#3813,#3814),(#3815,#3816,
#3817,#3818,#3819,#3820,#3821,#3822,#3823,#3824,#3825,#3826,#3827,#3828,
#3829,#3830,#3831),(#3832,#3833,#3834,#3835,#3836,#3837,#3838,#3839,#3840,
#3841,#3842,#3843,#3844,#3845,#3846,#3847,#3848),(#3849,#3850,#3851,#3852,
#3853,#3854,#3855,#3856,#3857,#3858,#3859,#3860,#3861,#3862,#3863,#3864,
#3865)),.UNSPECIFIED.,.F.,.F.,.F.,(4,2,2,2,2,2,2,2,4),(4,1,2,2,1,1,1,2,
2,1,4),(0.,0.125,0.25,0.375,0.5,0.625,0.75,0.875,1.),(0.0106066017177982,
0.0108910135838803,0.0111754254499623,0.0117442491821265,0.0123130729142906,
0.0128818966464548,0.0134507203786189,0.0140195441107831,0.0145883678429472,
0.0148727797090293,0.0151571915751114),.UNSPECIFIED.);
#2253=B_SPLINE_SURFACE_WITH_KNOTS('',5,1,((#3894,#3895),(#3896,#3897),(#3898,
#3899),(#3900,#3901),(#3902,#3903),(#3904,#3905),(#3906,#3907),(#3908,#3909)),
 .SURF_OF_LINEAR_EXTRUSION.,.F.,.F.,.F.,(6,2,6),(2,2),(0.,0.5,1.),(0.,1.),
 .UNSPECIFIED.);
#2254=B_SPLINE_SURFACE_WITH_KNOTS('',3,3,((#3927,#3928,#3929,#3930,#3931,
#3932,#3933,#3934,#3935,#3936,#3937,#3938,#3939,#3940,#3941,#3942,#3943),
(#3944,#3945,#3946,#3947,#3948,#3949,#3950,#3951,#3952,#3953,#3954,#3955,
#3956,#3957,#3958,#3959,#3960),(#3961,#3962,#3963,#3964,#3965,#3966,#3967,
#3968,#3969,#3970,#3971,#3972,#3973,#3974,#3975,#3976,#3977),(#3978,#3979,
#3980,#3981,#3982,#3983,#3984,#3985,#3986,#3987,#3988,#3989,#3990,#3991,
#3992,#3993,#3994),(#3995,#3996,#3997,#3998,#3999,#4000,#4001,#4002,#4003,
#4004,#4005,#4006,#4007,#4008,#4009,#4010,#4011),(#4012,#4013,#4014,#4015,
#4016,#4017,#4018,#4019,#4020,#4021,#4022,#4023,#4024,#4025,#4026,#4027,
#4028),(#4029,#4030,#4031,#4032,#4033,#4034,#4035,#4036,#4037,#4038,#4039,
#4040,#4041,#4042,#4043,#4044,#4045),(#4046,#4047,#4048,#4049,#4050,#4051,
#4052,#4053,#4054,#4055,#4056,#4057,#4058,#4059,#4060,#4061,#4062),(#4063,
#4064,#4065,#4066,#4067,#4068,#4069,#4070,#4071,#4072,#4073,#4074,#4075,
#4076,#4077,#4078,#4079),(#4080,#4081,#4082,#4083,#4084,#4085,#4086,#4087,
#4088,#4089,#4090,#4091,#4092,#4093,#4094,#4095,#4096),(#4097,#4098,#4099,
#4100,#4101,#4102,#4103,#4104,#4105,#4106,#4107,#4108,#4109,#4110,#4111,
#4112,#4113),(#4114,#4115,#4116,#4117,#4118,#4119,#4120,#4121,#4122,#4123,
#4124,#4125,#4126,#4127,#4128,#4129,#4130),(#4131,#4132,#4133,#4134,#4135,
#4136,#4137,#4138,#4139,#4140,#4141,#4142,#4143,#4144,#4145,#4146,#4147),
(#4148,#4149,#4150,#4151,#4152,#4153,#4154,#4155,#4156,#4157,#4158,#4159,
#4160,#4161,#4162,#4163,#4164),(#4165,#4166,#4167,#4168,#4169,#4170,#4171,
#4172,#4173,#4174,#4175,#4176,#4177,#4178,#4179,#4180,#4181),(#4182,#4183,
#4184,#4185,#4186,#4187,#4188,#4189,#4190,#4191,#4192,#4193,#4194,#4195,
#4196,#4197,#4198),(#4199,#4200,#4201,#4202,#4203,#4204,#4205,#4206,#4207,
#4208,#4209,#4210,#4211,#4212,#4213,#4214,#4215),(#4216,#4217,#4218,#4219,
#4220,#4221,#4222,#4223,#4224,#4225,#4226,#4227,#4228,#4229,#4230,#4231,
#4232)),.UNSPECIFIED.,.F.,.F.,.F.,(4,2,2,2,2,2,2,2,4),(4,1,2,2,1,1,1,2,
2,1,4),(0.,0.125,0.25,0.375,0.5,0.625,0.75,0.875,1.),(0.0106066017177982,
0.0108910135838803,0.0111754254499624,0.0117442491821265,0.0123130729142907,
0.0128818966464548,0.0134507203786189,0.0140195441107831,0.0145883678429472,
0.0148727797090293,0.0151571915751114),.UNSPECIFIED.);
#2255=B_SPLINE_SURFACE_WITH_KNOTS('',5,1,((#4252,#4253),(#4254,#4255),(#4256,
#4257),(#4258,#4259),(#4260,#4261),(#4262,#4263),(#4264,#4265),(#4266,#4267)),
 .SURF_OF_LINEAR_EXTRUSION.,.F.,.F.,.F.,(6,2,6),(2,2),(0.,0.5,1.),(0.,1.),
 .UNSPECIFIED.);
#2256=B_SPLINE_SURFACE_WITH_KNOTS('',5,1,((#4285,#4286),(#4287,#4288),(#4289,
#4290),(#4291,#4292),(#4293,#4294),(#4295,#4296),(#4297,#4298),(#4299,#4300)),
 .SURF_OF_LINEAR_EXTRUSION.,.F.,.F.,.F.,(6,2,6),(2,2),(0.,0.5,1.),(0.,1.),
 .UNSPECIFIED.);
#2257=B_SPLINE_SURFACE_WITH_KNOTS('',5,1,((#4318,#4319),(#4320,#4321),(#4322,
#4323),(#4324,#4325),(#4326,#4327),(#4328,#4329),(#4330,#4331),(#4332,#4333)),
 .SURF_OF_LINEAR_EXTRUSION.,.F.,.F.,.F.,(6,2,6),(2,2),(0.,0.5,1.),(0.,1.),
 .UNSPECIFIED.);
#2258=B_SPLINE_SURFACE_WITH_KNOTS('',3,3,((#4351,#4352,#4353,#4354,#4355,
#4356,#4357,#4358,#4359,#4360,#4361,#4362,#4363,#4364,#4365,#4366,#4367,
#4368,#4369),(#4370,#4371,#4372,#4373,#4374,#4375,#4376,#4377,#4378,#4379,
#4380,#4381,#4382,#4383,#4384,#4385,#4386,#4387,#4388),(#4389,#4390,#4391,
#4392,#4393,#4394,#4395,#4396,#4397,#4398,#4399,#4400,#4401,#4402,#4403,
#4404,#4405,#4406,#4407),(#4408,#4409,#4410,#4411,#4412,#4413,#4414,#4415,
#4416,#4417,#4418,#4419,#4420,#4421,#4422,#4423,#4424,#4425,#4426),(#4427,
#4428,#4429,#4430,#4431,#4432,#4433,#4434,#4435,#4436,#4437,#4438,#4439,
#4440,#4441,#4442,#4443,#4444,#4445),(#4446,#4447,#4448,#4449,#4450,#4451,
#4452,#4453,#4454,#4455,#4456,#4457,#4458,#4459,#4460,#4461,#4462,#4463,
#4464),(#4465,#4466,#4467,#4468,#4469,#4470,#4471,#4472,#4473,#4474,#4475,
#4476,#4477,#4478,#4479,#4480,#4481,#4482,#4483)),.UNSPECIFIED.,.F.,.T.,
 .F.,(4,1,1,1,4),(1,1,1,1,1,1,1,1,1,1,1,1,1,1,1,1,1,1,1,1,1,1,1),(0.,0.291660305484894,
0.499989095116962,0.708317884749029,0.999978190233923),(-1.17809724509617,
-0.785398163397448,-0.392699081698725,0.,0.392699081698724,0.785398163397448,
1.17809724509617,1.5707963267949,1.96349540849362,2.35619449019234,2.74889357189107,
3.14159265358979,3.53429173528852,3.92699081698724,4.31968989868597,4.71238898038469,
5.10508806208341,5.49778714378214,5.89048622548086,6.28318530717959,6.67588438887831,
7.06858347057703,7.46128255227576),.UNSPECIFIED.);
#2259=B_SPLINE_SURFACE_WITH_KNOTS('',5,1,((#5329,#5330),(#5331,#5332),(#5333,
#5334),(#5335,#5336),(#5337,#5338),(#5339,#5340),(#5341,#5342),(#5343,#5344)),
 .SURF_OF_LINEAR_EXTRUSION.,.F.,.F.,.F.,(6,2,6),(2,2),(0.,0.5,1.),(0.,1.),
 .UNSPECIFIED.);
#2260=B_SPLINE_SURFACE_WITH_KNOTS('',5,1,((#5408,#5409),(#5410,#5411),(#5412,
#5413),(#5414,#5415),(#5416,#5417),(#5418,#5419),(#5420,#5421),(#5422,#5423)),
 .SURF_OF_LINEAR_EXTRUSION.,.F.,.F.,.F.,(6,2,6),(2,2),(0.,0.5,1.),(0.,1.),
 .UNSPECIFIED.);
#2261=B_SPLINE_SURFACE_WITH_KNOTS('',5,1,((#5549,#5550),(#5551,#5552),(#5553,
#5554),(#5555,#5556),(#5557,#5558),(#5559,#5560),(#5561,#5562),(#5563,#5564)),
 .SURF_OF_LINEAR_EXTRUSION.,.F.,.F.,.F.,(6,2,6),(2,2),(0.,0.5,1.),(0.,1.),
 .UNSPECIFIED.);
#2262=B_SPLINE_SURFACE_WITH_KNOTS('',5,1,((#5572,#5573),(#5574,#5575),(#5576,
#5577),(#5578,#5579),(#5580,#5581),(#5582,#5583),(#5584,#5585),(#5586,#5587)),
 .SURF_OF_LINEAR_EXTRUSION.,.F.,.F.,.F.,(6,2,6),(2,2),(0.,0.5,1.),(0.,1.),
 .UNSPECIFIED.);
#2263=ADVANCED_FACE('',(#2093),#2248,.T.);
#2264=ADVANCED_FACE('',(#2094),#2249,.T.);
#2265=ADVANCED_FACE('',(#2095),#2250,.T.);
#2266=ADVANCED_FACE('',(#2096),#2251,.T.);
#2267=ADVANCED_FACE('',(#2097),#2252,.T.);
#2268=ADVANCED_FACE('',(#2098),#2253,.T.);
#2269=ADVANCED_FACE('',(#2099),#2254,.T.);
#2270=ADVANCED_FACE('',(#2100),#2255,.F.);
#2271=ADVANCED_FACE('',(#2101),#2256,.F.);
#2272=ADVANCED_FACE('',(#2102),#2257,.F.);
#2273=ADVANCED_FACE('',(#2103,#2104),#2258,.T.);
#2274=ADVANCED_FACE('',(#2105),#497,.F.);
#2275=ADVANCED_FACE('',(#2106),#498,.F.);
#2276=ADVANCED_FACE('',(#2107),#499,.F.);
#2277=ADVANCED_FACE('',(#2108),#500,.F.);
#2278=ADVANCED_FACE('',(#2109),#501,.F.);
#2279=ADVANCED_FACE('',(#2110),#502,.F.);
#2280=ADVANCED_FACE('',(#2111),#503,.F.);
#2281=ADVANCED_FACE('',(#2112),#504,.T.);
#2282=ADVANCED_FACE('',(#2113),#16,.T.);
#2283=ADVANCED_FACE('',(#2114),#505,.F.);
#2284=ADVANCED_FACE('',(#2115),#17,.T.);
#2285=ADVANCED_FACE('',(#2116),#506,.F.);
#2286=ADVANCED_FACE('',(#2117),#507,.T.);
#2287=ADVANCED_FACE('',(#2118),#508,.F.);
#2288=ADVANCED_FACE('',(#2119),#18,.T.);
#2289=ADVANCED_FACE('',(#2120),#509,.T.);
#2290=ADVANCED_FACE('',(#2121),#19,.T.);
#2291=ADVANCED_FACE('',(#2122),#510,.F.);
#2292=ADVANCED_FACE('',(#2123),#511,.F.);
#2293=ADVANCED_FACE('',(#2124),#512,.T.);
#2294=ADVANCED_FACE('',(#2125),#513,.T.);
#2295=ADVANCED_FACE('',(#2126),#514,.F.);
#2296=ADVANCED_FACE('',(#2127),#515,.F.);
#2297=ADVANCED_FACE('',(#2128),#20,.T.);
#2298=ADVANCED_FACE('',(#2129),#21,.T.);
#2299=ADVANCED_FACE('',(#2130),#22,.T.);
#2300=ADVANCED_FACE('',(#2131),#23,.T.);
#2301=ADVANCED_FACE('',(#2132),#24,.F.);
#2302=ADVANCED_FACE('',(#2133),#516,.T.);
#2303=ADVANCED_FACE('',(#2134),#517,.T.);
#2304=ADVANCED_FACE('',(#2135),#25,.F.);
#2305=ADVANCED_FACE('',(#2136),#518,.T.);
#2306=ADVANCED_FACE('',(#2137),#26,.F.);
#2307=ADVANCED_FACE('',(#2138),#519,.F.);
#2308=ADVANCED_FACE('',(#2139),#27,.F.);
#2309=ADVANCED_FACE('',(#2140),#520,.F.);
#2310=ADVANCED_FACE('',(#2141),#521,.F.);
#2311=ADVANCED_FACE('',(#2142),#522,.T.);
#2312=ADVANCED_FACE('',(#2143),#523,.F.);
#2313=ADVANCED_FACE('',(#2144),#524,.F.);
#2314=ADVANCED_FACE('',(#2145),#525,.F.);
#2315=ADVANCED_FACE('',(#2146),#526,.T.);
#2316=ADVANCED_FACE('',(#2147),#527,.F.);
#2317=ADVANCED_FACE('',(#2148,#2149,#2150,#2151,#2152,#2153,#2154,#2155),
#528,.F.);
#2318=ADVANCED_FACE('',(#2156),#529,.T.);
#2319=ADVANCED_FACE('',(#2157),#530,.F.);
#2320=ADVANCED_FACE('',(#2158),#531,.F.);
#2321=ADVANCED_FACE('',(#2159),#532,.F.);
#2322=ADVANCED_FACE('',(#2160),#533,.T.);
#2323=ADVANCED_FACE('',(#2161),#534,.F.);
#2324=ADVANCED_FACE('',(#2162),#535,.T.);
#2325=ADVANCED_FACE('',(#2163),#536,.F.);
#2326=ADVANCED_FACE('',(#2164),#537,.F.);
#2327=ADVANCED_FACE('',(#2165),#538,.F.);
#2328=ADVANCED_FACE('',(#2166),#539,.T.);
#2329=ADVANCED_FACE('',(#2167),#540,.F.);
#2330=ADVANCED_FACE('',(#2168),#541,.T.);
#2331=ADVANCED_FACE('',(#2169),#542,.F.);
#2332=ADVANCED_FACE('',(#2170),#543,.F.);
#2333=ADVANCED_FACE('',(#2171),#544,.F.);
#2334=ADVANCED_FACE('',(#2172),#545,.T.);
#2335=ADVANCED_FACE('',(#2173),#546,.F.);
#2336=ADVANCED_FACE('',(#2174),#547,.T.);
#2337=ADVANCED_FACE('',(#2175),#548,.F.);
#2338=ADVANCED_FACE('',(#2176),#549,.F.);
#2339=ADVANCED_FACE('',(#2177),#550,.F.);
#2340=ADVANCED_FACE('',(#2178),#551,.T.);
#2341=ADVANCED_FACE('',(#2179),#552,.F.);
#2342=ADVANCED_FACE('',(#2180),#553,.T.);
#2343=ADVANCED_FACE('',(#2181),#554,.F.);
#2344=ADVANCED_FACE('',(#2182),#555,.F.);
#2345=ADVANCED_FACE('',(#2183),#556,.F.);
#2346=ADVANCED_FACE('',(#2184),#557,.T.);
#2347=ADVANCED_FACE('',(#2185),#558,.F.);
#2348=ADVANCED_FACE('',(#2186),#559,.T.);
#2349=ADVANCED_FACE('',(#2187),#560,.F.);
#2350=ADVANCED_FACE('',(#2188),#561,.F.);
#2351=ADVANCED_FACE('',(#2189),#562,.T.);
#2352=ADVANCED_FACE('',(#2190,#2191),#28,.F.);
#2353=ADVANCED_FACE('',(#2192,#2193),#29,.F.);
#2354=ADVANCED_FACE('',(#2194,#2195),#30,.F.);
#2355=ADVANCED_FACE('',(#2196,#2197),#31,.F.);
#2356=ADVANCED_FACE('',(#2198,#2199),#32,.F.);
#2357=ADVANCED_FACE('',(#2200,#2201),#33,.F.);
#2358=ADVANCED_FACE('',(#2202,#2203,#2204,#2205,#2206,#2207,#2208,#2209),
#563,.T.);
#2359=ADVANCED_FACE('',(#2210),#12,.T.);
#2360=ADVANCED_FACE('',(#2211),#2259,.T.);
#2361=ADVANCED_FACE('',(#2212),#2260,.T.);
#2362=ADVANCED_FACE('',(#2213),#13,.T.);
#2363=ADVANCED_FACE('',(#2214),#14,.T.);
#2364=ADVANCED_FACE('',(#2215),#2261,.T.);
#2365=ADVANCED_FACE('',(#2216),#2262,.T.);
#2366=ADVANCED_FACE('',(#2217),#15,.T.);
#2367=ADVANCED_FACE('',(#2218,#2219),#34,.F.);
#2368=ADVANCED_FACE('',(#2220,#2221),#564,.T.);
#2369=ADVANCED_FACE('',(#2222,#2223),#35,.F.);
#2370=ADVANCED_FACE('',(#2224,#2225),#565,.T.);
#2371=ADVANCED_FACE('',(#2226,#2227),#36,.F.);
#2372=ADVANCED_FACE('',(#2228,#2229),#566,.T.);
#2373=ADVANCED_FACE('',(#2230,#2231),#37,.F.);
#2374=ADVANCED_FACE('',(#2232,#2233),#567,.T.);
#2375=ADVANCED_FACE('',(#2234),#38,.F.);
#2376=ADVANCED_FACE('',(#2235),#39,.F.);
#2377=ADVANCED_FACE('',(#2236),#40,.F.);
#2378=ADVANCED_FACE('',(#2237),#41,.F.);
#2379=ADVANCED_FACE('',(#2238),#42,.F.);
#2380=ADVANCED_FACE('',(#2239),#43,.F.);
#2381=ADVANCED_FACE('',(#2240),#44,.F.);
#2382=ADVANCED_FACE('',(#2241),#45,.F.);
#2383=ADVANCED_FACE('',(#2242),#46,.F.);
#2384=ADVANCED_FACE('',(#2243),#47,.F.);
#2385=ADVANCED_FACE('',(#2244),#48,.F.);
#2386=ADVANCED_FACE('',(#2245),#49,.F.);
#2387=ADVANCED_FACE('',(#2246),#50,.F.);
#2388=ADVANCED_FACE('',(#2247),#51,.F.);
#2389=CLOSED_SHELL('',(#2263,#2264,#2265,#2266,#2267,#2268,#2269,#2270,
#2271,#2272,#2273,#2274,#2275,#2276,#2277,#2278,#2279,#2280,#2281,#2282,
#2283,#2284,#2285,#2286,#2287,#2288,#2289,#2290,#2291,#2292,#2293,#2294,
#2295,#2296,#2297,#2298,#2299,#2300,#2301,#2302,#2303,#2304,#2305,#2306,
#2307,#2308,#2309,#2310,#2311,#2312,#2313,#2314,#2315,#2316,#2317,#2318,
#2319,#2320,#2321,#2322,#2323,#2324,#2325,#2326,#2327,#2328,#2329,#2330,
#2331,#2332,#2333,#2334,#2335,#2336,#2337,#2338,#2339,#2340,#2341,#2342,
#2343,#2344,#2345,#2346,#2347,#2348,#2349,#2350,#2351,#2352,#2353,#2354,
#2355,#2356,#2357,#2358,#2359,#2360,#2361,#2362,#2363,#2364,#2365,#2366,
#2367,#2368,#2369,#2370,#2371,#2372,#2373,#2374,#2375,#2376,#2377,#2378,
#2379,#2380,#2381,#2382,#2383,#2384,#2385,#2386,#2387,#2388));
#2390=STYLED_ITEM('',(#2391),#2400);
#2391=PRESENTATION_STYLE_ASSIGNMENT((#2392));
#2392=SURFACE_STYLE_USAGE(.BOTH.,#2393);
#2393=SURFACE_SIDE_STYLE('',(#2396,#2394));
#2394=SURFACE_STYLE_RENDERING_WITH_PROPERTIES(.CONSTANT_SHADING.,#2399,
(#2395));
#2395=SURFACE_STYLE_TRANSPARENT(0.670588235294118);
#2396=SURFACE_STYLE_FILL_AREA(#2397);
#2397=FILL_AREA_STYLE('',(#2398));
#2398=FILL_AREA_STYLE_COLOUR('',#2399);
#2399=COLOUR_RGB('',0.917647058823529,0.917647058823529,0.917647058823529);
#2400=MANIFOLD_SOLID_BREP('Top Case',#2389);
#2401=SHAPE_DEFINITION_REPRESENTATION(#5683,#2402);
#2402=SHAPE_REPRESENTATION('Top Case',(#2403),#5678);
#2403=AXIS2_PLACEMENT_3D('',#3117,#2578,#2579);
#2404=AXIS2_PLACEMENT_3D('',#4516,#2580,#2581);
#2405=AXIS2_PLACEMENT_3D('',#4536,#2583,#2584);
#2406=AXIS2_PLACEMENT_3D('',#4541,#2587,#2588);
#2407=AXIS2_PLACEMENT_3D('',#4545,#2590,#2591);
#2408=AXIS2_PLACEMENT_3D('',#4565,#2593,#2594);
#2409=AXIS2_PLACEMENT_3D('',#4570,#2597,#2598);
#2410=AXIS2_PLACEMENT_3D('',#4574,#2600,#2601);
#2411=AXIS2_PLACEMENT_3D('',#4594,#2603,#2604);
#2412=AXIS2_PLACEMENT_3D('',#4599,#2607,#2608);
#2413=AXIS2_PLACEMENT_3D('',#4603,#2610,#2611);
#2414=AXIS2_PLACEMENT_3D('',#4623,#2613,#2614);
#2415=AXIS2_PLACEMENT_3D('',#4628,#2617,#2618);
#2416=AXIS2_PLACEMENT_3D('',#4632,#2620,#2621);
#2417=AXIS2_PLACEMENT_3D('',#4652,#2623,#2624);
#2418=AXIS2_PLACEMENT_3D('',#4657,#2627,#2628);
#2419=AXIS2_PLACEMENT_3D('',#4661,#2630,#2631);
#2420=AXIS2_PLACEMENT_3D('',#4681,#2633,#2634);
#2421=AXIS2_PLACEMENT_3D('',#4686,#2637,#2638);
#2422=AXIS2_PLACEMENT_3D('',#4690,#2640,#2641);
#2423=AXIS2_PLACEMENT_3D('',#4710,#2643,#2644);
#2424=AXIS2_PLACEMENT_3D('',#4715,#2647,#2648);
#2425=AXIS2_PLACEMENT_3D('',#4727,#2652,#2653);
#2426=AXIS2_PLACEMENT_3D('',#4736,#2655,#2656);
#2427=AXIS2_PLACEMENT_3D('',#4737,#2657,#2658);
#2428=AXIS2_PLACEMENT_3D('',#4746,#2661,#2662);
#2429=AXIS2_PLACEMENT_3D('',#4755,#2664,#2665);
#2430=AXIS2_PLACEMENT_3D('',#4756,#2666,#2667);
#2431=AXIS2_PLACEMENT_3D('',#4769,#2674,#2675);
#2432=AXIS2_PLACEMENT_3D('',#4779,#2681,#2682);
#2433=AXIS2_PLACEMENT_3D('',#4780,#2683,#2684);
#2434=AXIS2_PLACEMENT_3D('',#4789,#2687,#2688);
#2435=AXIS2_PLACEMENT_3D('',#4798,#2690,#2691);
#2436=AXIS2_PLACEMENT_3D('',#4799,#2692,#2693);
#2437=AXIS2_PLACEMENT_3D('',#4808,#2696,#2697);
#2438=AXIS2_PLACEMENT_3D('',#4814,#2698,#2699);
#2439=AXIS2_PLACEMENT_3D('',#4815,#2700,#2701);
#2440=AXIS2_PLACEMENT_3D('',#4818,#2703,#2704);
#2441=AXIS2_PLACEMENT_3D('',#4822,#2706,#2707);
#2442=AXIS2_PLACEMENT_3D('',#4826,#2709,#2710);
#2443=AXIS2_PLACEMENT_3D('',#4830,#2712,#2713);
#2444=AXIS2_PLACEMENT_3D('',#4833,#2715,#2716);
#2445=AXIS2_PLACEMENT_3D('',#4837,#2719,#2720);
#2446=AXIS2_PLACEMENT_3D('',#4843,#2724,#2725);
#2447=AXIS2_PLACEMENT_3D('',#4849,#2729,#2730);
#2448=AXIS2_PLACEMENT_3D('',#4855,#2734,#2735);
#2449=AXIS2_PLACEMENT_3D('',#4859,#2738,#2739);
#2450=AXIS2_PLACEMENT_3D('',#4860,#2740,#2741);
#2451=AXIS2_PLACEMENT_3D('',#4861,#2742,#2743);
#2452=AXIS2_PLACEMENT_3D('',#4862,#2744,#2745);
#2453=AXIS2_PLACEMENT_3D('',#4863,#2746,#2747);
#2454=AXIS2_PLACEMENT_3D('',#4864,#2748,#2749);
#2455=AXIS2_PLACEMENT_3D('',#4865,#2750,#2751);
#2456=AXIS2_PLACEMENT_3D('',#4866,#2752,#2753);
#2457=AXIS2_PLACEMENT_3D('',#4867,#2754,#2755);
#2458=AXIS2_PLACEMENT_3D('',#4868,#2756,#2757);
#2459=AXIS2_PLACEMENT_3D('',#4873,#2759,#2760);
#2460=AXIS2_PLACEMENT_3D('',#4876,#2762,#2763);
#2461=AXIS2_PLACEMENT_3D('',#4880,#2766,#2767);
#2462=AXIS2_PLACEMENT_3D('',#4881,#2768,#2769);
#2463=AXIS2_PLACEMENT_3D('',#4885,#2771,#2772);
#2464=AXIS2_PLACEMENT_3D('',#4889,#2775,#2776);
#2465=AXIS2_PLACEMENT_3D('',#4890,#2777,#2778);
#2466=AXIS2_PLACEMENT_3D('',#4892,#2779,#2780);
#2467=AXIS2_PLACEMENT_3D('',#4895,#2782,#2783);
#2468=AXIS2_PLACEMENT_3D('',#4901,#2787,#2788);
#2469=AXIS2_PLACEMENT_3D('',#4902,#2789,#2790);
#2470=AXIS2_PLACEMENT_3D('',#4904,#2791,#2792);
#2471=AXIS2_PLACEMENT_3D('',#4907,#2794,#2795);
#2472=AXIS2_PLACEMENT_3D('',#4913,#2799,#2800);
#2473=AXIS2_PLACEMENT_3D('',#4914,#2801,#2802);
#2474=AXIS2_PLACEMENT_3D('',#4916,#2803,#2804);
#2475=AXIS2_PLACEMENT_3D('',#4919,#2806,#2807);
#2476=AXIS2_PLACEMENT_3D('',#4922,#2810,#2811);
#2477=AXIS2_PLACEMENT_3D('',#4923,#2812,#2813);
#2478=AXIS2_PLACEMENT_3D('',#4933,#2819,#2820);
#2479=AXIS2_PLACEMENT_3D('',#4943,#2826,#2827);
#2480=AXIS2_PLACEMENT_3D('',#4945,#2829,#2830);
#2481=AXIS2_PLACEMENT_3D('',#4947,#2832,#2833);
#2482=AXIS2_PLACEMENT_3D('',#4951,#2835,#2836);
#2483=AXIS2_PLACEMENT_3D('',#4953,#2838,#2839);
#2484=AXIS2_PLACEMENT_3D('',#4954,#2840,#2841);
#2485=AXIS2_PLACEMENT_3D('',#4955,#2842,#2843);
#2486=AXIS2_PLACEMENT_3D('',#5032,#2867,#2868);
#2487=AXIS2_PLACEMENT_3D('',#5034,#2869,#2870);
#2488=AXIS2_PLACEMENT_3D('',#5036,#2871,#2872);
#2489=AXIS2_PLACEMENT_3D('',#5038,#2873,#2874);
#2490=AXIS2_PLACEMENT_3D('',#5040,#2875,#2876);
#2491=AXIS2_PLACEMENT_3D('',#5042,#2877,#2878);
#2492=AXIS2_PLACEMENT_3D('',#5044,#2879,#2880);
#2493=AXIS2_PLACEMENT_3D('',#5054,#2886,#2887);
#2494=AXIS2_PLACEMENT_3D('',#5064,#2893,#2894);
#2495=AXIS2_PLACEMENT_3D('',#5066,#2896,#2897);
#2496=AXIS2_PLACEMENT_3D('',#5068,#2899,#2900);
#2497=AXIS2_PLACEMENT_3D('',#5069,#2901,#2902);
#2498=AXIS2_PLACEMENT_3D('',#5071,#2904,#2905);
#2499=AXIS2_PLACEMENT_3D('',#5072,#2906,#2907);
#2500=AXIS2_PLACEMENT_3D('',#5073,#2908,#2909);
#2501=AXIS2_PLACEMENT_3D('',#5083,#2915,#2916);
#2502=AXIS2_PLACEMENT_3D('',#5093,#2922,#2923);
#2503=AXIS2_PLACEMENT_3D('',#5095,#2925,#2926);
#2504=AXIS2_PLACEMENT_3D('',#5097,#2928,#2929);
#2505=AXIS2_PLACEMENT_3D('',#5098,#2930,#2931);
#2506=AXIS2_PLACEMENT_3D('',#5100,#2933,#2934);
#2507=AXIS2_PLACEMENT_3D('',#5101,#2935,#2936);
#2508=AXIS2_PLACEMENT_3D('',#5102,#2937,#2938);
#2509=AXIS2_PLACEMENT_3D('',#5112,#2944,#2945);
#2510=AXIS2_PLACEMENT_3D('',#5122,#2951,#2952);
#2511=AXIS2_PLACEMENT_3D('',#5124,#2954,#2955);
#2512=AXIS2_PLACEMENT_3D('',#5126,#2957,#2958);
#2513=AXIS2_PLACEMENT_3D('',#5127,#2959,#2960);
#2514=AXIS2_PLACEMENT_3D('',#5129,#2962,#2963);
#2515=AXIS2_PLACEMENT_3D('',#5130,#2964,#2965);
#2516=AXIS2_PLACEMENT_3D('',#5131,#2966,#2967);
#2517=AXIS2_PLACEMENT_3D('',#5141,#2973,#2974);
#2518=AXIS2_PLACEMENT_3D('',#5151,#2980,#2981);
#2519=AXIS2_PLACEMENT_3D('',#5153,#2983,#2984);
#2520=AXIS2_PLACEMENT_3D('',#5155,#2986,#2987);
#2521=AXIS2_PLACEMENT_3D('',#5156,#2988,#2989);
#2522=AXIS2_PLACEMENT_3D('',#5158,#2991,#2992);
#2523=AXIS2_PLACEMENT_3D('',#5159,#2993,#2994);
#2524=AXIS2_PLACEMENT_3D('',#5160,#2995,#2996);
#2525=AXIS2_PLACEMENT_3D('',#5170,#3002,#3003);
#2526=AXIS2_PLACEMENT_3D('',#5180,#3009,#3010);
#2527=AXIS2_PLACEMENT_3D('',#5182,#3012,#3013);
#2528=AXIS2_PLACEMENT_3D('',#5184,#3015,#3016);
#2529=AXIS2_PLACEMENT_3D('',#5185,#3017,#3018);
#2530=AXIS2_PLACEMENT_3D('',#5187,#3020,#3021);
#2531=AXIS2_PLACEMENT_3D('',#5188,#3022,#3023);
#2532=AXIS2_PLACEMENT_3D('',#5189,#3024,#3025);
#2533=AXIS2_PLACEMENT_3D('',#5191,#3027,#3028);
#2534=AXIS2_PLACEMENT_3D('',#5192,#3029,#3030);
#2535=AXIS2_PLACEMENT_3D('',#5193,#3031,#3032);
#2536=AXIS2_PLACEMENT_3D('',#5194,#3033,#3034);
#2537=AXIS2_PLACEMENT_3D('',#5195,#3035,#3036);
#2538=AXIS2_PLACEMENT_3D('',#5197,#3037,#3038);
#2539=AXIS2_PLACEMENT_3D('',#5198,#3039,#3040);
#2540=AXIS2_PLACEMENT_3D('',#5199,#3041,#3042);
#2541=AXIS2_PLACEMENT_3D('',#5201,#3043,#3044);
#2542=AXIS2_PLACEMENT_3D('',#5203,#3045,#3046);
#2543=AXIS2_PLACEMENT_3D('',#5204,#3047,#3048);
#2544=AXIS2_PLACEMENT_3D('',#5206,#3049,#3050);
#2545=AXIS2_PLACEMENT_3D('',#5208,#3051,#3052);
#2546=AXIS2_PLACEMENT_3D('',#5209,#3053,#3054);
#2547=AXIS2_PLACEMENT_3D('',#5211,#3055,#3056);
#2548=AXIS2_PLACEMENT_3D('',#5213,#3057,#3058);
#2549=AXIS2_PLACEMENT_3D('',#5214,#3059,#3060);
#2550=AXIS2_PLACEMENT_3D('',#5216,#3061,#3062);
#2551=AXIS2_PLACEMENT_3D('',#5218,#3063,#3064);
#2552=AXIS2_PLACEMENT_3D('',#5647,#3065,#3066);
#2553=AXIS2_PLACEMENT_3D('',#5648,#3067,#3068);
#2554=AXIS2_PLACEMENT_3D('',#5650,#3069,#3070);
#2555=AXIS2_PLACEMENT_3D('',#5651,#3071,#3072);
#2556=AXIS2_PLACEMENT_3D('',#5652,#3073,#3074);
#2557=AXIS2_PLACEMENT_3D('',#5654,#3075,#3076);
#2558=AXIS2_PLACEMENT_3D('',#5655,#3077,#3078);
#2559=AXIS2_PLACEMENT_3D('',#5656,#3079,#3080);
#2560=AXIS2_PLACEMENT_3D('',#5658,#3081,#3082);
#2561=AXIS2_PLACEMENT_3D('',#5659,#3083,#3084);
#2562=AXIS2_PLACEMENT_3D('',#5660,#3085,#3086);
#2563=AXIS2_PLACEMENT_3D('',#5662,#3087,#3088);
#2564=AXIS2_PLACEMENT_3D('',#5663,#3089,#3090);
#2565=AXIS2_PLACEMENT_3D('',#5664,#3091,#3092);
#2566=AXIS2_PLACEMENT_3D('',#5665,#3093,#3094);
#2567=AXIS2_PLACEMENT_3D('',#5666,#3095,#3096);
#2568=AXIS2_PLACEMENT_3D('',#5667,#3097,#3098);
#2569=AXIS2_PLACEMENT_3D('',#5668,#3099,#3100);
#2570=AXIS2_PLACEMENT_3D('',#5669,#3101,#3102);
#2571=AXIS2_PLACEMENT_3D('',#5670,#3103,#3104);
#2572=AXIS2_PLACEMENT_3D('',#5671,#3105,#3106);
#2573=AXIS2_PLACEMENT_3D('',#5672,#3107,#3108);
#2574=AXIS2_PLACEMENT_3D('',#5673,#3109,#3110);
#2575=AXIS2_PLACEMENT_3D('',#5674,#3111,#3112);
#2576=AXIS2_PLACEMENT_3D('',#5675,#3113,#3114);
#2577=AXIS2_PLACEMENT_3D('',#5676,#3115,#3116);
#2578=DIRECTION('',(0.,0.,1.));
#2579=DIRECTION('',(1.,0.,0.));
#2580=DIRECTION('',(7.32148737874265E-16,-1.,0.));
#2581=DIRECTION('',(1.,7.32148737874265E-16,0.));
#2582=DIRECTION('',(0.,0.,1.));
#2583=DIRECTION('',(7.32148737874265E-16,-1.,0.));
#2584=DIRECTION('',(1.,7.32148737874265E-16,0.));
#2585=DIRECTION('',(0.,0.,1.));
#2586=DIRECTION('',(1.,7.32148737874265E-16,0.));
#2587=DIRECTION('',(7.32148737874265E-16,-1.,0.));
#2588=DIRECTION('',(1.,7.32148737874265E-16,0.));
#2589=DIRECTION('',(0.,0.,1.));
#2590=DIRECTION('',(7.32148737874265E-16,-1.,0.));
#2591=DIRECTION('',(1.,7.32148737874265E-16,0.));
#2592=DIRECTION('',(1.,7.32148737874265E-16,0.));
#2593=DIRECTION('',(7.32148737874265E-16,-1.,0.));
#2594=DIRECTION('',(1.,7.32148737874265E-16,0.));
#2595=DIRECTION('',(0.,0.,1.));
#2596=DIRECTION('',(1.,0.,0.));
#2597=DIRECTION('',(7.32148737874265E-16,-1.,0.));
#2598=DIRECTION('',(1.,7.32148737874265E-16,0.));
#2599=DIRECTION('',(0.,0.,1.));
#2600=DIRECTION('',(7.32148737874265E-16,-1.,0.));
#2601=DIRECTION('',(1.,7.32148737874265E-16,0.));
#2602=DIRECTION('',(1.,7.32148737874265E-16,0.));
#2603=DIRECTION('',(7.32148737874265E-16,-1.,0.));
#2604=DIRECTION('',(1.,7.32148737874265E-16,0.));
#2605=DIRECTION('',(0.,0.,1.));
#2606=DIRECTION('',(1.,0.,0.));
#2607=DIRECTION('',(7.32148737874265E-16,-1.,0.));
#2608=DIRECTION('',(1.,7.32148737874265E-16,0.));
#2609=DIRECTION('',(0.,0.,1.));
#2610=DIRECTION('',(7.32148737874265E-16,-1.,0.));
#2611=DIRECTION('',(1.,7.32148737874265E-16,0.));
#2612=DIRECTION('',(1.,7.32148737874265E-16,0.));
#2613=DIRECTION('',(7.32148737874265E-16,-1.,0.));
#2614=DIRECTION('',(1.,7.32148737874265E-16,0.));
#2615=DIRECTION('',(0.,0.,1.));
#2616=DIRECTION('',(1.,0.,0.));
#2617=DIRECTION('',(7.32148737874265E-16,-1.,0.));
#2618=DIRECTION('',(1.,7.32148737874265E-16,0.));
#2619=DIRECTION('',(0.,0.,1.));
#2620=DIRECTION('',(7.32148737874265E-16,-1.,0.));
#2621=DIRECTION('',(1.,7.32148737874265E-16,0.));
#2622=DIRECTION('',(1.,7.32148737874265E-16,0.));
#2623=DIRECTION('',(7.32148737874265E-16,-1.,0.));
#2624=DIRECTION('',(1.,7.32148737874265E-16,0.));
#2625=DIRECTION('',(0.,0.,1.));
#2626=DIRECTION('',(1.,0.,0.));
#2627=DIRECTION('',(7.32148737874265E-16,-1.,0.));
#2628=DIRECTION('',(1.,7.32148737874265E-16,0.));
#2629=DIRECTION('',(0.,0.,1.));
#2630=DIRECTION('',(7.32148737874265E-16,-1.,0.));
#2631=DIRECTION('',(1.,7.32148737874265E-16,0.));
#2632=DIRECTION('',(1.,7.32148737874265E-16,0.));
#2633=DIRECTION('',(7.32148737874265E-16,-1.,0.));
#2634=DIRECTION('',(1.,7.32148737874265E-16,0.));
#2635=DIRECTION('',(0.,0.,1.));
#2636=DIRECTION('',(1.,1.86730191170809E-15,0.));
#2637=DIRECTION('',(7.32148737874265E-16,-1.,0.));
#2638=DIRECTION('',(1.,7.32148737874265E-16,0.));
#2639=DIRECTION('',(0.,0.,1.));
#2640=DIRECTION('',(7.32148737874265E-16,-1.,0.));
#2641=DIRECTION('',(1.,7.32148737874265E-16,0.));
#2642=DIRECTION('',(1.,7.32148737874265E-16,0.));
#2643=DIRECTION('',(7.32148737874265E-16,-1.,0.));
#2644=DIRECTION('',(1.,7.32148737874265E-16,0.));
#2645=DIRECTION('',(0.,0.,1.));
#2646=DIRECTION('',(1.,0.,0.));
#2647=DIRECTION('',(2.29384922443214E-16,-1.,0.));
#2648=DIRECTION('',(1.,2.29384922443214E-16,0.));
#2649=DIRECTION('',(0.,0.,1.));
#2650=DIRECTION('',(0.,0.,1.));
#2651=DIRECTION('',(1.,2.29384922443214E-16,0.));
#2652=DIRECTION('',(0.,0.,1.));
#2653=DIRECTION('',(1.,0.,0.));
#2654=DIRECTION('',(0.,0.,1.));
#2655=DIRECTION('',(0.,0.,1.));
#2656=DIRECTION('',(1.,0.,0.));
#2657=DIRECTION('',(-1.,-2.89120579329468E-16,0.));
#2658=DIRECTION('',(2.89120579329468E-16,-1.,0.));
#2659=DIRECTION('',(0.,0.,1.));
#2660=DIRECTION('',(2.89120579329468E-16,-1.,0.));
#2661=DIRECTION('',(0.,0.,1.));
#2662=DIRECTION('',(1.,0.,0.));
#2663=DIRECTION('',(0.,0.,1.));
#2664=DIRECTION('',(0.,0.,1.));
#2665=DIRECTION('',(1.,0.,0.));
#2666=DIRECTION('',(1.,0.,0.));
#2667=DIRECTION('',(0.,0.,-1.));
#2668=DIRECTION('',(0.,0.,1.));
#2669=DIRECTION('',(0.,1.,0.));
#2670=DIRECTION('',(0.,0.,1.));
#2671=DIRECTION('',(0.,1.,0.));
#2672=DIRECTION('',(0.,0.,1.));
#2673=DIRECTION('',(0.,-1.,0.));
#2674=DIRECTION('',(1.,2.06514699521049E-16,0.));
#2675=DIRECTION('',(-2.06514699521049E-16,1.,0.));
#2676=DIRECTION('',(-2.06514699521049E-16,1.,0.));
#2677=DIRECTION('',(0.,0.,1.));
#2678=DIRECTION('',(0.,-1.,0.));
#2679=DIRECTION('',(0.,0.,1.));
#2680=DIRECTION('',(-2.06514699521049E-16,1.,0.));
#2681=DIRECTION('',(7.32148737874265E-16,-1.,0.));
#2682=DIRECTION('',(1.,7.32148737874265E-16,0.));
#2683=DIRECTION('',(7.32148737874265E-16,-1.,0.));
#2684=DIRECTION('',(1.,7.32148737874265E-16,0.));
#2685=DIRECTION('',(1.,7.32148737874265E-16,0.));
#2686=DIRECTION('',(1.,4.62253940703966E-16,0.));
#2687=DIRECTION('',(0.,0.,1.));
#2688=DIRECTION('',(1.,0.,0.));
#2689=DIRECTION('',(0.,0.,1.));
#2690=DIRECTION('',(0.,0.,1.));
#2691=DIRECTION('',(1.,0.,0.));
#2692=DIRECTION('',(-1.,0.,0.));
#2693=DIRECTION('',(0.,0.,1.));
#2694=DIRECTION('',(0.,0.,1.));
#2695=DIRECTION('',(0.,-1.,0.));
#2696=DIRECTION('',(0.,0.,1.));
#2697=DIRECTION('',(1.,0.,0.));
#2698=DIRECTION('',(0.,0.,1.));
#2699=DIRECTION('',(1.,0.,0.));
#2700=DIRECTION('',(0.,0.,1.));
#2701=DIRECTION('',(1.,0.,0.));
#2702=DIRECTION('',(1.,7.42927230927105E-16,0.));
#2703=DIRECTION('',(0.,0.,1.));
#2704=DIRECTION('',(1.,0.,0.));
#2705=DIRECTION('',(8.21170876202039E-16,-1.,0.));
#2706=DIRECTION('',(0.,0.,1.));
#2707=DIRECTION('',(1.,0.,0.));
#2708=DIRECTION('',(1.,7.52340456637147E-16,0.));
#2709=DIRECTION('',(0.,0.,1.));
#2710=DIRECTION('',(1.,0.,0.));
#2711=DIRECTION('',(6.06016934839059E-16,-1.,0.));
#2712=DIRECTION('',(0.,0.,1.));
#2713=DIRECTION('',(1.,0.,0.));
#2714=DIRECTION('',(1.,6.93380911055949E-16,0.));
#2715=DIRECTION('',(0.,-1.,0.));
#2716=DIRECTION('',(0.,0.,-1.));
#2717=DIRECTION('',(0.,0.,1.));
#2718=DIRECTION('',(1.,0.,0.));
#2719=DIRECTION('',(-1.,-7.3427448718595E-16,0.));
#2720=DIRECTION('',(7.3427448718595E-16,-1.,0.));
#2721=DIRECTION('',(0.,0.,1.));
#2722=DIRECTION('',(7.3427448718595E-16,-1.,0.));
#2723=DIRECTION('',(0.,0.,1.));
#2724=DIRECTION('',(7.52340456637147E-16,-1.,0.));
#2725=DIRECTION('',(1.,7.52340456637147E-16,0.));
#2726=DIRECTION('',(0.,0.,1.));
#2727=DIRECTION('',(1.,7.52340456637147E-16,0.));
#2728=DIRECTION('',(0.,0.,1.));
#2729=DIRECTION('',(-1.,-6.06016934839059E-16,0.));
#2730=DIRECTION('',(6.06016934839059E-16,-1.,0.));
#2731=DIRECTION('',(0.,0.,1.));
#2732=DIRECTION('',(0.,0.,1.));
#2733=DIRECTION('',(6.06016934839059E-16,-1.,0.));
#2734=DIRECTION('',(7.25825722166028E-16,-1.,0.));
#2735=DIRECTION('',(1.,7.25825722166028E-16,0.));
#2736=DIRECTION('',(0.,0.,1.));
#2737=DIRECTION('',(1.,7.25825722166028E-16,0.));
#2738=DIRECTION('',(0.,0.,1.));
#2739=DIRECTION('',(1.,0.,0.));
#2740=DIRECTION('',(0.,0.,1.));
#2741=DIRECTION('',(1.,0.,0.));
#2742=DIRECTION('',(0.,0.,1.));
#2743=DIRECTION('',(1.,0.,0.));
#2744=DIRECTION('',(0.,0.,1.));
#2745=DIRECTION('',(1.,0.,0.));
#2746=DIRECTION('',(0.,0.,1.));
#2747=DIRECTION('',(1.,0.,0.));
#2748=DIRECTION('',(0.,0.,1.));
#2749=DIRECTION('',(1.,0.,0.));
#2750=DIRECTION('',(0.,0.,1.));
#2751=DIRECTION('',(1.,0.,0.));
#2752=DIRECTION('',(0.,0.,1.));
#2753=DIRECTION('',(1.,0.,0.));
#2754=DIRECTION('',(0.,0.,1.));
#2755=DIRECTION('',(1.,0.,0.));
#2756=DIRECTION('',(0.,0.,1.));
#2757=DIRECTION('',(1.,0.,0.));
#2758=DIRECTION('',(0.,0.,1.));
#2759=DIRECTION('',(0.,0.,1.));
#2760=DIRECTION('',(1.,0.,0.));
#2761=DIRECTION('',(0.,0.,1.));
#2762=DIRECTION('',(7.28352196921174E-16,-1.,0.));
#2763=DIRECTION('',(1.,7.28352196921174E-16,0.));
#2764=DIRECTION('',(1.,7.28352196921174E-16,0.));
#2765=DIRECTION('',(1.,7.28352196921174E-16,0.));
#2766=DIRECTION('',(7.28352196921174E-16,-1.,0.));
#2767=DIRECTION('',(1.,7.28352196921174E-16,0.));
#2768=DIRECTION('',(7.74430123203933E-16,-1.,0.));
#2769=DIRECTION('',(1.,7.74430123203933E-16,0.));
#2770=DIRECTION('',(1.,7.74430123203933E-16,0.));
#2771=DIRECTION('',(7.74430123203933E-16,-1.,0.));
#2772=DIRECTION('',(1.,7.74430123203933E-16,0.));
#2773=DIRECTION('',(1.,7.74430123203933E-16,0.));
#2774=DIRECTION('',(0.,0.,1.));
#2775=DIRECTION('',(0.,0.,1.));
#2776=DIRECTION('',(1.,0.,0.));
#2777=DIRECTION('',(0.,0.,1.));
#2778=DIRECTION('',(1.,0.,0.));
#2779=DIRECTION('',(0.,0.,1.));
#2780=DIRECTION('',(1.,0.,0.));
#2781=DIRECTION('',(0.,0.,1.));
#2782=DIRECTION('',(-1.,-6.45478502689044E-16,0.));
#2783=DIRECTION('',(6.45478502689044E-16,-1.,0.));
#2784=DIRECTION('',(6.45478502689044E-16,-1.,0.));
#2785=DIRECTION('',(6.45478502689044E-16,-1.,0.));
#2786=DIRECTION('',(0.,0.,1.));
#2787=DIRECTION('',(0.,0.,1.));
#2788=DIRECTION('',(1.,0.,0.));
#2789=DIRECTION('',(0.,0.,1.));
#2790=DIRECTION('',(1.,0.,0.));
#2791=DIRECTION('',(0.,0.,1.));
#2792=DIRECTION('',(1.,0.,0.));
#2793=DIRECTION('',(0.,0.,1.));
#2794=DIRECTION('',(7.02080327545419E-16,-1.,0.));
#2795=DIRECTION('',(1.,7.02080327545419E-16,0.));
#2796=DIRECTION('',(1.,7.02080327545419E-16,0.));
#2797=DIRECTION('',(1.,7.02080327545419E-16,0.));
#2798=DIRECTION('',(0.,0.,1.));
#2799=DIRECTION('',(0.,0.,1.));
#2800=DIRECTION('',(1.,0.,0.));
#2801=DIRECTION('',(0.,0.,1.));
#2802=DIRECTION('',(1.,0.,0.));
#2803=DIRECTION('',(0.,0.,1.));
#2804=DIRECTION('',(1.,0.,0.));
#2805=DIRECTION('',(0.,0.,1.));
#2806=DIRECTION('',(-1.,-6.45478502689044E-16,0.));
#2807=DIRECTION('',(6.45478502689044E-16,-1.,0.));
#2808=DIRECTION('',(6.45478502689044E-16,-1.,0.));
#2809=DIRECTION('',(6.45478502689044E-16,-1.,0.));
#2810=DIRECTION('',(0.,0.,1.));
#2811=DIRECTION('',(1.,0.,0.));
#2812=DIRECTION('',(-1.,-3.09772049281573E-16,0.));
#2813=DIRECTION('',(3.09772049281573E-16,-1.,0.));
#2814=DIRECTION('',(0.,0.,1.));
#2815=DIRECTION('',(3.09772049281573E-16,-1.,0.));
#2816=DIRECTION('',(3.09772049281573E-16,-1.,0.));
#2817=DIRECTION('',(0.,0.,1.));
#2818=DIRECTION('',(0.,-1.,0.));
#2819=DIRECTION('',(-1.,-3.09772049281574E-16,0.));
#2820=DIRECTION('',(3.09772049281574E-16,-1.,0.));
#2821=DIRECTION('',(3.09772049281574E-16,-1.,0.));
#2822=DIRECTION('',(0.,0.,1.));
#2823=DIRECTION('',(0.,-1.,0.));
#2824=DIRECTION('',(0.,0.,1.));
#2825=DIRECTION('',(3.09772049281574E-16,-1.,0.));
#2826=DIRECTION('',(0.,0.,1.));
#2827=DIRECTION('',(1.,0.,0.));
#2828=DIRECTION('',(1.,0.,0.));
#2829=DIRECTION('',(0.,-1.,0.));
#2830=DIRECTION('',(0.,0.,-1.));
#2831=DIRECTION('',(1.,0.,0.));
#2832=DIRECTION('',(0.,-1.,0.));
#2833=DIRECTION('',(0.,0.,-1.));
#2834=DIRECTION('',(1.,0.,0.));
#2835=DIRECTION('',(0.,-1.,0.));
#2836=DIRECTION('',(0.,0.,-1.));
#2837=DIRECTION('',(1.,0.,0.));
#2838=DIRECTION('',(0.,-1.,0.));
#2839=DIRECTION('',(0.,0.,-1.));
#2840=DIRECTION('',(0.,0.,1.));
#2841=DIRECTION('',(1.,0.,0.));
#2842=DIRECTION('',(0.,0.,1.));
#2843=DIRECTION('',(1.,0.,0.));
#2844=DIRECTION('',(1.0559186375511E-15,-1.,0.));
#2845=DIRECTION('',(-1.,-8.63487116312642E-16,0.));
#2846=DIRECTION('',(1.20676415720126E-15,-1.,0.));
#2847=DIRECTION('',(-1.,-8.41346421022574E-16,0.));
#2848=DIRECTION('',(0.,-1.,0.));
#2849=DIRECTION('',(1.,0.,0.));
#2850=DIRECTION('',(0.,-1.,0.));
#2851=DIRECTION('',(0.,1.,0.));
#2852=DIRECTION('',(-2.06514699521049E-16,1.,0.));
#2853=DIRECTION('',(3.09772049281573E-16,-1.,0.));
#2854=DIRECTION('',(3.09772049281574E-16,-1.,0.));
#2855=DIRECTION('',(4.13029399042096E-16,-1.,0.));
#2856=DIRECTION('',(1.,9.0680788080335E-16,0.));
#2857=DIRECTION('',(4.13029399042098E-16,-1.,0.));
#2858=DIRECTION('',(0.,-1.,0.));
#2859=DIRECTION('',(1.,0.,0.));
#2860=DIRECTION('',(0.,-1.,0.));
#2861=DIRECTION('',(0.,-1.,0.));
#2862=DIRECTION('',(1.,0.,0.));
#2863=DIRECTION('',(0.,-1.,0.));
#2864=DIRECTION('',(0.,-1.,0.));
#2865=DIRECTION('',(1.,9.33650955854041E-16,0.));
#2866=DIRECTION('',(0.,-1.,0.));
#2867=DIRECTION('',(0.,0.,1.));
#2868=DIRECTION('',(1.,0.,0.));
#2869=DIRECTION('',(0.,0.,1.));
#2870=DIRECTION('',(1.,0.,0.));
#2871=DIRECTION('',(0.,0.,1.));
#2872=DIRECTION('',(1.,0.,0.));
#2873=DIRECTION('',(0.,0.,1.));
#2874=DIRECTION('',(1.,0.,0.));
#2875=DIRECTION('',(0.,0.,1.));
#2876=DIRECTION('',(1.,0.,0.));
#2877=DIRECTION('',(0.,0.,1.));
#2878=DIRECTION('',(1.,0.,0.));
#2879=DIRECTION('',(-1.,-4.13029399042096E-16,0.));
#2880=DIRECTION('',(4.13029399042096E-16,-1.,0.));
#2881=DIRECTION('',(0.,0.,1.));
#2882=DIRECTION('',(4.13029399042096E-16,-1.,0.));
#2883=DIRECTION('',(4.13029399042096E-16,-1.,0.));
#2884=DIRECTION('',(0.,0.,1.));
#2885=DIRECTION('',(0.,-1.,0.));
#2886=DIRECTION('',(-1.,-4.13029399042098E-16,0.));
#2887=DIRECTION('',(4.13029399042098E-16,-1.,0.));
#2888=DIRECTION('',(4.13029399042098E-16,-1.,0.));
#2889=DIRECTION('',(0.,0.,1.));
#2890=DIRECTION('',(0.,-1.,0.));
#2891=DIRECTION('',(0.,0.,1.));
#2892=DIRECTION('',(4.13029399042098E-16,-1.,0.));
#2893=DIRECTION('',(0.,0.,1.));
#2894=DIRECTION('',(1.,0.,0.));
#2895=DIRECTION('',(1.,9.06807880803351E-16,0.));
#2896=DIRECTION('',(9.06807880803351E-16,-1.,0.));
#2897=DIRECTION('',(1.,9.06807880803351E-16,0.));
#2898=DIRECTION('',(1.,9.06807880803351E-16,0.));
#2899=DIRECTION('',(9.0680788080335E-16,-1.,0.));
#2900=DIRECTION('',(1.,9.0680788080335E-16,0.));
#2901=DIRECTION('',(9.0680788080335E-16,-1.,0.));
#2902=DIRECTION('',(1.,9.0680788080335E-16,0.));
#2903=DIRECTION('',(1.,9.0680788080335E-16,0.));
#2904=DIRECTION('',(9.0680788080335E-16,-1.,0.));
#2905=DIRECTION('',(1.,9.0680788080335E-16,0.));
#2906=DIRECTION('',(0.,0.,1.));
#2907=DIRECTION('',(1.,0.,0.));
#2908=DIRECTION('',(-1.,0.,0.));
#2909=DIRECTION('',(0.,0.,1.));
#2910=DIRECTION('',(0.,0.,1.));
#2911=DIRECTION('',(0.,-1.,0.));
#2912=DIRECTION('',(0.,-1.,0.));
#2913=DIRECTION('',(0.,0.,1.));
#2914=DIRECTION('',(0.,-1.,0.));
#2915=DIRECTION('',(-1.,0.,0.));
#2916=DIRECTION('',(0.,0.,1.));
#2917=DIRECTION('',(0.,-1.,0.));
#2918=DIRECTION('',(0.,0.,1.));
#2919=DIRECTION('',(0.,-1.,0.));
#2920=DIRECTION('',(0.,0.,1.));
#2921=DIRECTION('',(0.,-1.,0.));
#2922=DIRECTION('',(0.,0.,1.));
#2923=DIRECTION('',(1.,0.,0.));
#2924=DIRECTION('',(1.,0.,0.));
#2925=DIRECTION('',(0.,-1.,0.));
#2926=DIRECTION('',(0.,0.,-1.));
#2927=DIRECTION('',(1.,0.,0.));
#2928=DIRECTION('',(0.,-1.,0.));
#2929=DIRECTION('',(0.,0.,-1.));
#2930=DIRECTION('',(0.,-1.,0.));
#2931=DIRECTION('',(0.,0.,-1.));
#2932=DIRECTION('',(1.,0.,0.));
#2933=DIRECTION('',(0.,-1.,0.));
#2934=DIRECTION('',(0.,0.,-1.));
#2935=DIRECTION('',(0.,0.,1.));
#2936=DIRECTION('',(1.,0.,0.));
#2937=DIRECTION('',(-1.,0.,0.));
#2938=DIRECTION('',(0.,0.,1.));
#2939=DIRECTION('',(0.,0.,1.));
#2940=DIRECTION('',(0.,-1.,0.));
#2941=DIRECTION('',(0.,-1.,0.));
#2942=DIRECTION('',(0.,0.,1.));
#2943=DIRECTION('',(0.,-1.,0.));
#2944=DIRECTION('',(-1.,0.,0.));
#2945=DIRECTION('',(0.,0.,1.));
#2946=DIRECTION('',(0.,-1.,0.));
#2947=DIRECTION('',(0.,0.,1.));
#2948=DIRECTION('',(0.,-1.,0.));
#2949=DIRECTION('',(0.,0.,1.));
#2950=DIRECTION('',(0.,-1.,0.));
#2951=DIRECTION('',(0.,0.,1.));
#2952=DIRECTION('',(1.,0.,0.));
#2953=DIRECTION('',(1.,0.,0.));
#2954=DIRECTION('',(0.,-1.,0.));
#2955=DIRECTION('',(0.,0.,-1.));
#2956=DIRECTION('',(1.,0.,0.));
#2957=DIRECTION('',(0.,-1.,0.));
#2958=DIRECTION('',(0.,0.,-1.));
#2959=DIRECTION('',(0.,-1.,0.));
#2960=DIRECTION('',(0.,0.,-1.));
#2961=DIRECTION('',(1.,0.,0.));
#2962=DIRECTION('',(0.,-1.,0.));
#2963=DIRECTION('',(0.,0.,-1.));
#2964=DIRECTION('',(0.,0.,1.));
#2965=DIRECTION('',(1.,0.,0.));
#2966=DIRECTION('',(-1.,0.,0.));
#2967=DIRECTION('',(0.,0.,1.));
#2968=DIRECTION('',(0.,0.,1.));
#2969=DIRECTION('',(0.,-1.,0.));
#2970=DIRECTION('',(0.,-1.,0.));
#2971=DIRECTION('',(0.,0.,1.));
#2972=DIRECTION('',(0.,-1.,0.));
#2973=DIRECTION('',(-1.,0.,0.));
#2974=DIRECTION('',(0.,0.,1.));
#2975=DIRECTION('',(0.,-1.,0.));
#2976=DIRECTION('',(0.,0.,1.));
#2977=DIRECTION('',(0.,-1.,0.));
#2978=DIRECTION('',(0.,0.,1.));
#2979=DIRECTION('',(0.,-1.,0.));
#2980=DIRECTION('',(0.,0.,1.));
#2981=DIRECTION('',(1.,0.,0.));
#2982=DIRECTION('',(1.,9.33650955854043E-16,0.));
#2983=DIRECTION('',(9.33650955854043E-16,-1.,0.));
#2984=DIRECTION('',(1.,9.33650955854043E-16,0.));
#2985=DIRECTION('',(1.,9.33650955854043E-16,0.));
#2986=DIRECTION('',(9.33650955854041E-16,-1.,0.));
#2987=DIRECTION('',(1.,9.33650955854041E-16,0.));
#2988=DIRECTION('',(9.33650955854041E-16,-1.,0.));
#2989=DIRECTION('',(1.,9.33650955854041E-16,0.));
#2990=DIRECTION('',(1.,9.33650955854041E-16,0.));
#2991=DIRECTION('',(9.33650955854041E-16,-1.,0.));
#2992=DIRECTION('',(1.,9.33650955854041E-16,0.));
#2993=DIRECTION('',(0.,0.,1.));
#2994=DIRECTION('',(1.,0.,0.));
#2995=DIRECTION('',(-1.,0.,0.));
#2996=DIRECTION('',(0.,0.,1.));
#2997=DIRECTION('',(0.,0.,1.));
#2998=DIRECTION('',(0.,-1.,0.));
#2999=DIRECTION('',(0.,-1.,0.));
#3000=DIRECTION('',(0.,0.,1.));
#3001=DIRECTION('',(0.,-1.,0.));
#3002=DIRECTION('',(-1.,0.,0.));
#3003=DIRECTION('',(0.,0.,1.));
#3004=DIRECTION('',(0.,-1.,0.));
#3005=DIRECTION('',(0.,0.,1.));
#3006=DIRECTION('',(0.,-1.,0.));
#3007=DIRECTION('',(0.,0.,1.));
#3008=DIRECTION('',(0.,-1.,0.));
#3009=DIRECTION('',(0.,0.,1.));
#3010=DIRECTION('',(1.,0.,0.));
#3011=DIRECTION('',(1.,0.,0.));
#3012=DIRECTION('',(0.,-1.,0.));
#3013=DIRECTION('',(0.,0.,-1.));
#3014=DIRECTION('',(1.,0.,0.));
#3015=DIRECTION('',(0.,-1.,0.));
#3016=DIRECTION('',(0.,0.,-1.));
#3017=DIRECTION('',(0.,-1.,0.));
#3018=DIRECTION('',(0.,0.,-1.));
#3019=DIRECTION('',(1.,0.,0.));
#3020=DIRECTION('',(0.,-1.,0.));
#3021=DIRECTION('',(0.,0.,-1.));
#3022=DIRECTION('',(0.,0.,1.));
#3023=DIRECTION('',(1.,0.,0.));
#3024=DIRECTION('',(8.41346421022574E-16,-1.,0.));
#3025=DIRECTION('',(1.,8.41346421022574E-16,0.));
#3026=DIRECTION('',(0.,0.,-1.));
#3027=DIRECTION('',(1.,1.20676415720126E-15,0.));
#3028=DIRECTION('',(-1.20676415720126E-15,1.,0.));
#3029=DIRECTION('',(8.63487116312642E-16,-1.,0.));
#3030=DIRECTION('',(1.,8.63487116312642E-16,0.));
#3031=DIRECTION('',(1.,1.0559186375511E-15,0.));
#3032=DIRECTION('',(-1.0559186375511E-15,1.,0.));
#3033=DIRECTION('',(0.,0.,-1.));
#3034=DIRECTION('',(-1.,0.,0.));
#3035=DIRECTION('',(0.,0.,1.));
#3036=DIRECTION('',(1.,0.,0.));
#3037=DIRECTION('',(0.,0.,-1.));
#3038=DIRECTION('',(-1.,0.,0.));
#3039=DIRECTION('',(0.,0.,-1.));
#3040=DIRECTION('',(-1.,0.,0.));
#3041=DIRECTION('',(0.,0.,1.));
#3042=DIRECTION('',(1.,0.,0.));
#3043=DIRECTION('',(0.,0.,1.));
#3044=DIRECTION('',(1.,0.,0.));
#3045=DIRECTION('',(0.,0.,-1.));
#3046=DIRECTION('',(-1.,0.,0.));
#3047=DIRECTION('',(0.,0.,1.));
#3048=DIRECTION('',(1.,0.,0.));
#3049=DIRECTION('',(0.,0.,1.));
#3050=DIRECTION('',(1.,0.,0.));
#3051=DIRECTION('',(0.,0.,-1.));
#3052=DIRECTION('',(-1.,0.,0.));
#3053=DIRECTION('',(0.,0.,1.));
#3054=DIRECTION('',(1.,0.,0.));
#3055=DIRECTION('',(0.,0.,1.));
#3056=DIRECTION('',(1.,0.,0.));
#3057=DIRECTION('',(0.,0.,-1.));
#3058=DIRECTION('',(-1.,0.,0.));
#3059=DIRECTION('',(0.,0.,1.));
#3060=DIRECTION('',(1.,0.,0.));
#3061=DIRECTION('',(0.,0.,1.));
#3062=DIRECTION('',(1.,0.,0.));
#3063=DIRECTION('',(0.,0.,1.));
#3064=DIRECTION('',(1.,0.,0.));
#3065=DIRECTION('',(0.,0.,-1.));
#3066=DIRECTION('',(-1.,0.,0.));
#3067=DIRECTION('',(0.,0.,1.));
#3068=DIRECTION('',(1.,0.,0.));
#3069=DIRECTION('',(0.,0.,1.));
#3070=DIRECTION('',(1.,0.,0.));
#3071=DIRECTION('',(0.,0.,-1.));
#3072=DIRECTION('',(-1.,0.,0.));
#3073=DIRECTION('',(0.,0.,1.));
#3074=DIRECTION('',(1.,0.,0.));
#3075=DIRECTION('',(0.,0.,1.));
#3076=DIRECTION('',(1.,0.,0.));
#3077=DIRECTION('',(0.,0.,-1.));
#3078=DIRECTION('',(-1.,0.,0.));
#3079=DIRECTION('',(0.,0.,1.));
#3080=DIRECTION('',(1.,0.,0.));
#3081=DIRECTION('',(0.,0.,1.));
#3082=DIRECTION('',(1.,0.,0.));
#3083=DIRECTION('',(0.,0.,-1.));
#3084=DIRECTION('',(-1.,0.,0.));
#3085=DIRECTION('',(0.,0.,1.));
#3086=DIRECTION('',(1.,0.,0.));
#3087=DIRECTION('',(0.,0.,1.));
#3088=DIRECTION('',(1.,0.,0.));
#3089=DIRECTION('',(0.,-1.,0.));
#3090=DIRECTION('',(0.,0.,-1.));
#3091=DIRECTION('',(0.,-1.,0.));
#3092=DIRECTION('',(0.,0.,-1.));
#3093=DIRECTION('',(0.,-1.,0.));
#3094=DIRECTION('',(0.,0.,-1.));
#3095=DIRECTION('',(0.,-1.,0.));
#3096=DIRECTION('',(0.,0.,-1.));
#3097=DIRECTION('',(4.13029399042096E-16,-1.,0.));
#3098=DIRECTION('',(1.,4.13029399042096E-16,0.));
#3099=DIRECTION('',(3.09772049281573E-16,-1.,0.));
#3100=DIRECTION('',(1.,3.09772049281573E-16,0.));
#3101=DIRECTION('',(-2.06514699521049E-16,1.,0.));
#3102=DIRECTION('',(-1.,-2.06514699521049E-16,0.));
#3103=DIRECTION('',(-3.09772049281574E-16,1.,0.));
#3104=DIRECTION('',(-1.,-3.09772049281574E-16,0.));
#3105=DIRECTION('',(-4.13029399042098E-16,1.,0.));
#3106=DIRECTION('',(-1.,-4.13029399042098E-16,0.));
#3107=DIRECTION('',(0.,1.,0.));
#3108=DIRECTION('',(0.,0.,1.));
#3109=DIRECTION('',(0.,1.,0.));
#3110=DIRECTION('',(0.,0.,1.));
#3111=DIRECTION('',(0.,1.,0.));
#3112=DIRECTION('',(0.,0.,1.));
#3113=DIRECTION('',(0.,1.,0.));
#3114=DIRECTION('',(0.,0.,1.));
#3115=DIRECTION('',(0.,-1.,0.));
#3116=DIRECTION('',(0.,0.,-1.));
#3117=CARTESIAN_POINT('',(0.,0.,0.));
#3118=CARTESIAN_POINT('',(-0.00317139094177049,0.00199934210526316,0.000939339828219793));
#3119=CARTESIAN_POINT('',(0.0324680751523084,0.00199934210526319,0.000939339828219793));
#3120=CARTESIAN_POINT('',(-0.00317139094177049,0.00199934210526316,0.00109843885398677));
#3121=CARTESIAN_POINT('',(0.0324680751523084,0.00199934210526319,0.00109843885398677));
#3122=CARTESIAN_POINT('',(-0.00317139094177049,0.00199934210526313,0.00125753787975376));
#3123=CARTESIAN_POINT('',(0.0324680751523084,0.00199934210526316,0.00125753787975376));
#3124=CARTESIAN_POINT('',(-0.00317139094177146,0.00189327608808511,0.00164644660940729));
#3125=CARTESIAN_POINT('',(0.0324680751523074,0.00189327608808514,0.00164644660940729));
#3126=CARTESIAN_POINT('',(-0.00317139094177339,0.00164578871466977,0.00189393398282206));
#3127=CARTESIAN_POINT('',(0.0324680751523055,0.0016457887146698,0.00189393398282206));
#3128=CARTESIAN_POINT('',(-0.00317139094178015,0.0012568799850168,0.002));
#3129=CARTESIAN_POINT('',(0.0324680751522987,0.00125687998501683,0.002));
#3130=CARTESIAN_POINT('',(-0.00317139094178112,0.00109778095925031,0.002));
#3131=CARTESIAN_POINT('',(0.0324680751522977,0.00109778095925034,0.002));
#3132=CARTESIAN_POINT('',(-0.00317139094178208,0.000938681933483341,0.002));
#3133=CARTESIAN_POINT('',(0.0324680751522968,0.000938681933483371,0.002));
#3134=CARTESIAN_POINT('',(-0.00317139094177046,0.00199934210526316,0.000939339828220182));
#3135=CARTESIAN_POINT('',(-0.0031713909417695,0.00199934210526316,0.00107192234969262));
#3136=CARTESIAN_POINT('',(-0.00317139094176774,0.00198553142594297,0.00135642234368587));
#3137=CARTESIAN_POINT('',(-0.00317139094176658,0.00176594162475413,0.00176659951949158));
#3138=CARTESIAN_POINT('',(-0.00317139094176984,0.00135576444894827,0.00198618932067994));
#3139=CARTESIAN_POINT('',(-0.00317139094177061,0.00107126445495578,0.002));
#3140=CARTESIAN_POINT('',(-0.00317139094177045,0.000938681933483346,0.002));
#3141=CARTESIAN_POINT('',(-0.00317139094177047,0.000938681933483345,0.002));
#3142=CARTESIAN_POINT('',(-0.00317139094177047,0.00199934210526317,0.000939339828220004));
#3143=CARTESIAN_POINT('',(0.0324680751522968,0.000938681933483381,0.002));
#3144=CARTESIAN_POINT('',(0.020588253120941,0.000938681933483368,0.002));
#3145=CARTESIAN_POINT('',(0.00870843108958528,0.000938681933483355,0.002));
#3146=CARTESIAN_POINT('',(-0.00317139094177047,0.000938681933483341,0.002));
#3147=CARTESIAN_POINT('',(0.0324680751522968,0.000938681933483376,0.002));
#3148=CARTESIAN_POINT('',(0.0324680751522968,0.000938681933483375,0.002));
#3149=CARTESIAN_POINT('',(0.0324680751522966,0.00107126445495581,0.002));
#3150=CARTESIAN_POINT('',(0.0324680751522974,0.0013557644489483,0.00198618932067994));
#3151=CARTESIAN_POINT('',(0.0324680751523006,0.00176594162475416,0.00176659951949158));
#3152=CARTESIAN_POINT('',(0.0324680751522995,0.001985531425943,0.00135642234368587));
#3153=CARTESIAN_POINT('',(0.0324680751522977,0.00199934210526319,0.00107192234969262));
#3154=CARTESIAN_POINT('',(0.0324680751522968,0.00199934210526319,0.000939339828220179));
#3155=CARTESIAN_POINT('',(0.0324680751522968,0.00199934210526319,0.00093933982821614));
#3156=CARTESIAN_POINT('',(-0.00317139094177049,0.00199934210526316,0.00093933982822018));
#3157=CARTESIAN_POINT('',(0.00870843108958527,0.00199934210526317,0.00093933982822018));
#3158=CARTESIAN_POINT('',(0.020588253120941,0.00199934210526319,0.00093933982822018));
#3159=CARTESIAN_POINT('',(0.0324680751522968,0.0019993421052632,0.00093933982822018));
#3160=CARTESIAN_POINT('',(0.0324680751522968,0.00199934210526319,0.000939339828220179));
#3161=CARTESIAN_POINT('',(0.0325628784185972,0.00199934210526319,0.000939339828220426));
#3162=CARTESIAN_POINT('',(0.0327027878620534,0.002000939981314,0.000939339828220076));
#3163=CARTESIAN_POINT('',(0.0328284064270429,0.00201232646908599,0.000939339828220147));
#3164=CARTESIAN_POINT('',(0.0330112850382578,0.0020373286225052,0.000939339828220259));
#3165=CARTESIAN_POINT('',(0.0331276222598312,0.00206479025915421,0.000939339828220218));
#3166=CARTESIAN_POINT('',(0.0333476265189766,0.00214071418469311,0.000939339828220188));
#3167=CARTESIAN_POINT('',(0.033554233742472,0.00223754664033104,0.000939339828220259));
#3168=CARTESIAN_POINT('',(0.033802322224221,0.00243201562664072,0.00093933982822022));
#3169=CARTESIAN_POINT('',(0.0339955911222282,0.00267780886791394,0.000939339828220231));
#3170=CARTESIAN_POINT('',(0.0340932722580484,0.00288475204905319,0.000939339828220134));
#3171=CARTESIAN_POINT('',(0.0341698417197106,0.00310530853763502,0.000939339828220149));
#3172=CARTESIAN_POINT('',(0.0341975259975931,0.00322204412496656,0.000939339828220192));
#3173=CARTESIAN_POINT('',(0.0342227480225466,0.00340569720716485,0.000939339828220078));
#3174=CARTESIAN_POINT('',(0.0342342394482329,0.00353185577239901,0.000939339828219993));
#3175=CARTESIAN_POINT('',(0.0342358421052631,0.00367206813433018,0.000939339828220231));
#3176=CARTESIAN_POINT('',(0.0342358421052631,0.00376710905822853,0.000939339828220067));
#3177=CARTESIAN_POINT('',(0.0324680751522968,0.00199934210526319,0.00100563108895642));
#3178=CARTESIAN_POINT('',(0.0325628784185972,0.00199934207566747,0.00100563108895665));
#3179=CARTESIAN_POINT('',(0.032702787862053,0.00200093999396304,0.00100563108895632));
#3180=CARTESIAN_POINT('',(0.0328284064270436,0.00201232647338365,0.00100563108895639));
#3181=CARTESIAN_POINT('',(0.0330112850382564,0.00203732861390987,0.00100563108895649));
#3182=CARTESIAN_POINT('',(0.0331276222598164,0.00206479025606905,0.00100563108895645));
#3183=CARTESIAN_POINT('',(0.0333476265189915,0.00214071418777827,0.00100563108895643));
#3184=CARTESIAN_POINT('',(0.0335542337425755,0.00223754663889917,0.00100563108895649));
#3185=CARTESIAN_POINT('',(0.0338023222238363,0.00243201562702451,0.00100563108895646));
#3186=CARTESIAN_POINT('',(0.0339955911236637,0.00267780886781062,0.00100563108895646));
#3187=CARTESIAN_POINT('',(0.0340932722549555,0.00288475204903839,0.00100563108895638));
#3188=CARTESIAN_POINT('',(0.0341698417228035,0.00310530853764982,0.00100563108895638));
#3189=CARTESIAN_POINT('',(0.03419752600621,0.00322204412496804,0.00100563108895641));
#3190=CARTESIAN_POINT('',(0.0342227480182382,0.00340569720716411,0.00100563108895633));
#3191=CARTESIAN_POINT('',(0.0342342394355521,0.00353185577239938,0.00100563108895627));
#3192=CARTESIAN_POINT('',(0.0342358421349333,0.00367206813433018,0.0010056310889564));
#3193=CARTESIAN_POINT('',(0.0342358421052631,0.00376710905822853,0.00100563108895631));
#3194=CARTESIAN_POINT('',(0.0324680751522968,0.00199893929378303,0.00107249779466433));
#3195=CARTESIAN_POINT('',(0.0325628784188626,0.00199893924897309,0.00107249779466454));
#3196=CARTESIAN_POINT('',(0.0327028066772863,0.00200053716647894,0.00107249779466423));
#3197=CARTESIAN_POINT('',(0.032828448614637,0.0020119256873706,0.0010724977946643));
#3198=CARTESIAN_POINT('',(0.0330113639314141,0.00203693283166732,0.00107249779466439));
#3199=CARTESIAN_POINT('',(0.0331277274825973,0.00206440050472312,0.00107249779466436));
#3200=CARTESIAN_POINT('',(0.0333477840626349,0.00214034237352595,0.00107249779466433));
#3201=CARTESIAN_POINT('',(0.0335544434034115,0.00223719859452175,0.00107249779466439));
#3202=CARTESIAN_POINT('',(0.0338026098468167,0.00243172769252233,0.00107249779466436));
#3203=CARTESIAN_POINT('',(0.0339959386015387,0.00267759831315069,0.00107249779466435));
#3204=CARTESIAN_POINT('',(0.0340936437717165,0.00288459380809379,0.00107249779466431));
#3205=CARTESIAN_POINT('',(0.0341702313575975,0.00310520281521739,0.00107249779466426));
#3206=CARTESIAN_POINT('',(0.0341979217192342,0.00322196483487383,0.00107249779466423));
#3207=CARTESIAN_POINT('',(0.0342231487832853,0.00340565481150137,0.00107249779466428));
#3208=CARTESIAN_POINT('',(0.034234642264407,0.00353183687828975,0.0010724977946643));
#3209=CARTESIAN_POINT('',(0.0342362449616656,0.00367206813406415,0.00107249779466405));
#3210=CARTESIAN_POINT('',(0.0342362449167433,0.00376710905822853,0.00107249779466423));
#3211=CARTESIAN_POINT('',(0.0324680751522968,0.00198576160393181,0.00121118003283649));
#3212=CARTESIAN_POINT('',(0.0325628784275446,0.00198576154038852,0.00121118003283668));
#3213=CARTESIAN_POINT('',(0.0327034222042092,0.00198735874835368,0.00121118003283641));
#3214=CARTESIAN_POINT('',(0.0328298287516098,0.00199881418967441,0.00121118003283647));
#3215=CARTESIAN_POINT('',(0.0330139448647421,0.00202398523741397,0.00121118003283655));
#3216=CARTESIAN_POINT('',(0.0331311697709579,0.0020516501177663,0.00121118003283652));
#3217=CARTESIAN_POINT('',(0.0333529379901582,0.00212817868591161,0.00121118003283649));
#3218=CARTESIAN_POINT('',(0.0335613023062259,0.00222581259449173,0.00121118003283654));
#3219=CARTESIAN_POINT('',(0.0338120192334014,0.00242230811473944,0.00121118003283651));
#3220=CARTESIAN_POINT('',(0.0340073060687891,0.00267071016951931,0.00121118003283648));
#3221=CARTESIAN_POINT('',(0.0341057977272403,0.00287941706885978,0.0012111800328365));
#3222=CARTESIAN_POINT('',(0.0341829779315186,0.00310174418111685,0.00121118003283638));
#3223=CARTESIAN_POINT('',(0.0342108670487098,0.00321937091605338,0.00121118003283629));
#3224=CARTESIAN_POINT('',(0.0342362595952709,0.00340426786768946,0.0012111800328365));
#3225=CARTESIAN_POINT('',(0.0342478207278903,0.00353121877098303,0.00121118003283664));
#3226=CARTESIAN_POINT('',(0.0342494226702968,0.00367206812536149,0.00121118003283588));
#3227=CARTESIAN_POINT('',(0.0342494226065944,0.00376710905822853,0.00121118003283641));
#3228=CARTESIAN_POINT('',(0.0324680751522968,0.0019731018145551,0.00128276538731208));
#3229=CARTESIAN_POINT('',(0.0325628784358854,0.0019731017475852,0.00128276538731225));
#3230=CARTESIAN_POINT('',(0.0327040135401179,0.00197469825309771,0.00128276538731201));
#3231=CARTESIAN_POINT('',(0.0328311546473912,0.00198621798889849,0.00128276538731206));
#3232=CARTESIAN_POINT('',(0.0330164243640098,0.00201154650480832,0.00128276538731213));
#3233=CARTESIAN_POINT('',(0.0331344767728837,0.00203940083923932,0.0012827653873121));
#3234=CARTESIAN_POINT('',(0.0333578893615706,0.00211649304563659,0.00128276538731208));
#3235=CARTESIAN_POINT('',(0.0335678916451232,0.00221487407988398,0.00128276538731212));
#3236=CARTESIAN_POINT('',(0.0338210588189561,0.00241325873851454,0.0012827653873121));
#3237=CARTESIAN_POINT('',(0.034018226778978,0.00266409273900727,0.00128276538731206));
#3238=CARTESIAN_POINT('',(0.0341174740179124,0.00287444378226671,0.00128276538731211));
#3239=CARTESIAN_POINT('',(0.0341952235468633,0.00309842147586014,0.00128276538731196));
#3240=CARTESIAN_POINT('',(0.0342233036055359,0.00321687894164,0.00128276538731185));
#3241=CARTESIAN_POINT('',(0.0342488551372908,0.00340293543258667,0.00128276538731211));
#3242=CARTESIAN_POINT('',(0.0342604812667371,0.00353062495610303,0.00128276538731228));
#3243=CARTESIAN_POINT('',(0.0342620824631086,0.00367206811700085,0.00128276538731137));
#3244=CARTESIAN_POINT('',(0.0342620823959711,0.00376710905822853,0.00128276538731201));
#3245=CARTESIAN_POINT('',(0.0324680751522968,0.00193166977659495,0.00142455502833126));
#3246=CARTESIAN_POINT('',(0.0325628784631823,0.00193166970591054,0.0014245550283314));
#3247=CARTESIAN_POINT('',(0.0327059488212737,0.00193326390178186,0.0014245550283312));
#3248=CARTESIAN_POINT('',(0.0328354939426754,0.00194499405799735,0.00142455502833124));
#3249=CARTESIAN_POINT('',(0.0330245390888863,0.00197083792754977,0.0014245550283313));
#3250=CARTESIAN_POINT('',(0.0331452996882809,0.00199931229211465,0.00142455502833128));
#3251=CARTESIAN_POINT('',(0.0333740938498257,0.00207824913122746,0.00142455502833125));
#3252=CARTESIAN_POINT('',(0.0335894567542155,0.00217907530516691,0.00142455502833129));
#3253=CARTESIAN_POINT('',(0.0338506429172326,0.00238364259804485,0.00142455502833127));
#3254=CARTESIAN_POINT('',(0.0340539672846871,0.00264243569372133,0.00142455502833124));
#3255=CARTESIAN_POINT('',(0.0341556873336231,0.00285816757160221,0.00142455502833129));
#3256=CARTESIAN_POINT('',(0.0342353001053895,0.00308754716774349,0.00142455502833114));
#3257=CARTESIAN_POINT('',(0.0342640050620561,0.003208723389014,0.00142455502833103));
#3258=CARTESIAN_POINT('',(0.0342900769122659,0.00339857473588683,0.0014245550283313));
#3259=CARTESIAN_POINT('',(0.0343019157607221,0.0035286815619502,0.00142455502833147));
#3260=CARTESIAN_POINT('',(0.0343035145047926,0.00367206808963875,0.00142455502833057));
#3261=CARTESIAN_POINT('',(0.0343035144339313,0.00376710905822853,0.0014245550283312));
#3262=CARTESIAN_POINT('',(0.0324680751522968,0.00190301261700585,0.00149452913688618));
#3263=CARTESIAN_POINT('',(0.0325628784820626,0.00190301254612606,0.0014945291368863));
#3264=CARTESIAN_POINT('',(0.0327072873907399,0.00190460514110718,0.00149452913688613));
#3265=CARTESIAN_POINT('',(0.0328384952885803,0.00191648083877934,0.00149452913688616));
#3266=CARTESIAN_POINT('',(0.0330301517735926,0.00194268116230202,0.00149452913688622));
#3267=CARTESIAN_POINT('',(0.0331527855380984,0.00197158438060088,0.00149452913688619));
#3268=CARTESIAN_POINT('',(0.0333853019542009,0.00205179709018035,0.00149452913688617));
#3269=CARTESIAN_POINT('',(0.0336043726213294,0.00215431448610246,0.0014945291368862));
#3270=CARTESIAN_POINT('',(0.0338711052519048,0.00236315810085587,0.00149452913688619));
#3271=CARTESIAN_POINT('',(0.0340786878010207,0.00262745623740684,0.00149452913688616));
#3272=CARTESIAN_POINT('',(0.0341821182105711,0.00284690985922711,0.0014945291368862));
#3273=CARTESIAN_POINT('',(0.0342630197247888,0.00308002577129495,0.00149452913688608));
#3274=CARTESIAN_POINT('',(0.0342921569021249,0.00320308246511423,0.00149452913688599));
#3275=CARTESIAN_POINT('',(0.0343185886403026,0.00339555858733616,0.00149452913688621));
#3276=CARTESIAN_POINT('',(0.0343305746200787,0.00352733738099447,0.00149452913688635));
#3277=CARTESIAN_POINT('',(0.0343321716645777,0.0036720680707133,0.00149452913688561));
#3278=CARTESIAN_POINT('',(0.0343321715935203,0.00376710905822853,0.00149452913688612));
#3279=CARTESIAN_POINT('',(0.0324680751522968,0.00182998865010108,0.00162400425551165));
#3280=CARTESIAN_POINT('',(0.0325628785301731,0.00182998857896358,0.00162400425551174));
#3281=CARTESIAN_POINT('',(0.0327106983237773,0.00183157709422508,0.00162400425551161));
#3282=CARTESIAN_POINT('',(0.0328461432965187,0.00184382365965282,0.00162400425551163));
#3283=CARTESIAN_POINT('',(0.0330444539761876,0.00187093229671034,0.00162400425551168));
#3284=CARTESIAN_POINT('',(0.0331718609264891,0.00190092831694925,0.00162400425551166));
#3285=CARTESIAN_POINT('',(0.0334138623647474,0.00198439219037866,0.00162400425551164));
#3286=CARTESIAN_POINT('',(0.0336423811260825,0.0020912191459679,0.00162400425551167));
#3287=CARTESIAN_POINT('',(0.0339232472251989,0.00231095965319649,0.00162400425551166));
#3288=CARTESIAN_POINT('',(0.0341416804420278,0.00258928569511232,0.00162400425551164));
#3289=CARTESIAN_POINT('',(0.0342494691801684,0.00281822303793407,0.00162400425551165));
#3290=CARTESIAN_POINT('',(0.0343336546585341,0.0030608598032362,0.00162400425551159));
#3291=CARTESIAN_POINT('',(0.0343638932174108,0.00318870830361059,0.00162400425551155));
#3292=CARTESIAN_POINT('',(0.0343912420196118,0.00338787285940284,0.00162400425551165));
#3293=CARTESIAN_POINT('',(0.0344036029184217,0.00352391214880003,0.00162400425551171));
#3294=CARTESIAN_POINT('',(0.034405195631741,0.00367206802248761,0.00162400425551137));
#3295=CARTESIAN_POINT('',(0.0344051955604251,0.00376710905822853,0.0016240042555116));
#3296=CARTESIAN_POINT('',(0.0324680751522968,0.00178573693177976,0.00168327508759353));
#3297=CARTESIAN_POINT('',(0.0325628785593274,0.00178573686067244,0.00168327508759361));
#3298=CARTESIAN_POINT('',(0.0327127653115675,0.00178732290340285,0.00168327508759349));
#3299=CARTESIAN_POINT('',(0.0328507779049542,0.00179979421065152,0.00168327508759352));
#3300=CARTESIAN_POINT('',(0.0330531209531739,0.00182745327577155,0.00168327508759355));
#3301=CARTESIAN_POINT('',(0.0331834204014083,0.00185811152189532,0.00168327508759354));
#3302=CARTESIAN_POINT('',(0.0334311696584512,0.00194354556471109,0.00168327508759352));
#3303=CARTESIAN_POINT('',(0.0336654138606406,0.00205298406594266,0.00168327508759355));
#3304=CARTESIAN_POINT('',(0.0339548446857712,0.00227932796978189,0.00168327508759354));
#3305=CARTESIAN_POINT('',(0.0341798532875148,0.0025661547675917,0.00168327508759353));
#3306=CARTESIAN_POINT('',(0.0342902831247272,0.00280083914071246,0.00168327508759352));
#3307=CARTESIAN_POINT('',(0.0343764586490979,0.00304924543803739,0.0016832750875935));
#3308=CARTESIAN_POINT('',(0.0344073646330025,0.00317999772031957,0.00168327508759349));
#3309=CARTESIAN_POINT('',(0.0344352691659658,0.00338321539306657,0.00168327508759351));
#3310=CARTESIAN_POINT('',(0.0344478572616266,0.00352183649587842,0.00168327508759352));
#3311=CARTESIAN_POINT('',(0.0344494473500322,0.00367206799326337,0.00168327508759342));
#3312=CARTESIAN_POINT('',(0.0344494472787464,0.00376710905822853,0.00168327508759349));
#3313=CARTESIAN_POINT('',(0.0324680751522968,0.00168261719285672,0.00178639482651656));
#3314=CARTESIAN_POINT('',(0.0325628786272658,0.00168261712171197,0.00178639482651663));
#3315=CARTESIAN_POINT('',(0.0327175820113336,0.00168419740285927,0.00178639482651654));
#3316=CARTESIAN_POINT('',(0.0328615779287726,0.00169719242573828,0.00178639482651656));
#3317=CARTESIAN_POINT('',(0.0330733176017556,0.00172613415282437,0.00178639482651658));
#3318=CARTESIAN_POINT('',(0.0332103574352903,0.00175833558334487,0.00178639482651657));
#3319=CARTESIAN_POINT('',(0.0334715008292149,0.00184836071011076,0.00178639482651657));
#3320=CARTESIAN_POINT('',(0.0337190870210158,0.00196388489375901,0.00178639482651658));
#3321=CARTESIAN_POINT('',(0.0340284762193791,0.00220561668671573,0.00178639482651657));
#3322=CARTESIAN_POINT('',(0.0342688074346107,0.0025122527882455,0.00178639482651658));
#3323=CARTESIAN_POINT('',(0.0343853918225694,0.00276032946084098,0.00178639482651654));
#3324=CARTESIAN_POINT('',(0.0344762047493566,0.00302218049338689,0.00178639482651658));
#3325=CARTESIAN_POINT('',(0.0345086660332165,0.0031596994560055,0.00178639482651661));
#3326=CARTESIAN_POINT('',(0.0345378655850222,0.00337236210350274,0.00178639482651653));
#3327=CARTESIAN_POINT('',(0.0345509831172676,0.0035169996037646,0.00178639482651647));
#3328=CARTESIAN_POINT('',(0.0345525670889928,0.00367206792516215,0.0017863948265167));
#3329=CARTESIAN_POINT('',(0.0345525670176694,0.00376710905822853,0.00178639482651654));
#3330=CARTESIAN_POINT('',(0.0324680751522968,0.00162334636077484,0.00183064654483789));
#3331=CARTESIAN_POINT('',(0.0325628786663152,0.00162334628960857,0.00183064654483794));
#3332=CARTESIAN_POINT('',(0.0327203505385429,0.00162492325913166,0.00183064654483787));
#3333=CARTESIAN_POINT('',(0.0328677855317486,0.0016382193015973,0.00183064654483788));
#3334=CARTESIAN_POINT('',(0.0330849261665096,0.00166789827300541,0.00183064654483791));
#3335=CARTESIAN_POINT('',(0.0332258402170417,0.00170098669009322,0.0018306465448379));
#3336=CARTESIAN_POINT('',(0.0334946822499105,0.00179365066533491,0.00183064654483789));
#3337=CARTESIAN_POINT('',(0.0337499371076154,0.00191267275796149,0.00183064654483791));
#3338=CARTESIAN_POINT('',(0.0340707979155935,0.00216324915236409,0.0018306465448379));
#3339=CARTESIAN_POINT('',(0.0343199362133544,0.00248127118181326,0.00183064654483791));
#3340=CARTESIAN_POINT('',(0.0344400580942086,0.00273704543725413,0.00183064654483787));
#3341=CARTESIAN_POINT('',(0.0345335364922508,0.00300662419149514,0.00183064654483791));
#3342=CARTESIAN_POINT('',(0.0345668917264199,0.00314803248488748,0.00183064654483796));
#3343=CARTESIAN_POINT('',(0.0345968356249931,0.00336612388461282,0.00183064654483785));
#3344=CARTESIAN_POINT('',(0.0346102574650969,0.00351421947046257,0.00183064654483778));
#3345=CARTESIAN_POINT('',(0.0346118379210963,0.00367206788601915,0.00183064654483809));
#3346=CARTESIAN_POINT('',(0.0346118378497513,0.00376710905822853,0.00183064654483787));
#3347=CARTESIAN_POINT('',(0.0324680751522968,0.00149387124214937,0.00190367051174265));
#3348=CARTESIAN_POINT('',(0.0325628787516174,0.0014938711709361,0.00190367051174269));
#3349=CARTESIAN_POINT('',(0.0327263982921553,0.00149544090632861,0.00190367051174264));
#3350=CARTESIAN_POINT('',(0.0328813458295117,0.00150939451585245,0.00190367051174265));
#3351=CARTESIAN_POINT('',(0.033110284681749,0.00154068397243,0.00190367051174266));
#3352=CARTESIAN_POINT('',(0.0332596618276636,0.0015757099815338,0.00190367051174266));
#3353=CARTESIAN_POINT('',(0.0335453212757019,0.00167413843160125,0.00190367051174265));
#3354=CARTESIAN_POINT('',(0.0338173280734883,0.00180080158753001,0.00190367051174267));
#3355=CARTESIAN_POINT('',(0.0341632482228579,0.00207069871324644,0.00190367051174266));
#3356=CARTESIAN_POINT('',(0.0344316252931344,0.00241359291533505,0.00190367051174267));
#3357=CARTESIAN_POINT('',(0.0345594747070127,0.00268618227893335,0.00190367051174263));
#3358=CARTESIAN_POINT('',(0.0346587757364372,0.00297264197862482,0.00190367051174268));
#3359=CARTESIAN_POINT('',(0.0346940837746796,0.00312254638293065,0.00190367051174273));
#3360=CARTESIAN_POINT('',(0.0347256536734735,0.00335249670742609,0.00190367051174262));
#3361=CARTESIAN_POINT('',(0.0347397402637532,0.00350814636373485,0.00190367051174254));
#3362=CARTESIAN_POINT('',(0.034741313039769,0.00367206780051259,0.00190367051174288));
#3363=CARTESIAN_POINT('',(0.0347413129683768,0.00376710905822853,0.00190367051174264));
#3364=CARTESIAN_POINT('',(0.0324680751522968,0.00142389713359445,0.00193232767133176));
#3365=CARTESIAN_POINT('',(0.0325628787977186,0.00142389706235578,0.00193232767133178));
#3366=CARTESIAN_POINT('',(0.0327296667669965,0.00142546288810261,0.00193232767133175));
#3367=CARTESIAN_POINT('',(0.0328886744171028,0.00143977187608989,0.00193232767133175));
#3368=CARTESIAN_POINT('',(0.0331239895504295,0.00147193171043013,0.00193232767133176));
#3369=CARTESIAN_POINT('',(0.0332779405292264,0.00150800488037457,0.00193232767133176));
#3370=CARTESIAN_POINT('',(0.033572688855863,0.00160954870883675,0.00193232767133176));
#3371=CARTESIAN_POINT('',(0.0338537491466,0.00174034143497682,0.00193232767133177));
#3372=CARTESIAN_POINT('',(0.0342132124778061,0.00202068034259441,0.00193232767133176));
#3373=CARTESIAN_POINT('',(0.0344919870358066,0.00237701657220728,0.00193232767133177));
#3374=CARTESIAN_POINT('',(0.0346240127519771,0.00265869356759199,0.00193232767133174));
#3375=CARTESIAN_POINT('',(0.0347264605901841,0.00295427648046913,0.00193232767133178));
#3376=CARTESIAN_POINT('',(0.0347628240105391,0.00310877256071753,0.00193232767133183));
#3377=CARTESIAN_POINT('',(0.0347952726721188,0.00334513197522206,0.00193232767133173));
#3378=CARTESIAN_POINT('',(0.0348097185229381,0.00350486418694333,0.00193232767133166));
#3379=CARTESIAN_POINT('',(0.0348112871483494,0.00367206775430104,0.00193232767133195));
#3380=CARTESIAN_POINT('',(0.0348112870769317,0.00376710905822853,0.00193232767133175));
#3381=CARTESIAN_POINT('',(0.0324680751522968,0.00128210749257528,0.00197375970929191));
#3382=CARTESIAN_POINT('',(0.0325628788911339,0.00128210742128514,0.00197375970929192));
#3383=CARTESIAN_POINT('',(0.0327362897291748,0.00128366532485518,0.0019737597092919));
#3384=CARTESIAN_POINT('',(0.0329035244498531,0.00129869442183419,0.0019737597092919));
#3385=CARTESIAN_POINT('',(0.0331517599422294,0.00133261791637777,0.00197375970929191));
#3386=CARTESIAN_POINT('',(0.0333149789508141,0.00137081296486772,0.00197375970929191));
#3387=CARTESIAN_POINT('',(0.033628144215663,0.00147866953376131,0.00197375970929191));
#3388=CARTESIAN_POINT('',(0.0339275497421159,0.00161783007322431,0.00197375970929191));
#3389=CARTESIAN_POINT('',(0.034314455836517,0.00191932732837845,0.00197375970929191));
#3390=CARTESIAN_POINT('',(0.0346142989880634,0.00230290135060626,0.00197375970929192));
#3391=CARTESIAN_POINT('',(0.0347547872115101,0.0026029927577687,0.00197375970929189));
#3392=CARTESIAN_POINT('',(0.0348636114780398,0.00291706218157469,0.00197375970929192));
#3393=CARTESIAN_POINT('',(0.0349021134358333,0.00308086244728569,0.00197375970929195));
#3394=CARTESIAN_POINT('',(0.0349363427483213,0.0033302087020718,0.00197375970929189));
#3395=CARTESIAN_POINT('',(0.0349515165744444,0.00349821346028684,0.00197375970929186));
#3396=CARTESIAN_POINT('',(0.0349530767894202,0.00367206766066185,0.00197375970929201));
#3397=CARTESIAN_POINT('',(0.0349530767179509,0.00376710905822853,0.0019737597092919));
#3398=CARTESIAN_POINT('',(0.0324680751522968,0.00121052213809969,0.00198641949866862));
#3399=CARTESIAN_POINT('',(0.0325628789382965,0.00121052206678357,0.00198641949866862));
#3400=CARTESIAN_POINT('',(0.0327396334649499,0.00121207597068319,0.00198641949866862));
#3401=CARTESIAN_POINT('',(0.0329110217878164,0.00122746862918237,0.00198641949866862));
#3402=CARTESIAN_POINT('',(0.033165780383544,0.00126228254308186,0.00198641949866862));
#3403=CARTESIAN_POINT('',(0.0333336785435313,0.00130154886466864,0.00198641949866862));
#3404=CARTESIAN_POINT('',(0.0336561419703672,0.00141259254764368,0.00198641949866862));
#3405=CARTESIAN_POINT('',(0.0339648094583584,0.00155597774610575,0.00198641949866862));
#3406=CARTESIAN_POINT('',(0.0343655705841779,0.00186815721892851,0.00198641949866862));
#3407=CARTESIAN_POINT('',(0.0346760506392839,0.00226548278905121,0.00198641949866862));
#3408=CARTESIAN_POINT('',(0.0348208113298782,0.00257487108267935,0.00198641949866861));
#3409=CARTESIAN_POINT('',(0.0349328548646033,0.00289827379365883,0.00198641949866863));
#3410=CARTESIAN_POINT('',(0.0349724365060712,0.00306677146469267,0.00198641949866864));
#3411=CARTESIAN_POINT('',(0.0350075648160144,0.00332267438721833,0.00198641949866861));
#3412=CARTESIAN_POINT('',(0.0350231061751238,0.00349485570705604,0.00198641949866859));
#3413=CARTESIAN_POINT('',(0.0350246621439218,0.00367206761338622,0.00198641949866867));
#3414=CARTESIAN_POINT('',(0.0350246620724265,0.00376710905822853,0.00198641949866862));
#3415=CARTESIAN_POINT('',(0.0324680751522968,0.00107183989992752,0.00199959718851983));
#3416=CARTESIAN_POINT('',(0.0325628790296641,0.00107183982856108,0.00199959718851983));
#3417=CARTESIAN_POINT('',(0.0327461112810418,0.00107338598390303,0.00199959718851983));
#3418=CARTESIAN_POINT('',(0.0329255463734205,0.00108948296978454,0.00199959718851983));
#3419=CARTESIAN_POINT('',(0.033192942170978,0.00112602189224332,0.00199959718851983));
#3420=CARTESIAN_POINT('',(0.0333699052464641,0.00116736359016721,0.00199959718851983));
#3421=CARTESIAN_POINT('',(0.0337103819935483,0.00128458166617785,0.00199959718851983));
#3422=CARTESIAN_POINT('',(0.0340369926706933,0.0014361512924436,0.00199959718851983));
#3423=CARTESIAN_POINT('',(0.0344645951355144,0.00176902541525138,0.00199959718851983));
#3424=CARTESIAN_POINT('',(0.034795682053626,0.00219299184584567,0.00199959718851983));
#3425=CARTESIAN_POINT('',(0.034948719790704,0.00252039098865576,0.00199959718851983));
#3426=CARTESIAN_POINT('',(0.0350670000105984,0.00286187506787329,0.00199959718851983));
#3427=CARTESIAN_POINT('',(0.0351086733222071,0.00303947301770779,0.00199959718851983));
#3428=CARTESIAN_POINT('',(0.0351455432590534,0.00330807816632054,0.00199959718851983));
#3429=CARTESIAN_POINT('',(0.0351617966394624,0.003488350734961,0.00199959718851983));
#3430=CARTESIAN_POINT('',(0.0351633443821442,0.00367206752179921,0.00199959718851983));
#3431=CARTESIAN_POINT('',(0.0351633443105987,0.00376710905822853,0.00199959718851983));
#3432=CARTESIAN_POINT('',(0.0324680751522968,0.00100497319421961,0.002));
#3433=CARTESIAN_POINT('',(0.0325628790737175,0.0010049731228289,0.002));
#3434=CARTESIAN_POINT('',(0.0327492346097965,0.0010065155421443,0.002));
#3435=CARTESIAN_POINT('',(0.0329325495138653,0.00102295212487986,0.002));
#3436=CARTESIAN_POINT('',(0.0332060384352926,0.00106032277345726,0.002));
#3437=CARTESIAN_POINT('',(0.0333873722293719,0.00110266513001342,0.002));
#3438=CARTESIAN_POINT('',(0.0337365342370904,0.00122286023702296,0.002));
#3439=CARTESIAN_POINT('',(0.0340717963606241,0.00137837604798076,0.002));
#3440=CARTESIAN_POINT('',(0.0345123405830883,0.00172122825513818,0.002));
#3441=CARTESIAN_POINT('',(0.0348533632583835,0.00215803978111338,0.002));
#3442=CARTESIAN_POINT('',(0.0350103918369611,0.00249412299311409,0.002));
#3443=CARTESIAN_POINT('',(0.0351316791224849,0.00284432514282648,0.002));
#3444=CARTESIAN_POINT('',(0.0351743609489083,0.00302631086194164,0.002));
#3445=CARTESIAN_POINT('',(0.0352120706245353,0.003301040486369,0.002));
#3446=CARTESIAN_POINT('',(0.0352286673114797,0.00348521431273095,0.002));
#3447=CARTESIAN_POINT('',(0.0352302110878762,0.00367206747763983,0.002));
#3448=CARTESIAN_POINT('',(0.0352302110163066,0.00376710905822853,0.002));
#3449=CARTESIAN_POINT('',(0.0324680751522968,0.000938681933483372,0.002));
#3450=CARTESIAN_POINT('',(0.0325628791173918,0.000938681862068603,0.002));
#3451=CARTESIAN_POINT('',(0.0327523310596462,0.000940220577509141,0.002));
#3452=CARTESIAN_POINT('',(0.0329394923863201,0.000956993834578495,0.002));
#3453=CARTESIAN_POINT('',(0.0332190219950951,0.000995189051562655,0.002));
#3454=CARTESIAN_POINT('',(0.0334046888940102,0.00103852345523099,0.002));
#3455=CARTESIAN_POINT('',(0.0337624614182957,0.00116166997335133,0.002));
#3456=CARTESIAN_POINT('',(0.034106300535151,0.00132109800871985,0.002));
#3457=CARTESIAN_POINT('',(0.0345596751404077,0.00167384243030994,0.002));
#3458=CARTESIAN_POINT('',(0.0349105480672308,0.00212338850867654,0.002));
#3459=CARTESIAN_POINT('',(0.0350715331427168,0.00246808105605385,0.002));
#3460=CARTESIAN_POINT('',(0.0351958016155083,0.00282692624983688,0.002));
#3461=CARTESIAN_POINT('',(0.0352394832776172,0.00301326197773975,0.002));
#3462=CARTESIAN_POINT('',(0.0352780254653573,0.00329406337164939,0.002));
#3463=CARTESIAN_POINT('',(0.0352949625043918,0.00348210488208635,0.002));
#3464=CARTESIAN_POINT('',(0.0352965023486363,0.00367206743386049,0.002));
#3465=CARTESIAN_POINT('',(0.0352965022770428,0.00376710905822853,0.002));
#3466=CARTESIAN_POINT('',(0.0352965022770428,0.00376710905822851,0.002));
#3467=CARTESIAN_POINT('',(0.0352965024453501,0.00354367833873404,0.002));
#3468=CARTESIAN_POINT('',(0.0352804623740364,0.00319160992777468,0.002));
#3469=CARTESIAN_POINT('',(0.035153176887316,0.00264266679011691,0.002));
#3470=CARTESIAN_POINT('',(0.034906082562398,0.00211423682226499,0.002));
#3471=CARTESIAN_POINT('',(0.0345589022938043,0.00167510565538313,0.002));
#3472=CARTESIAN_POINT('',(0.0341138574263973,0.00132519679483857,0.002));
#3473=CARTESIAN_POINT('',(0.0336804301253456,0.00112273092052864,0.002));
#3474=CARTESIAN_POINT('',(0.0333114455549631,0.00101685101098226,0.002));
#3475=CARTESIAN_POINT('',(0.0329630539374497,0.00095233231637047,0.002));
#3476=CARTESIAN_POINT('',(0.0326905371176523,0.00093868176590525,0.002));
#3477=CARTESIAN_POINT('',(0.0324680751522968,0.000938681933483362,0.002));
#3478=CARTESIAN_POINT('',(0.0352965022770428,0.00376710905822853,0.002));
#3479=CARTESIAN_POINT('',(0.0342358421052631,0.00376710905822853,0.000939339828220067));
#3480=CARTESIAN_POINT('',(0.0342358421052631,0.00376710905822853,0.00107192234969254));
#3481=CARTESIAN_POINT('',(0.0342496527845831,0.00376710905822851,0.00135642234368552));
#3482=CARTESIAN_POINT('',(0.0344692425857717,0.00376710905822849,0.00176659951949104));
#3483=CARTESIAN_POINT('',(0.0348794197615773,0.00376710905822853,0.00198618932067992));
#3484=CARTESIAN_POINT('',(0.0351639197555703,0.00376710905822853,0.002));
#3485=CARTESIAN_POINT('',(0.0352965022770428,0.00376710905822853,0.002));
#3486=CARTESIAN_POINT('',(0.0342358421052631,0.00376710905822905,0.000939339828149231));
#3487=CARTESIAN_POINT('',(0.0324680751522968,0.0019993421052632,0.000939339828220179));
#3488=CARTESIAN_POINT('',(0.0326890460214176,0.0019993421052632,0.00093933982822017));
#3489=CARTESIAN_POINT('',(0.0331632126780725,0.0020223599041298,0.000939339828220151));
#3490=CARTESIAN_POINT('',(0.0338468413044151,0.00238834290611073,0.000939339828220123));
#3491=CARTESIAN_POINT('',(0.0342128243063964,0.00307197153245239,0.000939339828220095));
#3492=CARTESIAN_POINT('',(0.0342358421052631,0.00354613818910728,0.000939339828220076));
#3493=CARTESIAN_POINT('',(0.0342358421052631,0.00376710905822852,0.000939339828220067));
#3494=CARTESIAN_POINT('',(0.0342358421052631,0.00376710905822852,0.000939339828220153));
#3495=CARTESIAN_POINT('',(0.0342358421052631,0.0146247596363559,0.000939339828220153));
#3496=CARTESIAN_POINT('',(0.0342358421052631,0.00376710905822852,0.00109843885398713));
#3497=CARTESIAN_POINT('',(0.0342358421052631,0.0146247596363559,0.00109843885398713));
#3498=CARTESIAN_POINT('',(0.0342358421052631,0.00376710905822852,0.00125753787975412));
#3499=CARTESIAN_POINT('',(0.0342358421052631,0.0146247596363559,0.00125753787975412));
#3500=CARTESIAN_POINT('',(0.034341908122441,0.00376710905822849,0.00164644660940667));
#3501=CARTESIAN_POINT('',(0.034341908122441,0.0146247596363559,0.00164644660940667));
#3502=CARTESIAN_POINT('',(0.0345893954958563,0.00376710905822849,0.00189393398282206));
#3503=CARTESIAN_POINT('',(0.0345893954958563,0.0146247596363559,0.00189393398282206));
#3504=CARTESIAN_POINT('',(0.034978304225509,0.00376710905822853,0.00200000000000002));
#3505=CARTESIAN_POINT('',(0.034978304225509,0.0146247596363559,0.00200000000000002));
#3506=CARTESIAN_POINT('',(0.035137403251276,0.00376710905822853,0.002));
#3507=CARTESIAN_POINT('',(0.035137403251276,0.0146247596363559,0.002));
#3508=CARTESIAN_POINT('',(0.035296502277043,0.00376710905822853,0.002));
#3509=CARTESIAN_POINT('',(0.035296502277043,0.0146247596363559,0.002));
#3510=CARTESIAN_POINT('',(0.035296502277043,0.014560002277043,0.002));
#3511=CARTESIAN_POINT('',(0.035296502277043,0.0109623712041052,0.002));
#3512=CARTESIAN_POINT('',(0.035296502277043,0.00736474013116738,0.002));
#3513=CARTESIAN_POINT('',(0.035296502277043,0.00376710905822956,0.002));
#3514=CARTESIAN_POINT('',(0.035296502277043,0.014560002277043,0.002));
#3515=CARTESIAN_POINT('',(0.035296502277043,0.014560002277043,0.002));
#3516=CARTESIAN_POINT('',(0.0351744993001329,0.0144379993001322,0.002));
#3517=CARTESIAN_POINT('',(0.0349290201319419,0.0141925201319422,0.00198725769866091));
#3518=CARTESIAN_POINT('',(0.0345690551835762,0.0138325551835761,0.0018400710817573));
#3519=CARTESIAN_POINT('',(0.0342759867122693,0.0135394867122694,0.00147597710806248));
#3520=CARTESIAN_POINT('',(0.0342358421052631,0.0134993421052632,0.00111536940145886));
#3521=CARTESIAN_POINT('',(0.0342358421052631,0.0134993421052632,0.000939339828220178));
#3522=CARTESIAN_POINT('',(0.0342358421052631,0.0134993421052632,0.000939339828220179));
#3523=CARTESIAN_POINT('',(0.0342358421052632,0.00376710905822957,0.00093933982822018));
#3524=CARTESIAN_POINT('',(0.0342358421052632,0.00701118674057411,0.00093933982822018));
#3525=CARTESIAN_POINT('',(0.0342358421052631,0.0102552644229187,0.00093933982822018));
#3526=CARTESIAN_POINT('',(0.0342358421052631,0.0134993421052632,0.00093933982822018));
#3527=CARTESIAN_POINT('',(-0.0031713909417724,0.0145600022770418,0.00199999999999991));
#3528=CARTESIAN_POINT('',(0.0355273096363559,0.0145600022770427,0.00199999999999991));
#3529=CARTESIAN_POINT('',(-0.0031713909417724,0.0144009032512752,0.00199999999999991));
#3530=CARTESIAN_POINT('',(0.0355273096363559,0.0144009032512761,0.00199999999999991));
#3531=CARTESIAN_POINT('',(-0.00317139094177381,0.0142418042255087,0.00200000000000001));
#3532=CARTESIAN_POINT('',(0.0355273096363544,0.0142418042255097,0.00200000000000001));
#3533=CARTESIAN_POINT('',(-0.00317139094177193,0.0138528954959582,0.0018939339828373));
#3534=CARTESIAN_POINT('',(0.0355273096363563,0.0138528954959592,0.0018939339828373));
#3535=CARTESIAN_POINT('',(-0.00317139094177429,0.0136054081224404,0.00164644660943052));
#3536=CARTESIAN_POINT('',(0.035527309636354,0.0136054081224414,0.00164644660943052));
#3537=CARTESIAN_POINT('',(-0.00317139094176957,0.0134993421051599,0.00125753787967757));
#3538=CARTESIAN_POINT('',(0.0355273096363587,0.0134993421051608,0.00125753787967757));
#3539=CARTESIAN_POINT('',(-0.00317139094177004,0.0134993421051598,0.00109843885394774));
#3540=CARTESIAN_POINT('',(0.0355273096363582,0.0134993421051608,0.00109843885394774));
#3541=CARTESIAN_POINT('',(-0.00317139094177051,0.0134993421052614,0.000939339828219231));
#3542=CARTESIAN_POINT('',(0.0355273096363577,0.0134993421052624,0.000939339828219231));
#3543=CARTESIAN_POINT('',(-0.00317139094177049,0.014560002277043,0.002));
#3544=CARTESIAN_POINT('',(0.00965124013116733,0.014560002277043,0.002));
#3545=CARTESIAN_POINT('',(0.0224738712041052,0.014560002277043,0.002));
#3546=CARTESIAN_POINT('',(0.035296502277043,0.014560002277043,0.002));
#3547=CARTESIAN_POINT('',(-0.00317139094177049,0.014560002277043,0.002));
#3548=CARTESIAN_POINT('',(-0.00317139094177048,0.0145600022770429,0.00199999999999991));
#3549=CARTESIAN_POINT('',(-0.00317139094177064,0.0144274197555708,0.00199999999999991));
#3550=CARTESIAN_POINT('',(-0.00317139094177196,0.0141429197616057,0.00198618932068205));
#3551=CARTESIAN_POINT('',(-0.00317139094177212,0.0137327425858253,0.00176659951951358));
#3552=CARTESIAN_POINT('',(-0.00317139094177023,0.0135131527844956,0.00135642234362829));
#3553=CARTESIAN_POINT('',(-0.00317139094176993,0.0134993421051767,0.0010719223496606));
#3554=CARTESIAN_POINT('',(-0.00317139094177048,0.0134993421052614,0.000939339828220145));
#3555=CARTESIAN_POINT('',(-0.00317139094177048,0.0134993421052632,0.000939339828236227));
#3556=CARTESIAN_POINT('',(0.0342358421052631,0.0134993421052632,0.00093933982822018));
#3557=CARTESIAN_POINT('',(0.0217667644229186,0.0134993421052632,0.00093933982822018));
#3558=CARTESIAN_POINT('',(0.00929768674057404,0.0134993421052632,0.00093933982822018));
#3559=CARTESIAN_POINT('',(-0.00317139094177051,0.0134993421052632,0.00093933982822018));
#3560=CARTESIAN_POINT('',(-0.00317139094177048,0.0134993421052631,0.000939339828220144));
#3561=CARTESIAN_POINT('',(-0.00326619420806825,0.0134993421052631,0.000939339828221439));
#3562=CARTESIAN_POINT('',(-0.00340610365152829,0.0134977442292123,0.00093933982821958));
#3563=CARTESIAN_POINT('',(-0.00353172221651694,0.0134863577414403,0.000939339828219946));
#3564=CARTESIAN_POINT('',(-0.00371460082773062,0.0134613555880211,0.000939339828220516));
#3565=CARTESIAN_POINT('',(-0.00383093804930445,0.013433893951372,0.000939339828220281));
#3566=CARTESIAN_POINT('',(-0.00405094230845048,0.013357970025833,0.000939339828220021));
#3567=CARTESIAN_POINT('',(-0.00425754953194537,0.013261137570195,0.000939339828220225));
#3568=CARTESIAN_POINT('',(-0.00450563801369461,0.0130666685838852,0.00093933982822014));
#3569=CARTESIAN_POINT('',(-0.00469890691170171,0.0128208753426118,0.000939339828220182));
#3570=CARTESIAN_POINT('',(-0.00479658804752198,0.0126139321614727,0.000939339828220151));
#3571=CARTESIAN_POINT('',(-0.00487315750918421,0.0123933756728902,0.000939339828220198));
#3572=CARTESIAN_POINT('',(-0.00490084178706671,0.0122766400855582,0.000939339828220239));
#3573=CARTESIAN_POINT('',(-0.00492606381202035,0.0120929870033608,0.000939339828220149));
#3574=CARTESIAN_POINT('',(-0.00493755523770669,0.0119668284381272,0.00093933982822009));
#3575=CARTESIAN_POINT('',(-0.00493915789473685,0.0118266160761929,0.000939339828220388));
#3576=CARTESIAN_POINT('',(-0.00493915789473685,0.0117315751522968,0.000939339828220182));
#3577=CARTESIAN_POINT('',(-0.00317139094177048,0.0134993421052631,0.00100563108895638));
#3578=CARTESIAN_POINT('',(-0.00326619420806827,0.0134993421348588,0.00100563108895759));
#3579=CARTESIAN_POINT('',(-0.00340610365152792,0.0134977442165633,0.00100563108895586));
#3580=CARTESIAN_POINT('',(-0.00353172221651768,0.0134863577371427,0.0010056310889562));
#3581=CARTESIAN_POINT('',(-0.00371460082772914,0.0134613555966164,0.00100563108895673));
#3582=CARTESIAN_POINT('',(-0.00383093804928961,0.0134338939544572,0.00100563108895651));
#3583=CARTESIAN_POINT('',(-0.00405094230846532,0.0133579700227479,0.00100563108895627));
#3584=CARTESIAN_POINT('',(-0.00425754953204894,0.0132611375716269,0.00100563108895646));
#3585=CARTESIAN_POINT('',(-0.00450563801330986,0.0130666685835014,0.00100563108895638));
#3586=CARTESIAN_POINT('',(-0.00469890691313717,0.0128208753427151,0.00100563108895642));
#3587=CARTESIAN_POINT('',(-0.00479658804442908,0.0126139321614875,0.00100563108895639));
#3588=CARTESIAN_POINT('',(-0.0048731575122771,0.0123933756728754,0.00100563108895643));
#3589=CARTESIAN_POINT('',(-0.00490084179568358,0.0122766400855567,0.00100563108895647));
#3590=CARTESIAN_POINT('',(-0.00492606380771191,0.0120929870033615,0.00100563108895639));
#3591=CARTESIAN_POINT('',(-0.00493755522502594,0.0119668284381268,0.00100563108895634));
#3592=CARTESIAN_POINT('',(-0.00493915792440678,0.0118266160761929,0.00100563108895661));
#3593=CARTESIAN_POINT('',(-0.00493915789473685,0.0117315751522968,0.00100563108895642));
#3594=CARTESIAN_POINT('',(-0.00317139094177048,0.0134997449167433,0.00107249779466429));
#3595=CARTESIAN_POINT('',(-0.00326619420833367,0.0134997449615531,0.00107249779466534));
#3596=CARTESIAN_POINT('',(-0.00340612246676118,0.0134981470440474,0.00107249779466384));
#3597=CARTESIAN_POINT('',(-0.0035317644041111,0.0134867585231557,0.00107249779466413));
#3598=CARTESIAN_POINT('',(-0.00371467972088691,0.0134617513788589,0.00107249779466459));
#3599=CARTESIAN_POINT('',(-0.00383104327207059,0.0134342837058031,0.00107249779466441));
#3600=CARTESIAN_POINT('',(-0.00405109985210874,0.0133583418370002,0.00107249779466419));
#3601=CARTESIAN_POINT('',(-0.0042577591928849,0.0132614856160043,0.00107249779466436));
#3602=CARTESIAN_POINT('',(-0.00450592563629022,0.0130669565180036,0.00107249779466429));
#3603=CARTESIAN_POINT('',(-0.00469925439101218,0.012821085897375,0.00107249779466433));
#3604=CARTESIAN_POINT('',(-0.00479695956119008,0.0126140904024321,0.0010724977946643));
#3605=CARTESIAN_POINT('',(-0.00487354714707118,0.0123934813953078,0.00107249779466434));
#3606=CARTESIAN_POINT('',(-0.00490123750870779,0.0122767193756509,0.00107249779466438));
#3607=CARTESIAN_POINT('',(-0.00492646457275904,0.0120930293990242,0.0010724977946643));
#3608=CARTESIAN_POINT('',(-0.00493795805388083,0.0119668473322364,0.00107249779466424));
#3609=CARTESIAN_POINT('',(-0.00493956075113931,0.011826616076459,0.00107249779466452));
#3610=CARTESIAN_POINT('',(-0.00493956070621702,0.0117315751522968,0.00107249779466433));
#3611=CARTESIAN_POINT('',(-0.00317139094177048,0.0135129226065945,0.00121118003283647));
#3612=CARTESIAN_POINT('',(-0.00326619421701552,0.0135129226701377,0.00121118003283723));
#3613=CARTESIAN_POINT('',(-0.00340673799368418,0.0135113254621727,0.00121118003283613));
#3614=CARTESIAN_POINT('',(-0.00353314454108391,0.0134998700208519,0.00121118003283635));
#3615=CARTESIAN_POINT('',(-0.00371726065421477,0.0134746989731123,0.00121118003283668));
#3616=CARTESIAN_POINT('',(-0.00383448556043117,0.0134470340927599,0.00121118003283654));
#3617=CARTESIAN_POINT('',(-0.00405625377963201,0.0133705055246145,0.00121118003283639));
#3618=CARTESIAN_POINT('',(-0.00426461809569928,0.0132728716160343,0.00121118003283651));
#3619=CARTESIAN_POINT('',(-0.00451533502287498,0.0130763760957865,0.00121118003283647));
#3620=CARTESIAN_POINT('',(-0.0047106218582626,0.0128279740410064,0.00121118003283649));
#3621=CARTESIAN_POINT('',(-0.00480911351671381,0.0126192671416661,0.00121118003283647));
#3622=CARTESIAN_POINT('',(-0.00488629372099226,0.0123969400294084,0.00121118003283651));
#3623=CARTESIAN_POINT('',(-0.00491418283818353,0.0122793132944714,0.00121118003283654));
#3624=CARTESIAN_POINT('',(-0.00493957538474461,0.0120944163428361,0.00121118003283647));
#3625=CARTESIAN_POINT('',(-0.00495113651736398,0.0119674654395431,0.00121118003283641));
#3626=CARTESIAN_POINT('',(-0.00495273845977083,0.0118266160851617,0.00121118003283667));
#3627=CARTESIAN_POINT('',(-0.00495273839606824,0.0117315751522968,0.00121118003283649));
#3628=CARTESIAN_POINT('',(-0.00317139094177048,0.0135255823959712,0.00128276538731206));
#3629=CARTESIAN_POINT('',(-0.00326619422535615,0.0135255824629411,0.0012827653873127));
#3630=CARTESIAN_POINT('',(-0.00340732932959292,0.0135239859574286,0.00128276538731178));
#3631=CARTESIAN_POINT('',(-0.00353447043686528,0.0135124662216278,0.00128276538731196));
#3632=CARTESIAN_POINT('',(-0.00371974015348245,0.0134871377057179,0.00128276538731224));
#3633=CARTESIAN_POINT('',(-0.00383779256235693,0.0134592833712869,0.00128276538731213));
#3634=CARTESIAN_POINT('',(-0.00406120515104445,0.0133821911648895,0.001282765387312));
#3635=CARTESIAN_POINT('',(-0.0042712074345966,0.013283810130642,0.0012827653873121));
#3636=CARTESIAN_POINT('',(-0.00452437460842968,0.0130854254720114,0.00128276538731206));
#3637=CARTESIAN_POINT('',(-0.00472154256845151,0.0128345914715185,0.00128276538731208));
#3638=CARTESIAN_POINT('',(-0.00482078980738593,0.0126242404282592,0.00128276538731206));
#3639=CARTESIAN_POINT('',(-0.00489853933633699,0.0124002627346651,0.0012827653873121));
#3640=CARTESIAN_POINT('',(-0.00492661939500969,0.0122818052688848,0.00128276538731213));
#3641=CARTESIAN_POINT('',(-0.00495217092676452,0.0120957487779389,0.00128276538731206));
#3642=CARTESIAN_POINT('',(-0.00496379705621084,0.0119680592544231,0.00128276538731201));
#3643=CARTESIAN_POINT('',(-0.00496539825258272,0.0118266160935225,0.00128276538731225));
#3644=CARTESIAN_POINT('',(-0.00496539818544495,0.0117315751522968,0.00128276538731208));
#3645=CARTESIAN_POINT('',(-0.00317139094177048,0.0135670144339314,0.00142455502833124));
#3646=CARTESIAN_POINT('',(-0.00326619425265274,0.013567014504616,0.00142455502833171));
#3647=CARTESIAN_POINT('',(-0.00340926461074892,0.0135654203087443,0.00142455502833103));
#3648=CARTESIAN_POINT('',(-0.00353880973214959,0.0135536901525289,0.00142455502833117));
#3649=CARTESIAN_POINT('',(-0.00372785487835885,0.0135278462829765,0.00142455502833137));
#3650=CARTESIAN_POINT('',(-0.00384861547775409,0.0134993719184116,0.00142455502833129));
#3651=CARTESIAN_POINT('',(-0.00407740963929959,0.0134204350792986,0.0014245550283312));
#3652=CARTESIAN_POINT('',(-0.00429277254368887,0.0133196089053591,0.00142455502833127));
#3653=CARTESIAN_POINT('',(-0.0045539587067062,0.013115041612481,0.00142455502833125));
#3654=CARTESIAN_POINT('',(-0.00475728307416053,0.0128562485168044,0.00142455502833126));
#3655=CARTESIAN_POINT('',(-0.00485900312309664,0.0126405166389236,0.00142455502833124));
#3656=CARTESIAN_POINT('',(-0.00493861589486323,0.0124111370427818,0.00142455502833127));
#3657=CARTESIAN_POINT('',(-0.0049673208515299,0.0122899608215109,0.0014245550283313));
#3658=CARTESIAN_POINT('',(-0.00499339270173969,0.0121001094746387,0.00142455502833124));
#3659=CARTESIAN_POINT('',(-0.0050052315501958,0.0119700026485758,0.0014245550283312));
#3660=CARTESIAN_POINT('',(-0.00500683029426663,0.0118266161208849,0.00142455502833139));
#3661=CARTESIAN_POINT('',(-0.0050068302234051,0.0117315751522968,0.00142455502833126));
#3662=CARTESIAN_POINT('',(-0.00317139094177048,0.0135956715935205,0.00149452913688616));
#3663=CARTESIAN_POINT('',(-0.00326619427153287,0.0135956716644007,0.00149452913688659));
#3664=CARTESIAN_POINT('',(-0.00341060318021518,0.0135940790694189,0.00149452913688598));
#3665=CARTESIAN_POINT('',(-0.00354181107805451,0.0135822033717469,0.00149452913688609));
#3666=CARTESIAN_POINT('',(-0.00373346756306514,0.0135560030482243,0.00149452913688628));
#3667=CARTESIAN_POINT('',(-0.00385610132757165,0.0135270998299254,0.00149452913688621));
#3668=CARTESIAN_POINT('',(-0.00408861774367487,0.0134468871203457,0.00149452913688612));
#3669=CARTESIAN_POINT('',(-0.00430768841080271,0.0133443697244235,0.00149452913688618));
#3670=CARTESIAN_POINT('',(-0.00457442104137832,0.01313552610967,0.00149452913688617));
#3671=CARTESIAN_POINT('',(-0.00478200359049413,0.0128712279731189,0.00149452913688618));
#3672=CARTESIAN_POINT('',(-0.00488543400004463,0.0126517743512987,0.00149452913688616));
#3673=CARTESIAN_POINT('',(-0.00496633551426248,0.0124186584392304,0.00149452913688619));
#3674=CARTESIAN_POINT('',(-0.00499547269159856,0.0122956017454107,0.00149452913688621));
#3675=CARTESIAN_POINT('',(-0.00502190442977641,0.0121031256231894,0.00149452913688616));
#3676=CARTESIAN_POINT('',(-0.00503389040955249,0.0119713468295314,0.00149452913688613));
#3677=CARTESIAN_POINT('',(-0.00503548745405157,0.0118266161398106,0.00149452913688629));
#3678=CARTESIAN_POINT('',(-0.00503548738299421,0.0117315751522968,0.00149452913688618));
#3679=CARTESIAN_POINT('',(-0.00317139094177048,0.0136686955604252,0.00162400425551163));
#3680=CARTESIAN_POINT('',(-0.00326619431964307,0.0136686956315635,0.001624004255512));
#3681=CARTESIAN_POINT('',(-0.00341401411325272,0.0136671071163008,0.00162400425551147));
#3682=CARTESIAN_POINT('',(-0.00354945908599296,0.0136548605508733,0.00162400425551158));
#3683=CARTESIAN_POINT('',(-0.00374776976566009,0.0136277519138161,0.00162400425551174));
#3684=CARTESIAN_POINT('',(-0.0038751767159623,0.013597755893577,0.00162400425551167));
#3685=CARTESIAN_POINT('',(-0.0041171781542214,0.0135142920201473,0.0016240042555116));
#3686=CARTESIAN_POINT('',(-0.00434569691555582,0.0134074650645581,0.00162400425551165));
#3687=CARTESIAN_POINT('',(-0.00462656301467246,0.0131877245573293,0.00162400425551164));
#3688=CARTESIAN_POINT('',(-0.00484499623150124,0.0129093985154134,0.00162400425551165));
#3689=CARTESIAN_POINT('',(-0.004952784969642,0.0126804611725917,0.00162400425551164));
#3690=CARTESIAN_POINT('',(-0.00503697044800776,0.0124378244072892,0.00162400425551165));
#3691=CARTESIAN_POINT('',(-0.00506720900688436,0.0123099759069145,0.00162400425551166));
#3692=CARTESIAN_POINT('',(-0.00509455780908567,0.0121108113511226,0.00162400425551164));
#3693=CARTESIAN_POINT('',(-0.00510691870789562,0.0119747720617257,0.00162400425551162));
#3694=CARTESIAN_POINT('',(-0.00510851142121465,0.0118266161880368,0.00162400425551171));
#3695=CARTESIAN_POINT('',(-0.00510851134989897,0.0117315751522968,0.00162400425551165));
#3696=CARTESIAN_POINT('',(-0.00317139094177048,0.0137129472787465,0.00168327508759352));
#3697=CARTESIAN_POINT('',(-0.00326619434879731,0.0137129473498548,0.00168327508759387));
#3698=CARTESIAN_POINT('',(-0.00341608110104301,0.013711361307123,0.00168327508759336));
#3699=CARTESIAN_POINT('',(-0.00355409369442846,0.0136988899998746,0.00168327508759346));
#3700=CARTESIAN_POINT('',(-0.00375643674264633,0.0136712309347549,0.00168327508759362));
#3701=CARTESIAN_POINT('',(-0.00388673619088155,0.0136405726886309,0.00168327508759355));
#3702=CARTESIAN_POINT('',(-0.00413448544792523,0.0135551386458149,0.00168327508759348));
#3703=CARTESIAN_POINT('',(-0.00436872965011399,0.0134457001445833,0.00168327508759353));
#3704=CARTESIAN_POINT('',(-0.00465816047524477,0.0132193562407439,0.00168327508759352));
#3705=CARTESIAN_POINT('',(-0.00488316907698824,0.0129325294429341,0.00168327508759353));
#3706=CARTESIAN_POINT('',(-0.00499359891420077,0.0126978450698132,0.00168327508759352));
#3707=CARTESIAN_POINT('',(-0.00507977443857151,0.012449438772488,0.00168327508759353));
#3708=CARTESIAN_POINT('',(-0.0051106804224761,0.0123186864902057,0.00168327508759354));
#3709=CARTESIAN_POINT('',(-0.00513858495543968,0.0121154688174588,0.00168327508759352));
#3710=CARTESIAN_POINT('',(-0.00515117305110065,0.0119768477146471,0.00168327508759351));
#3711=CARTESIAN_POINT('',(-0.0051527631395057,0.0118266162172613,0.00168327508759358));
#3712=CARTESIAN_POINT('',(-0.00515276306822029,0.0117315751522968,0.00168327508759353));
#3713=CARTESIAN_POINT('',(-0.00317139094177048,0.0138160670176696,0.00178639482651656));
#3714=CARTESIAN_POINT('',(-0.0032661944167354,0.0138160670888155,0.00178639482651687));
#3715=CARTESIAN_POINT('',(-0.0034208978008092,0.0138144868076665,0.00178639482651642));
#3716=CARTESIAN_POINT('',(-0.00356489371824697,0.0138014917847878,0.00178639482651651));
#3717=CARTESIAN_POINT('',(-0.00377663339122802,0.0137725500577022,0.00178639482651665));
#3718=CARTESIAN_POINT('',(-0.00391367322476355,0.0137403486271814,0.00178639482651659));
#3719=CARTESIAN_POINT('',(-0.00417481661868897,0.0136503235004151,0.00178639482651652));
#3720=CARTESIAN_POINT('',(-0.00442240281048918,0.0135347993167669,0.00178639482651657));
#3721=CARTESIAN_POINT('',(-0.00473179200885271,0.01329306752381,0.00178639482651656));
#3722=CARTESIAN_POINT('',(-0.00497212322408411,0.0129864314222803,0.00178639482651656));
#3723=CARTESIAN_POINT('',(-0.00508870761204299,0.0127383547496846,0.00178639482651656));
#3724=CARTESIAN_POINT('',(-0.00517952053883017,0.0124765037171386,0.00178639482651656));
#3725=CARTESIAN_POINT('',(-0.00521198182269008,0.0123389847545199,0.00178639482651657));
#3726=CARTESIAN_POINT('',(-0.00524118137449602,0.0121263221070226,0.00178639482651656));
#3727=CARTESIAN_POINT('',(-0.00525429890674161,0.0119816846067607,0.00178639482651655));
#3728=CARTESIAN_POINT('',(-0.00525588287846626,0.0118266162853632,0.00178639482651659));
#3729=CARTESIAN_POINT('',(-0.00525588280714333,0.0117315751522968,0.00178639482651657));
#3730=CARTESIAN_POINT('',(-0.00317139094177048,0.0138753378497515,0.00183064654483789));
#3731=CARTESIAN_POINT('',(-0.00326619445578464,0.013875337920919,0.00183064654483817));
#3732=CARTESIAN_POINT('',(-0.00342366632801857,0.0138737609513941,0.00183064654483776));
#3733=CARTESIAN_POINT('',(-0.003571101321223,0.0138604649089288,0.00183064654483784));
#3734=CARTESIAN_POINT('',(-0.00378824195598201,0.0138307859375211,0.00183064654483797));
#3735=CARTESIAN_POINT('',(-0.00392915600651492,0.013797697520433,0.00183064654483792));
#3736=CARTESIAN_POINT('',(-0.00419799803938464,0.013705033545191,0.00183064654483785));
#3737=CARTESIAN_POINT('',(-0.00445325289708877,0.0135860114525645,0.00183064654483789));
#3738=CARTESIAN_POINT('',(-0.00477411370506709,0.0133354350581616,0.00183064654483789));
#3739=CARTESIAN_POINT('',(-0.00502325200282783,0.0130174130287125,0.00183064654483789));
#3740=CARTESIAN_POINT('',(-0.00514337388368221,0.0127616387732715,0.00183064654483789));
#3741=CARTESIAN_POINT('',(-0.00523685228172439,0.0124920600190304,0.00183064654483789));
#3742=CARTESIAN_POINT('',(-0.00527020751589342,0.0123506517256381,0.00183064654483789));
#3743=CARTESIAN_POINT('',(-0.00530015141446701,0.0121325603259125,0.00183064654483789));
#3744=CARTESIAN_POINT('',(-0.00531357325457095,0.0119844647400626,0.00183064654483788));
#3745=CARTESIAN_POINT('',(-0.00531515371056971,0.0118266163245066,0.00183064654483791));
#3746=CARTESIAN_POINT('',(-0.00531515363922521,0.0117315751522968,0.00183064654483789));
#3747=CARTESIAN_POINT('',(-0.00317139094177048,0.0140048129683769,0.00190367051174265));
#3748=CARTESIAN_POINT('',(-0.00326619454108636,0.0140048130395914,0.00190367051174286));
#3749=CARTESIAN_POINT('',(-0.00342971408163126,0.0140032433041971,0.00190367051174256));
#3750=CARTESIAN_POINT('',(-0.0035846616189862,0.0139892896946736,0.00190367051174262));
#3751=CARTESIAN_POINT('',(-0.0038136004712213,0.0139580002380965,0.00190367051174271));
#3752=CARTESIAN_POINT('',(-0.00396297761713685,0.0139229742289924,0.00190367051174267));
#3753=CARTESIAN_POINT('',(-0.00424863706517617,0.0138245457789246,0.00190367051174263));
#3754=CARTESIAN_POINT('',(-0.00452064386296164,0.0136978826229959,0.00190367051174266));
#3755=CARTESIAN_POINT('',(-0.00486656401233153,0.0134279854972792,0.00190367051174265));
#3756=CARTESIAN_POINT('',(-0.00513494108260779,0.0130850912951907,0.00190367051174265));
#3757=CARTESIAN_POINT('',(-0.00526279049648633,0.0128125019315921,0.00190367051174265));
#3758=CARTESIAN_POINT('',(-0.00536209152591077,0.0125260422319008,0.00190367051174265));
#3759=CARTESIAN_POINT('',(-0.00539739956415316,0.0123761378275952,0.00190367051174265));
#3760=CARTESIAN_POINT('',(-0.00542896946294734,0.0121461875030991,0.00190367051174265));
#3761=CARTESIAN_POINT('',(-0.00544305605322728,0.01199053784679,0.00190367051174265));
#3762=CARTESIAN_POINT('',(-0.00544462882924232,0.0118266164100139,0.00190367051174266));
#3763=CARTESIAN_POINT('',(-0.00544462875785068,0.0117315751522968,0.00190367051174265));
#3764=CARTESIAN_POINT('',(-0.00317139094177048,0.0140747870769318,0.00193232767133175));
#3765=CARTESIAN_POINT('',(-0.0032661945871872,0.0140747871481717,0.00193232767133192));
#3766=CARTESIAN_POINT('',(-0.0034329825564726,0.0140732213224231,0.00193232767133168));
#3767=CARTESIAN_POINT('',(-0.00359199020657733,0.0140589123344362,0.00193232767133173));
#3768=CARTESIAN_POINT('',(-0.00382730533990174,0.0140267525000964,0.0019323276713318));
#3769=CARTESIAN_POINT('',(-0.00398125631869963,0.0139906793301517,0.00193232767133177));
#3770=CARTESIAN_POINT('',(-0.00427600464533728,0.0138891355016891,0.00193232767133174));
#3771=CARTESIAN_POINT('',(-0.00455706493607338,0.0137583427755491,0.00193232767133176));
#3772=CARTESIAN_POINT('',(-0.00491652826727978,0.0134780038679313,0.00193232767133175));
#3773=CARTESIAN_POINT('',(-0.00519530282527999,0.0131216676383185,0.00193232767133176));
#3774=CARTESIAN_POINT('',(-0.00532732854145069,0.0128399906429335,0.00193232767133176));
#3775=CARTESIAN_POINT('',(-0.00542977637965772,0.0125444077300566,0.00193232767133176));
#3776=CARTESIAN_POINT('',(-0.00546613980001265,0.0123899116498084,0.00193232767133176));
#3777=CARTESIAN_POINT('',(-0.00549858846159271,0.0121535522353031,0.00193232767133176));
#3778=CARTESIAN_POINT('',(-0.00551303431241221,0.0119938200235813,0.00193232767133176));
#3779=CARTESIAN_POINT('',(-0.00551460293782271,0.0118266164562259,0.00193232767133176));
#3780=CARTESIAN_POINT('',(-0.0055146028664056,0.0117315751522968,0.00193232767133176));
#3781=CARTESIAN_POINT('',(-0.00317139094177048,0.014216576717951,0.0019737597092919));
#3782=CARTESIAN_POINT('',(-0.00326619468060205,0.0142165767892423,0.00197375970929198));
#3783=CARTESIAN_POINT('',(-0.00343960551865113,0.0142150188856706,0.00197375970929187));
#3784=CARTESIAN_POINT('',(-0.00360684023932778,0.0141999897886919,0.00197375970929189));
#3785=CARTESIAN_POINT('',(-0.00385507573170156,0.0141660662941487,0.00197375970929193));
#3786=CARTESIAN_POINT('',(-0.00401829474028737,0.0141278712456585,0.00197375970929191));
#3787=CARTESIAN_POINT('',(-0.00433146000513742,0.0140200146767645,0.0019737597092919));
#3788=CARTESIAN_POINT('',(-0.00463086553158927,0.0138808541373016,0.00197375970929191));
#3789=CARTESIAN_POINT('',(-0.0050177716259907,0.0135793568821472,0.00197375970929191));
#3790=CARTESIAN_POINT('',(-0.00531761477753681,0.0131957828599196,0.00197375970929191));
#3791=CARTESIAN_POINT('',(-0.00545810300098373,0.0128956914527566,0.00197375970929191));
#3792=CARTESIAN_POINT('',(-0.00556692726751339,0.0125816220289511,0.00197375970929191));
#3793=CARTESIAN_POINT('',(-0.00560542922530687,0.0124178217632405,0.00197375970929191));
#3794=CARTESIAN_POINT('',(-0.00563965853779517,0.0121684755084533,0.00197375970929191));
#3795=CARTESIAN_POINT('',(-0.00565483236391852,0.0120004707502375,0.00197375970929191));
#3796=CARTESIAN_POINT('',(-0.0056563925788935,0.0118266165498659,0.00197375970929191));
#3797=CARTESIAN_POINT('',(-0.00565639250742477,0.0117315751522968,0.00197375970929191));
#3798=CARTESIAN_POINT('',(-0.00317139094177048,0.0142881620724266,0.00198641949866862));
#3799=CARTESIAN_POINT('',(-0.00326619472776441,0.0142881621437438,0.00198641949866866));
#3800=CARTESIAN_POINT('',(-0.00344294925442632,0.0142866082398426,0.0019864194986686));
#3801=CARTESIAN_POINT('',(-0.00361433757729108,0.0142712155813437,0.00198641949866861));
#3802=CARTESIAN_POINT('',(-0.00386909617301608,0.0142364016674446,0.00198641949866863));
#3803=CARTESIAN_POINT('',(-0.00403699433300456,0.0141971353458576,0.00198641949866862));
#3804=CARTESIAN_POINT('',(-0.00435945775984171,0.0140860916628822,0.00198641949866861));
#3805=CARTESIAN_POINT('',(-0.00466812524783187,0.0139427064644201,0.00198641949866862));
#3806=CARTESIAN_POINT('',(-0.00506888637365157,0.0136305269915971,0.00198641949866862));
#3807=CARTESIAN_POINT('',(-0.00537936642875738,0.0132332014214746,0.00198641949866862));
#3808=CARTESIAN_POINT('',(-0.00552412711935188,0.0129238131278459,0.00198641949866862));
#3809=CARTESIAN_POINT('',(-0.00563617065407689,0.012600410416867,0.00198641949866862));
#3810=CARTESIAN_POINT('',(-0.00567575229554469,0.0124319127458337,0.00198641949866862));
#3811=CARTESIAN_POINT('',(-0.00571088060548829,0.0121760098233067,0.00198641949866862));
#3812=CARTESIAN_POINT('',(-0.00572642196459784,0.0120038285034681,0.00198641949866862));
#3813=CARTESIAN_POINT('',(-0.00572797793339515,0.011826616597142,0.00198641949866862));
#3814=CARTESIAN_POINT('',(-0.00572797786190036,0.0117315751522968,0.00198641949866862));
#3815=CARTESIAN_POINT('',(-0.00317139094177048,0.0144268443105988,0.00199959718851983));
#3816=CARTESIAN_POINT('',(-0.00326619481913201,0.0144268443819661,0.00199959718851983));
#3817=CARTESIAN_POINT('',(-0.00344942707051815,0.0144252982266229,0.00199959718851983));
#3818=CARTESIAN_POINT('',(-0.00362886216289521,0.0144092012407416,0.00199959718851983));
#3819=CARTESIAN_POINT('',(-0.00389625796045016,0.0143726623182831,0.00199959718851983));
#3820=CARTESIAN_POINT('',(-0.00407322103593737,0.014331320620359,0.00199959718851983));
#3821=CARTESIAN_POINT('',(-0.00441369778302285,0.014214102544348,0.00199959718851983));
#3822=CARTESIAN_POINT('',(-0.00474030846016681,0.0140625329180822,0.00199959718851983));
#3823=CARTESIAN_POINT('',(-0.00516791092498815,0.0137296587952742,0.00199959718851983));
#3824=CARTESIAN_POINT('',(-0.00549899784309948,0.0133056923646802,0.00199959718851983));
#3825=CARTESIAN_POINT('',(-0.00565203558017763,0.0129782932218694,0.00199959718851983));
#3826=CARTESIAN_POINT('',(-0.00577031580007208,0.0126368091426527,0.00199959718851983));
#3827=CARTESIAN_POINT('',(-0.00581198911168068,0.0124592111928189,0.00199959718851983));
#3828=CARTESIAN_POINT('',(-0.00584885904852723,0.0121906060442044,0.00199959718851983));
#3829=CARTESIAN_POINT('',(-0.00586511242893641,0.0120103334755627,0.00199959718851983));
#3830=CARTESIAN_POINT('',(-0.00586666017161778,0.01182661668873,0.00199959718851983));
#3831=CARTESIAN_POINT('',(-0.00586666010007253,0.0117315751522968,0.00199959718851983));
#3832=CARTESIAN_POINT('',(-0.00317139094177048,0.0144937110163067,0.002));
#3833=CARTESIAN_POINT('',(-0.0032661948631856,0.0144937110876982,0.002));
#3834=CARTESIAN_POINT('',(-0.00345255039927279,0.0144921686683816,0.002));
#3835=CARTESIAN_POINT('',(-0.00363586530334003,0.0144757320856463,0.002));
#3836=CARTESIAN_POINT('',(-0.00390935422476485,0.0144383614370691,0.002));
#3837=CARTESIAN_POINT('',(-0.00409068801884523,0.0143960190805128,0.002));
#3838=CARTESIAN_POINT('',(-0.00443985002656496,0.0142758239735029,0.002));
#3839=CARTESIAN_POINT('',(-0.0047751121500976,0.014120308162545,0.002));
#3840=CARTESIAN_POINT('',(-0.00521565637256205,0.0137774559553874,0.002));
#3841=CARTESIAN_POINT('',(-0.00555667904785695,0.0133406444294125,0.002));
#3842=CARTESIAN_POINT('',(-0.0057137076264347,0.013004561217411,0.002));
#3843=CARTESIAN_POINT('',(-0.00583499491195856,0.0126543590676995,0.002));
#3844=CARTESIAN_POINT('',(-0.00587767673838192,0.0124723733485852,0.002));
#3845=CARTESIAN_POINT('',(-0.00591538641400907,0.0121976437241558,0.002));
#3846=CARTESIAN_POINT('',(-0.00593198310095359,0.0120134698977926,0.002));
#3847=CARTESIAN_POINT('',(-0.00593352687735001,0.0118266167328899,0.002));
#3848=CARTESIAN_POINT('',(-0.00593352680578044,0.0117315751522968,0.002));
#3849=CARTESIAN_POINT('',(-0.00317139094177048,0.0145600022770429,0.002));
#3850=CARTESIAN_POINT('',(-0.00326619490686007,0.0145600023484584,0.002));
#3851=CARTESIAN_POINT('',(-0.00345564684912249,0.0145584636330168,0.002));
#3852=CARTESIAN_POINT('',(-0.00364280817579478,0.0145416903759476,0.002));
#3853=CARTESIAN_POINT('',(-0.00392233778456737,0.0145034951589637,0.002));
#3854=CARTESIAN_POINT('',(-0.00410800468348365,0.0144601607552952,0.002));
#3855=CARTESIAN_POINT('',(-0.00446577720777022,0.0143370142371745,0.002));
#3856=CARTESIAN_POINT('',(-0.00480961632462451,0.0141775862018059,0.002));
#3857=CARTESIAN_POINT('',(-0.00526299092988144,0.0138248417802156,0.002));
#3858=CARTESIAN_POINT('',(-0.00561386385670429,0.0133752957018494,0.002));
#3859=CARTESIAN_POINT('',(-0.00577484893219041,0.0130306031544712,0.002));
#3860=CARTESIAN_POINT('',(-0.00589911740498198,0.0126717579606892,0.002));
#3861=CARTESIAN_POINT('',(-0.0059427990670909,0.0124854222327872,0.002));
#3862=CARTESIAN_POINT('',(-0.005981341254831,0.0122046208388754,0.002));
#3863=CARTESIAN_POINT('',(-0.00599827829386564,0.012016579328437,0.002));
#3864=CARTESIAN_POINT('',(-0.00599981813811036,0.0118266167766697,0.002));
#3865=CARTESIAN_POINT('',(-0.00599981806651668,0.0117315751522968,0.002));
#3866=CARTESIAN_POINT('',(-0.00599981806651668,0.0117315751522968,0.002));
#3867=CARTESIAN_POINT('',(-0.00599981823482428,0.0119550058717786,0.002));
#3868=CARTESIAN_POINT('',(-0.00598377816350907,0.012307074282752,0.002));
#3869=CARTESIAN_POINT('',(-0.00585649267679377,0.012856017420398,0.002));
#3870=CARTESIAN_POINT('',(-0.00560939835187145,0.0133844473882618,0.002));
#3871=CARTESIAN_POINT('',(-0.00526221808327757,0.0138235785551425,0.002));
#3872=CARTESIAN_POINT('',(-0.00481717321587282,0.0141734874156859,0.002));
#3873=CARTESIAN_POINT('',(-0.00438374591482103,0.014375953289997,0.002));
#3874=CARTESIAN_POINT('',(-0.00401476134443974,0.0144818331995431,0.002));
#3875=CARTESIAN_POINT('',(-0.00366636972691457,0.0145463518941576,0.002));
#3876=CARTESIAN_POINT('',(-0.00339385290711705,0.0145600024446228,0.002));
#3877=CARTESIAN_POINT('',(-0.00317139094177048,0.014560002277043,0.002));
#3878=CARTESIAN_POINT('',(-0.00599981806651668,0.0117315751522968,0.002));
#3879=CARTESIAN_POINT('',(-0.00493915789473685,0.0117315751522968,0.000939339828220179));
#3880=CARTESIAN_POINT('',(-0.00493915789473685,0.0117315751522968,0.00107192234969266));
#3881=CARTESIAN_POINT('',(-0.0049529685740569,0.0117315751522968,0.00135642234368569));
#3882=CARTESIAN_POINT('',(-0.00517255837524571,0.0117315751522968,0.00176659951949117));
#3883=CARTESIAN_POINT('',(-0.0055827355510512,0.0117315751522968,0.00198618932067996));
#3884=CARTESIAN_POINT('',(-0.0058672355450442,0.0117315751522968,0.002));
#3885=CARTESIAN_POINT('',(-0.00599981806651667,0.0117315751522968,0.002));
#3886=CARTESIAN_POINT('',(-0.00493915789473685,0.0117315751522968,0.000939339827845684));
#3887=CARTESIAN_POINT('',(-0.00317139094177048,0.0134993421052632,0.000939339828220144));
#3888=CARTESIAN_POINT('',(-0.00339236181089128,0.0134993421052632,0.000939339828220147));
#3889=CARTESIAN_POINT('',(-0.00386652846754633,0.0134763243063964,0.000939339828220154));
#3890=CARTESIAN_POINT('',(-0.0045501570938888,0.0131103413044151,0.000939339828220163));
#3891=CARTESIAN_POINT('',(-0.00491614009587011,0.0124267126780726,0.000939339828220173));
#3892=CARTESIAN_POINT('',(-0.00493915789473685,0.0119525460214176,0.000939339828220179));
#3893=CARTESIAN_POINT('',(-0.00493915789473685,0.0117315751522968,0.000939339828220182));
#3894=CARTESIAN_POINT('',(-0.00599981806651667,0.00376710905822951,0.002));
#3895=CARTESIAN_POINT('',(-0.00599981806651667,0.0117315751522968,0.002));
#3896=CARTESIAN_POINT('',(-0.00584071904074969,0.00376710905822951,0.002));
#3897=CARTESIAN_POINT('',(-0.0058407190407497,0.0117315751522968,0.002));
#3898=CARTESIAN_POINT('',(-0.00568162001498273,0.00376710905822951,0.002));
#3899=CARTESIAN_POINT('',(-0.00568162001498273,0.0117315751522968,0.002));
#3900=CARTESIAN_POINT('',(-0.00529271128533012,0.00376710905822951,0.00189393398282202));
#3901=CARTESIAN_POINT('',(-0.00529271128533013,0.0117315751522968,0.00189393398282202));
#3902=CARTESIAN_POINT('',(-0.00504522391191483,0.00376710905822951,0.00164644660940673));
#3903=CARTESIAN_POINT('',(-0.00504522391191484,0.0117315751522968,0.00164644660940673));
#3904=CARTESIAN_POINT('',(-0.00493915789473684,0.00376710905822951,0.00125753787975412));
#3905=CARTESIAN_POINT('',(-0.00493915789473685,0.0117315751522968,0.00125753787975412));
#3906=CARTESIAN_POINT('',(-0.00493915789473684,0.00376710905822951,0.00109843885398715));
#3907=CARTESIAN_POINT('',(-0.00493915789473685,0.0117315751522968,0.00109843885398715));
#3908=CARTESIAN_POINT('',(-0.00493915789473684,0.00376710905822951,0.000939339828220179));
#3909=CARTESIAN_POINT('',(-0.00493915789473685,0.0117315751522968,0.000939339828220179));
#3910=CARTESIAN_POINT('',(-0.00599981806651667,0.00376710905822951,0.002));
#3911=CARTESIAN_POINT('',(-0.00599981806651667,0.00642193108958528,0.002));
#3912=CARTESIAN_POINT('',(-0.00599981806651667,0.00907675312094105,0.002));
#3913=CARTESIAN_POINT('',(-0.00599981806651667,0.0117315751522968,0.002));
#3914=CARTESIAN_POINT('',(-0.00599981806651666,0.00376710905822954,0.002));
#3915=CARTESIAN_POINT('',(-0.00599981806651666,0.00376710905822958,0.002));
#3916=CARTESIAN_POINT('',(-0.00586723554504419,0.00376710905822958,0.002));
#3917=CARTESIAN_POINT('',(-0.00558273555105116,0.00376710905822957,0.00198618932067995));
#3918=CARTESIAN_POINT('',(-0.00517255837524569,0.00376710905822956,0.00176659951949116));
#3919=CARTESIAN_POINT('',(-0.00495296857405689,0.00376710905822955,0.00135642234368568));
#3920=CARTESIAN_POINT('',(-0.00493915789473684,0.00376710905822954,0.00107192234969266));
#3921=CARTESIAN_POINT('',(-0.00493915789473684,0.00376710905822954,0.000939339828220179));
#3922=CARTESIAN_POINT('',(-0.00493915789473684,0.00376710905822954,0.000939339828220004));
#3923=CARTESIAN_POINT('',(-0.00493915789473685,0.0117315751522968,0.00093933982822018));
#3924=CARTESIAN_POINT('',(-0.00493915789473685,0.00907675312094104,0.00093933982822018));
#3925=CARTESIAN_POINT('',(-0.00493915789473685,0.00642193108958528,0.00093933982822018));
#3926=CARTESIAN_POINT('',(-0.00493915789473685,0.00376710905822953,0.00093933982822018));
#3927=CARTESIAN_POINT('',(-0.00493915789473684,0.00376710905822954,0.000939339828220179));
#3928=CARTESIAN_POINT('',(-0.00493915789473684,0.00367230579193014,0.000939339828220204));
#3929=CARTESIAN_POINT('',(-0.00493756001868603,0.00353239634847244,0.00093933982822016));
#3930=CARTESIAN_POINT('',(-0.00492617353091402,0.00340677778348332,0.000939339828220165));
#3931=CARTESIAN_POINT('',(-0.00490117137749478,0.00322389917226893,0.000939339828220175));
#3932=CARTESIAN_POINT('',(-0.00487370974084573,0.00310756195069542,0.000939339828220175));
#3933=CARTESIAN_POINT('',(-0.00479778581530674,0.00288755769154975,0.000939339828220171));
#3934=CARTESIAN_POINT('',(-0.0047009533596687,0.00268095046805459,0.000939339828220169));
#3935=CARTESIAN_POINT('',(-0.00450648437335888,0.00243286198630545,0.000939339828220178));
#3936=CARTESIAN_POINT('',(-0.00426069113208559,0.0022395930882983,0.000939339828220171));
#3937=CARTESIAN_POINT('',(-0.00405374795094623,0.00214191195247805,0.000939339828220201));
#3938=CARTESIAN_POINT('',(-0.00383319146236409,0.00206534249081582,0.000939339828220152));
#3939=CARTESIAN_POINT('',(-0.00371645587503235,0.0020376582129333,0.000939339828220111));
#3940=CARTESIAN_POINT('',(-0.00353280279283423,0.00201243618797968,0.000939339828220211));
#3941=CARTESIAN_POINT('',(-0.00340664422760022,0.00200094476229334,0.000939339828220277));
#3942=CARTESIAN_POINT('',(-0.00326643186566829,0.00199934210526317,0.00093933982821995));
#3943=CARTESIAN_POINT('',(-0.00317139094177047,0.00199934210526317,0.000939339828220182));
#3944=CARTESIAN_POINT('',(-0.00493915789473684,0.00376710905822954,0.00100563108895642));
#3945=CARTESIAN_POINT('',(-0.00493915792433242,0.00367230579193014,0.00100563108895644));
#3946=CARTESIAN_POINT('',(-0.00493756000603706,0.00353239634847281,0.0010056310889564));
#3947=CARTESIAN_POINT('',(-0.00492617352661638,0.00340677778348258,0.0010056310889564));
#3948=CARTESIAN_POINT('',(-0.00490117138609006,0.00322389917227042,0.00100563108895641));
#3949=CARTESIAN_POINT('',(-0.00487370974393087,0.00310756195071026,0.00100563108895641));
#3950=CARTESIAN_POINT('',(-0.0047977858122216,0.00288755769153491,0.00100563108895641));
#3951=CARTESIAN_POINT('',(-0.00470095336110056,0.00268095046795102,0.00100563108895641));
#3952=CARTESIAN_POINT('',(-0.00450648437297508,0.00243286198669021,0.00100563108895642));
#3953=CARTESIAN_POINT('',(-0.0042606911321889,0.00223959308686285,0.00100563108895641));
#3954=CARTESIAN_POINT('',(-0.00405374795096103,0.00214191195557094,0.00100563108895644));
#3955=CARTESIAN_POINT('',(-0.00383319146234929,0.00206534248772294,0.00100563108895639));
#3956=CARTESIAN_POINT('',(-0.00371645587503086,0.00203765820431646,0.00100563108895635));
#3957=CARTESIAN_POINT('',(-0.00353280279283497,0.0020124361922881,0.00100563108895645));
#3958=CARTESIAN_POINT('',(-0.00340664422759985,0.00200094477497406,0.00100563108895651));
#3959=CARTESIAN_POINT('',(-0.00326643186566829,0.00199934207559332,0.00100563108895619));
#3960=CARTESIAN_POINT('',(-0.00317139094177047,0.00199934210526317,0.00100563108895642));
#3961=CARTESIAN_POINT('',(-0.00493956070621701,0.00376710905822953,0.00107249779466433));
#3962=CARTESIAN_POINT('',(-0.00493956075102671,0.00367230579166476,0.00107249779466434));
#3963=CARTESIAN_POINT('',(-0.0049379628335212,0.00353237753323954,0.00107249779466431));
#3964=CARTESIAN_POINT('',(-0.00492657431262945,0.00340673559588916,0.00107249779466431));
#3965=CARTESIAN_POINT('',(-0.00490156716833258,0.00322382027911265,0.00107249779466432));
#3966=CARTESIAN_POINT('',(-0.00487409949527679,0.00310745672792929,0.00107249779466432));
#3967=CARTESIAN_POINT('',(-0.00479815762647392,0.00288740014789149,0.00107249779466432));
#3968=CARTESIAN_POINT('',(-0.00470130140547797,0.00268074080711506,0.00107249779466432));
#3969=CARTESIAN_POINT('',(-0.00450677230747727,0.00243257436370984,0.00107249779466432));
#3970=CARTESIAN_POINT('',(-0.00426090168684883,0.00223924560898784,0.00107249779466432));
#3971=CARTESIAN_POINT('',(-0.00405390619190564,0.00214154043880993,0.00107249779466435));
#3972=CARTESIAN_POINT('',(-0.00383329718478172,0.00206495285292887,0.0010724977946643));
#3973=CARTESIAN_POINT('',(-0.00371653516512508,0.00203726249129229,0.00107249779466425));
#3974=CARTESIAN_POINT('',(-0.00353284518849771,0.00201203542724096,0.00107249779466436));
#3975=CARTESIAN_POINT('',(-0.00340666312170948,0.00200054194611912,0.00107249779466443));
#3976=CARTESIAN_POINT('',(-0.00326643186593431,0.00199893924886088,0.00107249779466407));
#3977=CARTESIAN_POINT('',(-0.00317139094177047,0.001998939293783,0.00107249779466433));
#3978=CARTESIAN_POINT('',(-0.00495273839606822,0.00376710905822954,0.00121118003283649));
#3979=CARTESIAN_POINT('',(-0.00495273845961113,0.00367230578298293,0.00121118003283651));
#3980=CARTESIAN_POINT('',(-0.00495114125164651,0.00353176200631653,0.00121118003283648));
#3981=CARTESIAN_POINT('',(-0.00493968581032566,0.00340535545891635,0.00121118003283648));
#3982=CARTESIAN_POINT('',(-0.00491451476258588,0.00322123934578479,0.00121118003283649));
#3983=CARTESIAN_POINT('',(-0.0048868498822336,0.00310401443956872,0.00121118003283649));
#3984=CARTESIAN_POINT('',(-0.00481032131408827,0.00288224622036821,0.00121118003283648));
#3985=CARTESIAN_POINT('',(-0.00471268740550798,0.00267388190430068,0.00121118003283648));
#3986=CARTESIAN_POINT('',(-0.00451619188526014,0.00242316497712507,0.00121118003283649));
#3987=CARTESIAN_POINT('',(-0.00426778983048021,0.00222787814173742,0.00121118003283648));
#3988=CARTESIAN_POINT('',(-0.00405908293113964,0.00212938648328619,0.00121118003283652));
#3989=CARTESIAN_POINT('',(-0.00383675581888228,0.0020522062790078,0.00121118003283646));
#3990=CARTESIAN_POINT('',(-0.00371912908394555,0.00202431716181657,0.00121118003283641));
#3991=CARTESIAN_POINT('',(-0.00353423213230962,0.00199892461525538,0.00121118003283653));
#3992=CARTESIAN_POINT('',(-0.00340728122901617,0.00198736348263593,0.00121118003283661));
#3993=CARTESIAN_POINT('',(-0.00326643187463704,0.00198576154022946,0.00121118003283621));
#3994=CARTESIAN_POINT('',(-0.00317139094177047,0.00198576160393178,0.0012111800328365));
#3995=CARTESIAN_POINT('',(-0.00496539818544493,0.00376710905822954,0.00128276538731208));
#3996=CARTESIAN_POINT('',(-0.00496539825241441,0.00367230577464232,0.00128276538731211));
#3997=CARTESIAN_POINT('',(-0.0049638017469025,0.00353117067040778,0.00128276538731207));
#3998=CARTESIAN_POINT('',(-0.00495228201110158,0.00340402956313497,0.00128276538731207));
#3999=CARTESIAN_POINT('',(-0.00492695349519152,0.00321875984651712,0.00128276538731208));
#4000=CARTESIAN_POINT('',(-0.00489909916076057,0.00310070743764296,0.00128276538731208));
#4001=CARTESIAN_POINT('',(-0.00482200695436329,0.00287729484895577,0.00128276538731208));
#4002=CARTESIAN_POINT('',(-0.00472362592011572,0.00266729256540336,0.00128276538731208));
#4003=CARTESIAN_POINT('',(-0.00452524126148505,0.00241412539157037,0.00128276538731208));
#4004=CARTESIAN_POINT('',(-0.00427440726099225,0.00221695743154852,0.00128276538731207));
#4005=CARTESIAN_POINT('',(-0.00406405621773271,0.00211771019261407,0.00128276538731211));
#4006=CARTESIAN_POINT('',(-0.00384007852413901,0.00203996066366307,0.00128276538731205));
#4007=CARTESIAN_POINT('',(-0.00372162105835895,0.00201188060499041,0.001282765387312));
#4008=CARTESIAN_POINT('',(-0.0035355645674124,0.00198632907323546,0.00128276538731212));
#4009=CARTESIAN_POINT('',(-0.00340787504389615,0.00197470294378907,0.0012827653873122));
#4010=CARTESIAN_POINT('',(-0.00326643188299774,0.00197310174741758,0.0012827653873118));
#4011=CARTESIAN_POINT('',(-0.00317139094177047,0.00197310181455507,0.00128276538731209));
#4012=CARTESIAN_POINT('',(-0.00500683022340508,0.00376710905822954,0.00142455502833126));
#4013=CARTESIAN_POINT('',(-0.00500683029408902,0.00367230574734576,0.00142455502833129));
#4014=CARTESIAN_POINT('',(-0.00500523609821836,0.00352923538925177,0.00142455502833124));
#4015=CARTESIAN_POINT('',(-0.00499350594200273,0.00339969026785066,0.00142455502833125));
#4016=CARTESIAN_POINT('',(-0.00496766207245005,0.00321064512164073,0.00142455502833126));
#4017=CARTESIAN_POINT('',(-0.00493918770788522,0.00308988452224579,0.00142455502833126));
#4018=CARTESIAN_POINT('',(-0.00486025086877241,0.00286109036070063,0.00142455502833125));
#4019=CARTESIAN_POINT('',(-0.00475942469483276,0.00264572745631109,0.00142455502833126));
#4020=CARTESIAN_POINT('',(-0.00455485740195472,0.00238454129329385,0.00142455502833126));
#4021=CARTESIAN_POINT('',(-0.00429606430627819,0.0021812169258395,0.00142455502833125));
#4022=CARTESIAN_POINT('',(-0.00408033242839719,0.00207949687690336,0.00142455502833128));
#4023=CARTESIAN_POINT('',(-0.00385095283225568,0.00199988410513682,0.00142455502833123));
#4024=CARTESIAN_POINT('',(-0.00372977661098503,0.00197117914847019,0.00142455502833119));
#4025=CARTESIAN_POINT('',(-0.00353992526411223,0.00194510729826031,0.0014245550283313));
#4026=CARTESIAN_POINT('',(-0.00340981843804889,0.00193326844980413,0.00142455502833137));
#4027=CARTESIAN_POINT('',(-0.00326643191036005,0.00193166970573362,0.00142455502833101));
#4028=CARTESIAN_POINT('',(-0.00317139094177047,0.00193166977659492,0.00142455502833126));
#4029=CARTESIAN_POINT('',(-0.00503548738299419,0.00376710905822954,0.00149452913688618));
#4030=CARTESIAN_POINT('',(-0.00503548745387349,0.00367230572846564,0.00149452913688621));
#4031=CARTESIAN_POINT('',(-0.00503389485889305,0.0035278968197855,0.00149452913688616));
#4032=CARTESIAN_POINT('',(-0.00502201916122073,0.00339668892194574,0.00149452913688617));
#4033=CARTESIAN_POINT('',(-0.00499581883769779,0.00320503243693445,0.00149452913688618));
#4034=CARTESIAN_POINT('',(-0.00496691561939898,0.00308239867242824,0.00149452913688618));
#4035=CARTESIAN_POINT('',(-0.00488670290981951,0.00284988225632534,0.00149452913688617));
#4036=CARTESIAN_POINT('',(-0.00478418551389721,0.00263081158919725,0.00149452913688617));
#4037=CARTESIAN_POINT('',(-0.00457534189914369,0.00236407895862172,0.00149452913688618));
#4038=CARTESIAN_POINT('',(-0.00431104376259268,0.0021564964095059,0.00149452913688617));
#4039=CARTESIAN_POINT('',(-0.00409159014077226,0.00205306599995538,0.0014945291368862));
#4040=CARTESIAN_POINT('',(-0.00385847422870424,0.00197216448573757,0.00149452913688615));
#4041=CARTESIAN_POINT('',(-0.00373541753488484,0.00194302730840151,0.00149452913688612));
#4042=CARTESIAN_POINT('',(-0.00354294141266288,0.00191659557022359,0.00149452913688621));
#4043=CARTESIAN_POINT('',(-0.00341116261900457,0.00190460959044745,0.00149452913688627));
#4044=CARTESIAN_POINT('',(-0.00326643192928566,0.00190301254594864,0.00149452913688597));
#4045=CARTESIAN_POINT('',(-0.00317139094177046,0.00190301261700582,0.00149452913688618));
#4046=CARTESIAN_POINT('',(-0.00510851134989895,0.00376710905822954,0.00162400425551165));
#4047=CARTESIAN_POINT('',(-0.00510851142103597,0.00367230568035547,0.00162400425551167));
#4048=CARTESIAN_POINT('',(-0.00510692290577515,0.00352448588674795,0.00162400425551163));
#4049=CARTESIAN_POINT('',(-0.00509467634034725,0.00338904091400729,0.00162400425551164));
#4050=CARTESIAN_POINT('',(-0.00506756770328947,0.0031907302343395,0.00162400425551164));
#4051=CARTESIAN_POINT('',(-0.00503757168305059,0.00306332328403759,0.00162400425551164));
#4052=CARTESIAN_POINT('',(-0.00495410780962118,0.00282132184577881,0.00162400425551164));
#4053=CARTESIAN_POINT('',(-0.00484728085403173,0.00259280308444414,0.00162400425551164));
#4054=CARTESIAN_POINT('',(-0.00462754034680303,0.00231193698532759,0.00162400425551164));
#4055=CARTESIAN_POINT('',(-0.0043492143048872,0.00209350376849878,0.00162400425551164));
#4056=CARTESIAN_POINT('',(-0.00412027696206525,0.00198571503035802,0.00162400425551166));
#4057=CARTESIAN_POINT('',(-0.00387764019676304,0.00190152955199228,0.00162400425551163));
#4058=CARTESIAN_POINT('',(-0.00374979169638862,0.0018712909931157,0.0016240042555116));
#4059=CARTESIAN_POINT('',(-0.00355062714059615,0.00184394219091434,0.00162400425551167));
#4060=CARTESIAN_POINT('',(-0.00341458785119884,0.00183158129210436,0.0016240042555117));
#4061=CARTESIAN_POINT('',(-0.00326643197751176,0.00182998857878549,0.00162400425551151));
#4062=CARTESIAN_POINT('',(-0.00317139094177046,0.00182998865010106,0.00162400425551165));
#4063=CARTESIAN_POINT('',(-0.00515276306822027,0.00376710905822954,0.00168327508759353));
#4064=CARTESIAN_POINT('',(-0.00515276313932713,0.00367230565120124,0.00168327508759353));
#4065=CARTESIAN_POINT('',(-0.00515117709659737,0.00352241889895766,0.00168327508759352));
#4066=CARTESIAN_POINT('',(-0.00513870578934854,0.00338440630557178,0.00168327508759352));
#4067=CARTESIAN_POINT('',(-0.00511104672422825,0.00318206325735327,0.00168327508759353));
#4068=CARTESIAN_POINT('',(-0.00508038847810452,0.00305176380911834,0.00168327508759352));
#4069=CARTESIAN_POINT('',(-0.00499495443528873,0.00280401455207498,0.00168327508759352));
#4070=CARTESIAN_POINT('',(-0.00488551593405695,0.00256977034988597,0.00168327508759352));
#4071=CARTESIAN_POINT('',(-0.00465917203021761,0.00228033952475527,0.00168327508759353));
#4072=CARTESIAN_POINT('',(-0.00437234523240782,0.00205533092301178,0.00168327508759352));
#4073=CARTESIAN_POINT('',(-0.00413766085928683,0.00194490108579924,0.00168327508759354));
#4074=CARTESIAN_POINT('',(-0.00388925456196188,0.00185872556142852,0.00168327508759351));
#4075=CARTESIAN_POINT('',(-0.00375850227967973,0.00182781957752394,0.00168327508759349));
#4076=CARTESIAN_POINT('',(-0.00355528460693239,0.00179991504456034,0.00168327508759354));
#4077=CARTESIAN_POINT('',(-0.00341666350412035,0.00178732694889934,0.00168327508759357));
#4078=CARTESIAN_POINT('',(-0.00326643200673625,0.00178573686049441,0.00168327508759342));
#4079=CARTESIAN_POINT('',(-0.00317139094177046,0.00178573693177973,0.00168327508759353));
#4080=CARTESIAN_POINT('',(-0.00525588280714331,0.00376710905822955,0.00178639482651656));
#4081=CARTESIAN_POINT('',(-0.0052558828782876,0.00367230558326317,0.00178639482651655));
#4082=CARTESIAN_POINT('',(-0.00525430259714095,0.00351760219919146,0.00178639482651657));
#4083=CARTESIAN_POINT('',(-0.00524130757426178,0.00337360628175328,0.00178639482651656));
#4084=CARTESIAN_POINT('',(-0.00521236584717542,0.00316186660877158,0.00178639482651656));
#4085=CARTESIAN_POINT('',(-0.00518016441665495,0.00302482677523635,0.00178639482651656));
#4086=CARTESIAN_POINT('',(-0.00509013928988904,0.00276368338131124,0.00178639482651656));
#4087=CARTESIAN_POINT('',(-0.00497461510624058,0.00251609718951077,0.00178639482651656));
#4088=CARTESIAN_POINT('',(-0.00473288331328373,0.00220670799114733,0.00178639482651656));
#4089=CARTESIAN_POINT('',(-0.00442624721175402,0.00196637677591591,0.00178639482651656));
#4090=CARTESIAN_POINT('',(-0.00417817053915825,0.00184979238795703,0.00178639482651657));
#4091=CARTESIAN_POINT('',(-0.00391631950661245,0.00175897946116986,0.00178639482651656));
#4092=CARTESIAN_POINT('',(-0.00377880054399399,0.00172651817730997,0.00178639482651655));
#4093=CARTESIAN_POINT('',(-0.00356613789649615,0.001697318625504,0.00178639482651657));
#4094=CARTESIAN_POINT('',(-0.00342150039623393,0.00168420109325838,0.00178639482651658));
#4095=CARTESIAN_POINT('',(-0.00326643207483808,0.00168261712153385,0.00178639482651652));
#4096=CARTESIAN_POINT('',(-0.00317139094177046,0.00168261719285669,0.00178639482651657));
#4097=CARTESIAN_POINT('',(-0.00531515363922519,0.00376710905822955,0.00183064654483789));
#4098=CARTESIAN_POINT('',(-0.00531515371039098,0.00367230554421394,0.00183064654483786));
#4099=CARTESIAN_POINT('',(-0.00531357674086858,0.00351483367198209,0.0018306465448379));
#4100=CARTESIAN_POINT('',(-0.00530028069840276,0.00336739867877724,0.00183064654483789));
#4101=CARTESIAN_POINT('',(-0.00527060172699438,0.0031502580440176,0.00183064654483788));
#4102=CARTESIAN_POINT('',(-0.0052375133099066,0.00300934399348498,0.00183064654483789));
#4103=CARTESIAN_POINT('',(-0.00514484933466488,0.00274050196061557,0.00183064654483789));
#4104=CARTESIAN_POINT('',(-0.00502582724203809,0.00248524710291119,0.00183064654483789));
#4105=CARTESIAN_POINT('',(-0.00477525084763536,0.00216438629493295,0.00183064654483789));
#4106=CARTESIAN_POINT('',(-0.00445722881818627,0.00191524799717219,0.00183064654483789));
#4107=CARTESIAN_POINT('',(-0.00420145456274506,0.00179512611631781,0.00183064654483789));
#4108=CARTESIAN_POINT('',(-0.00393187580850424,0.00170164771827565,0.00183064654483789));
#4109=CARTESIAN_POINT('',(-0.00379046751511212,0.00166829248410663,0.00183064654483788));
#4110=CARTESIAN_POINT('',(-0.00357237611538604,0.001638348585533,0.00183064654483789));
#4111=CARTESIAN_POINT('',(-0.00342428052953581,0.00162492674542903,0.0018306465448379));
#4112=CARTESIAN_POINT('',(-0.00326643211398144,0.0016233462894304,0.00183064654483786));
#4113=CARTESIAN_POINT('',(-0.00317139094177046,0.00162334636077481,0.00183064654483789));
#4114=CARTESIAN_POINT('',(-0.00544462875785066,0.00376710905822956,0.00190367051174265));
#4115=CARTESIAN_POINT('',(-0.00544462882906338,0.00367230545891224,0.00190367051174262));
#4116=CARTESIAN_POINT('',(-0.00544305909367165,0.0035087859183694,0.00190367051174267));
#4117=CARTESIAN_POINT('',(-0.00542910548414762,0.00335383838101405,0.00190367051174266));
#4118=CARTESIAN_POINT('',(-0.00539781602756976,0.00312489952877831,0.00190367051174264));
#4119=CARTESIAN_POINT('',(-0.005362790018466,0.00297552238286306,0.00190367051174265));
#4120=CARTESIAN_POINT('',(-0.00526436156839852,0.00268986293482405,0.00190367051174266));
#4121=CARTESIAN_POINT('',(-0.00513769841246954,0.00241785613703832,0.00190367051174265));
#4122=CARTESIAN_POINT('',(-0.00486780128675298,0.00207193598766851,0.00190367051174265));
#4123=CARTESIAN_POINT('',(-0.00452490708466449,0.00180355891739223,0.00190367051174265));
#4124=CARTESIAN_POINT('',(-0.00425231772106575,0.00167570950351368,0.00190367051174265));
#4125=CARTESIAN_POINT('',(-0.00396585802137466,0.00157640847408927,0.00190367051174265));
#4126=CARTESIAN_POINT('',(-0.00381595361706921,0.0015411004358469,0.00190367051174265));
#4127=CARTESIAN_POINT('',(-0.00358600329257268,0.00150953053705267,0.00190367051174265));
#4128=CARTESIAN_POINT('',(-0.00343035363626322,0.00149544394677269,0.00190367051174266));
#4129=CARTESIAN_POINT('',(-0.00326643219948879,0.00149387117075784,0.00190367051174265));
#4130=CARTESIAN_POINT('',(-0.00317139094177046,0.00149387124214934,0.00190367051174265));
#4131=CARTESIAN_POINT('',(-0.00551460286640558,0.00376710905822956,0.00193232767133176));
#4132=CARTESIAN_POINT('',(-0.00551460293764366,0.00367230541281141,0.00193232767133173));
#4133=CARTESIAN_POINT('',(-0.00551303711189767,0.00350551744352805,0.00193232767133177));
#4134=CARTESIAN_POINT('',(-0.00549872812391018,0.00334650979342292,0.00193232767133176));
#4135=CARTESIAN_POINT('',(-0.00546656828956961,0.00311119466009788,0.00193232767133175));
#4136=CARTESIAN_POINT('',(-0.00543049511962522,0.00295724368130028,0.00193232767133175));
#4137=CARTESIAN_POINT('',(-0.00532895129116302,0.00266249535466294,0.00193232767133176));
#4138=CARTESIAN_POINT('',(-0.00519815856502271,0.00238143506392658,0.00193232767133175));
#4139=CARTESIAN_POINT('',(-0.004917819657405,0.00202197173272027,0.00193232767133176));
#4140=CARTESIAN_POINT('',(-0.00456148342779228,0.00174319717472003,0.00193232767133176));
#4141=CARTESIAN_POINT('',(-0.00427980643240706,0.00161117145854932,0.00193232767133176));
#4142=CARTESIAN_POINT('',(-0.0039842235195304,0.00150872362034232,0.00193232767133176));
#4143=CARTESIAN_POINT('',(-0.00382972743928246,0.00147236019998742,0.00193232767133175));
#4144=CARTESIAN_POINT('',(-0.00359336802477666,0.00143991153840729,0.00193232767133176));
#4145=CARTESIAN_POINT('',(-0.00343363581305456,0.00142546568758774,0.00193232767133176));
#4146=CARTESIAN_POINT('',(-0.00326643224570076,0.00142389706217748,0.00193232767133176));
#4147=CARTESIAN_POINT('',(-0.00317139094177046,0.00142389713359442,0.00193232767133176));
#4148=CARTESIAN_POINT('',(-0.00565639250742476,0.00376710905822957,0.00197375970929191));
#4149=CARTESIAN_POINT('',(-0.00565639257871424,0.00367230531939656,0.00197375970929189));
#4150=CARTESIAN_POINT('',(-0.00565483467514512,0.00349889448134953,0.00197375970929191));
#4151=CARTESIAN_POINT('',(-0.00563980557816588,0.00333165976067247,0.00197375970929191));
#4152=CARTESIAN_POINT('',(-0.00560588208362195,0.00308342426829806,0.0019737597092919));
#4153=CARTESIAN_POINT('',(-0.00556768703513205,0.00292020525971254,0.0019737597092919));
#4154=CARTESIAN_POINT('',(-0.00545983046623844,0.0026070399948628,0.00197375970929191));
#4155=CARTESIAN_POINT('',(-0.00532066992677519,0.00230763446841068,0.0019737597092919));
#4156=CARTESIAN_POINT('',(-0.00501917267162092,0.00192072837400935,0.00197375970929191));
#4157=CARTESIAN_POINT('',(-0.00463559864939331,0.00162088522246322,0.00197375970929191));
#4158=CARTESIAN_POINT('',(-0.00433550724223025,0.00148039699901627,0.00197375970929191));
#4159=CARTESIAN_POINT('',(-0.00402143781842494,0.00137157273248666,0.00197375970929191));
#4160=CARTESIAN_POINT('',(-0.00385763755271458,0.00133307077469322,0.00197375970929191));
#4161=CARTESIAN_POINT('',(-0.00360829129792683,0.00129884146220482,0.0019737597092919));
#4162=CARTESIAN_POINT('',(-0.00344028653971071,0.00128366763608141,0.0019737597092919));
#4163=CARTESIAN_POINT('',(-0.00326643233934081,0.00128210742110675,0.00197375970929191));
#4164=CARTESIAN_POINT('',(-0.00317139094177046,0.00128210749257525,0.00197375970929191));
#4165=CARTESIAN_POINT('',(-0.00572797786190035,0.00376710905822957,0.00198641949866862));
#4166=CARTESIAN_POINT('',(-0.00572797793321581,0.0036723052722342,0.00198641949866861));
#4167=CARTESIAN_POINT('',(-0.00572642402931712,0.00349555074557434,0.00198641949866862));
#4168=CARTESIAN_POINT('',(-0.00571103137081771,0.00332416242270917,0.00198641949866862));
#4169=CARTESIAN_POINT('',(-0.00567621745691785,0.00306940382698354,0.00198641949866862));
#4170=CARTESIAN_POINT('',(-0.00563695113533112,0.00290150566699536,0.00198641949866862));
#4171=CARTESIAN_POINT('',(-0.00552590745235606,0.00257904224015851,0.00198641949866862));
#4172=CARTESIAN_POINT('',(-0.00538252225389373,0.00227037475216808,0.00198641949866862));
#4173=CARTESIAN_POINT('',(-0.00507034278107084,0.00186961362634848,0.00198641949866862));
#4174=CARTESIAN_POINT('',(-0.00467301721094839,0.00155913357124265,0.00198641949866862));
#4175=CARTESIAN_POINT('',(-0.00436362891731955,0.00141437288064812,0.00198641949866862));
#4176=CARTESIAN_POINT('',(-0.00404022620634085,0.00130232934592317,0.00198641949866862));
#4177=CARTESIAN_POINT('',(-0.00387172853530774,0.00126274770445541,0.00198641949866862));
#4178=CARTESIAN_POINT('',(-0.00361582561278024,0.00122761939451169,0.00198641949866862));
#4179=CARTESIAN_POINT('',(-0.00344364429294134,0.00121207803540207,0.00198641949866862));
#4180=CARTESIAN_POINT('',(-0.00326643238661687,0.00121052206660514,0.00198641949866862));
#4181=CARTESIAN_POINT('',(-0.00317139094177046,0.00121052213809966,0.00198641949866862));
#4182=CARTESIAN_POINT('',(-0.00586666010007252,0.00376710905822958,0.00199959718851983));
#4183=CARTESIAN_POINT('',(-0.00586666017143835,0.0036723051808666,0.00199959718851983));
#4184=CARTESIAN_POINT('',(-0.00586511401609725,0.00348907292948252,0.00199959718851983));
#4185=CARTESIAN_POINT('',(-0.00584901703021553,0.00330963783710504,0.00199959718851983));
#4186=CARTESIAN_POINT('',(-0.00581247810775641,0.00304224203954946,0.00199959718851983));
#4187=CARTESIAN_POINT('',(-0.00577113640983255,0.00286527896406255,0.00199959718851983));
#4188=CARTESIAN_POINT('',(-0.00565391833382187,0.00252480221697737,0.00199959718851983));
#4189=CARTESIAN_POINT('',(-0.00550234870755587,0.00219819153983313,0.00199959718851983));
#4190=CARTESIAN_POINT('',(-0.00516947458474794,0.0017705890750119,0.00199959718851983));
#4191=CARTESIAN_POINT('',(-0.00474550815415395,0.00143950215690055,0.00199959718851983));
#4192=CARTESIAN_POINT('',(-0.00441810901134305,0.00128646441982237,0.00199959718851983));
#4193=CARTESIAN_POINT('',(-0.0040766249321265,0.00116818419992799,0.00199959718851983));
#4194=CARTESIAN_POINT('',(-0.00389902698229289,0.00112651088831945,0.00199959718851983));
#4195=CARTESIAN_POINT('',(-0.00363042183367794,0.00108964095147275,0.00199959718851983));
#4196=CARTESIAN_POINT('',(-0.00345014926503604,0.00107338757106348,0.00199959718851983));
#4197=CARTESIAN_POINT('',(-0.00326643247820472,0.00107183982838257,0.00199959718851983));
#4198=CARTESIAN_POINT('',(-0.00317139094177046,0.00107183989992749,0.00199959718851983));
#4199=CARTESIAN_POINT('',(-0.00593352680578042,0.00376710905822958,0.002));
#4200=CARTESIAN_POINT('',(-0.00593352687717058,0.00367230513681301,0.002));
#4201=CARTESIAN_POINT('',(-0.00593198445785596,0.00348594960072787,0.002));
#4202=CARTESIAN_POINT('',(-0.0059155478751202,0.00330263469666023,0.002));
#4203=CARTESIAN_POINT('',(-0.00587817722654247,0.00302914577523477,0.002));
#4204=CARTESIAN_POINT('',(-0.00583583486998635,0.00284781198115469,0.002));
#4205=CARTESIAN_POINT('',(-0.00571563976297675,0.00249864997343526,0.002));
#4206=CARTESIAN_POINT('',(-0.00556012395201869,0.00216338784990234,0.002));
#4207=CARTESIAN_POINT('',(-0.00521727174486113,0.001722843627438,0.002));
#4208=CARTESIAN_POINT('',(-0.00478046021888625,0.00138182095214308,0.002));
#4209=CARTESIAN_POINT('',(-0.00444437700688467,0.0012247923735653,0.002));
#4210=CARTESIAN_POINT('',(-0.00409417485717335,0.00110350508804151,0.002));
#4211=CARTESIAN_POINT('',(-0.00391218913805916,0.00106082326161821,0.002));
#4212=CARTESIAN_POINT('',(-0.00363745951362944,0.0010231135859909,0.002));
#4213=CARTESIAN_POINT('',(-0.00345328568726594,0.00100651689904628,0.002));
#4214=CARTESIAN_POINT('',(-0.00326643252236449,0.00100497312265036,0.002));
#4215=CARTESIAN_POINT('',(-0.00317139094177046,0.00100497319421958,0.002));
#4216=CARTESIAN_POINT('',(-0.00599981806651666,0.00376710905822958,0.002));
#4217=CARTESIAN_POINT('',(-0.00599981813793094,0.00367230509313854,0.002));
#4218=CARTESIAN_POINT('',(-0.0059982794224911,0.00348285315087818,0.002));
#4219=CARTESIAN_POINT('',(-0.00598150616542156,0.00329569182420547,0.002));
#4220=CARTESIAN_POINT('',(-0.0059433109484371,0.00301616221543226,0.002));
#4221=CARTESIAN_POINT('',(-0.00589997654476878,0.00283049531651627,0.002));
#4222=CARTESIAN_POINT('',(-0.00577683002664837,0.00247272279223,0.002));
#4223=CARTESIAN_POINT('',(-0.00561740199127959,0.00212888367537543,0.002));
#4224=CARTESIAN_POINT('',(-0.00526465756968935,0.00167550907011861,0.002));
#4225=CARTESIAN_POINT('',(-0.0048151114913231,0.00132463614329574,0.002));
#4226=CARTESIAN_POINT('',(-0.00447041894394487,0.00116365106780958,0.002));
#4227=CARTESIAN_POINT('',(-0.004111573750163,0.00103938259501809,0.002));
#4228=CARTESIAN_POINT('',(-0.00392523802226119,0.000995700932909234,0.002));
#4229=CARTESIAN_POINT('',(-0.003644436628349,0.000957158745168966,0.002));
#4230=CARTESIAN_POINT('',(-0.00345639511791038,0.000940221706134224,0.002));
#4231=CARTESIAN_POINT('',(-0.00326643256614424,0.000938681861890035,0.002));
#4232=CARTESIAN_POINT('',(-0.00317139094177046,0.000938681933483343,0.002));
#4233=CARTESIAN_POINT('',(-0.00317139094177046,0.000938681933483341,0.002));
#4234=CARTESIAN_POINT('',(-0.00339482166125645,0.000938681765176613,0.002));
#4235=CARTESIAN_POINT('',(-0.00374689007222729,0.00095472183649126,0.002));
#4236=CARTESIAN_POINT('',(-0.00429583320986965,0.00108200732320599,0.002));
#4237=CARTESIAN_POINT('',(-0.0048242631777342,0.00132910164812726,0.002));
#4238=CARTESIAN_POINT('',(-0.00526339434461614,0.00167628191672243,0.002));
#4239=CARTESIAN_POINT('',(-0.00561330320516133,0.00212132678412854,0.002));
#4240=CARTESIAN_POINT('',(-0.00581576907947029,0.00255475408517846,0.002));
#4241=CARTESIAN_POINT('',(-0.00592164898901711,0.00292373865556346,0.002));
#4242=CARTESIAN_POINT('',(-0.00598616768362893,0.00327213027307154,0.002));
#4243=CARTESIAN_POINT('',(-0.00599981823409362,0.00354464709286614,0.002));
#4244=CARTESIAN_POINT('',(-0.00599981806651666,0.00376710905822956,0.002));
#4245=CARTESIAN_POINT('',(-0.00493915789473684,0.00376710905822953,0.000939339828220179));
#4246=CARTESIAN_POINT('',(-0.00493915789473685,0.00354613818910874,0.000939339828220179));
#4247=CARTESIAN_POINT('',(-0.0049161400958701,0.00307197153245371,0.00093933982822018));
#4248=CARTESIAN_POINT('',(-0.00455015709388877,0.00238834290611124,0.00093933982822018));
#4249=CARTESIAN_POINT('',(-0.00386652846754632,0.00202235990412991,0.000939339828220182));
#4250=CARTESIAN_POINT('',(-0.00339236181089126,0.00199934210526317,0.000939339828220182));
#4251=CARTESIAN_POINT('',(-0.00317139094177046,0.00199934210526317,0.000939339828220182));
#4252=CARTESIAN_POINT('',(0.0342358421052631,0.00376710905822873,0.000939339828220179));
#4253=CARTESIAN_POINT('',(0.0342358421052631,0.00376710905822873,-4.33680868994202E-19));
#4254=CARTESIAN_POINT('',(0.0342358421052631,0.00350194401528325,0.000939339828220179));
#4255=CARTESIAN_POINT('',(0.0342358421052631,0.00350194401528325,-4.33680868994202E-19));
#4256=CARTESIAN_POINT('',(0.0342358421052632,0.00323677897233833,0.000939339828220179));
#4257=CARTESIAN_POINT('',(0.0342358421052632,0.00323677897233833,-5.42101086242752E-19));
#4258=CARTESIAN_POINT('',(0.0340590654099667,0.0025885977562516,0.000939339828220179));
#4259=CARTESIAN_POINT('',(0.0340590654099667,0.0025885977562516,-5.42101086242752E-19));
#4260=CARTESIAN_POINT('',(0.0336465864542747,0.00217611880055937,0.000939339828220179));
#4261=CARTESIAN_POINT('',(0.0336465864542747,0.00217611880055937,-5.42101086242752E-19));
#4262=CARTESIAN_POINT('',(0.0329984052381866,0.00199934210526319,0.000939339828220179));
#4263=CARTESIAN_POINT('',(0.0329984052381866,0.00199934210526319,-5.42101086242752E-19));
#4264=CARTESIAN_POINT('',(0.0327332401952417,0.0019993421052632,0.000939339828220179));
#4265=CARTESIAN_POINT('',(0.0327332401952417,0.0019993421052632,-5.42101086242752E-19));
#4266=CARTESIAN_POINT('',(0.0324680751522968,0.0019993421052632,0.000939339828220179));
#4267=CARTESIAN_POINT('',(0.0324680751522968,0.0019993421052632,-5.42101086242752E-19));
#4268=CARTESIAN_POINT('',(0.0324680751522968,0.0019993421052632,0.000939339828216141));
#4269=CARTESIAN_POINT('',(0.0324680751522968,0.0019993421052632,0.000626226552144094));
#4270=CARTESIAN_POINT('',(0.0324680751522968,0.0019993421052632,0.000313113276072047));
#4271=CARTESIAN_POINT('',(0.0324680751522968,0.0019993421052632,0.));
#4272=CARTESIAN_POINT('',(0.0324680751522968,0.00199934210526319,0.));
#4273=CARTESIAN_POINT('',(0.0342358421052632,0.00376710905822957,0.));
#4274=CARTESIAN_POINT('',(0.0342358421052632,0.00376710905822957,0.000313113276049744));
#4275=CARTESIAN_POINT('',(0.0342358421052632,0.00376710905822957,0.000626226552099488));
#4276=CARTESIAN_POINT('',(0.0342358421052632,0.00376710905822957,0.000939339828149231));
#4277=CARTESIAN_POINT('',(0.0342358421052631,0.00376710905822957,0.));
#4278=CARTESIAN_POINT('',(0.0324680751522968,0.00199934210526319,0.));
#4279=CARTESIAN_POINT('',(0.0327077892701782,0.00199934210526319,0.));
#4280=CARTESIAN_POINT('',(0.0331896785791003,0.00203121818859707,-3.58294936688569E-19));
#4281=CARTESIAN_POINT('',(0.0338414972139465,0.00239177918949342,-1.79147468344284E-19));
#4282=CARTESIAN_POINT('',(0.0342044072740732,0.00304604266521969,-3.58294936688569E-19));
#4283=CARTESIAN_POINT('',(0.0342358421052631,0.00352661876583728,0.));
#4284=CARTESIAN_POINT('',(0.0342358421052631,0.00376710905822957,0.));
#4285=CARTESIAN_POINT('',(-0.00493915789473685,0.0117315751522968,0.000939339828236227));
#4286=CARTESIAN_POINT('',(-0.00493915789473685,0.0117315751522968,1.0842021724855E-19));
#4287=CARTESIAN_POINT('',(-0.00493915789473685,0.0119967401952417,0.000939339828236227));
#4288=CARTESIAN_POINT('',(-0.00493915789473685,0.0119967401952417,1.0842021724855E-19));
#4289=CARTESIAN_POINT('',(-0.00493915789473685,0.0122619052381867,0.000939339828236227));
#4290=CARTESIAN_POINT('',(-0.00493915789473685,0.0122619052381867,-1.0842021724855E-19));
#4291=CARTESIAN_POINT('',(-0.00476238119944022,0.0129100864542744,0.000939339828236227));
#4292=CARTESIAN_POINT('',(-0.00476238119944022,0.0129100864542744,-1.0842021724855E-19));
#4293=CARTESIAN_POINT('',(-0.00434990224374807,0.0133225654099665,0.000939339828236227));
#4294=CARTESIAN_POINT('',(-0.00434990224374807,0.0133225654099665,-1.0842021724855E-19));
#4295=CARTESIAN_POINT('',(-0.00370172102766039,0.0134993421052632,0.000939339828236227));
#4296=CARTESIAN_POINT('',(-0.00370172102766039,0.0134993421052632,0.));
#4297=CARTESIAN_POINT('',(-0.00343655598471543,0.0134993421052632,0.000939339828236227));
#4298=CARTESIAN_POINT('',(-0.00343655598471543,0.0134993421052632,0.));
#4299=CARTESIAN_POINT('',(-0.00317139094177048,0.0134993421052632,0.000939339828236227));
#4300=CARTESIAN_POINT('',(-0.00317139094177048,0.0134993421052632,0.));
#4301=CARTESIAN_POINT('',(-0.00317139094177051,0.0134993421052632,0.000939339828236227));
#4302=CARTESIAN_POINT('',(-0.00317139094177051,0.0134993421052632,0.000626226552157485));
#4303=CARTESIAN_POINT('',(-0.00317139094177051,0.0134993421052632,0.000313113276078742));
#4304=CARTESIAN_POINT('',(-0.00317139094177051,0.0134993421052632,0.));
#4305=CARTESIAN_POINT('',(-0.00317139094177049,0.0134993421052632,0.));
#4306=CARTESIAN_POINT('',(-0.00493915789473685,0.0117315751522968,0.));
#4307=CARTESIAN_POINT('',(-0.00493915789473686,0.0117315751522968,0.000313113275948561));
#4308=CARTESIAN_POINT('',(-0.00493915789473686,0.0117315751522968,0.000626226551897123));
#4309=CARTESIAN_POINT('',(-0.00493915789473685,0.0117315751522968,0.000939339827845684));
#4310=CARTESIAN_POINT('',(-0.00493915789473685,0.0117315751522968,0.));
#4311=CARTESIAN_POINT('',(-0.00317139094177049,0.0134993421052632,0.));
#4312=CARTESIAN_POINT('',(-0.00341110505965186,0.0134993421052632,0.));
#4313=CARTESIAN_POINT('',(-0.00389299436857396,0.0134674660219293,-3.58294936688569E-19));
#4314=CARTESIAN_POINT('',(-0.00454481300342016,0.0131069050210329,-1.79147468344285E-19));
#4315=CARTESIAN_POINT('',(-0.00490772306354693,0.0124526415453067,-3.58294936688569E-19));
#4316=CARTESIAN_POINT('',(-0.00493915789473685,0.0119720654446891,0.));
#4317=CARTESIAN_POINT('',(-0.00493915789473685,0.0117315751522968,0.));
#4318=CARTESIAN_POINT('',(-0.00493915789473684,0.00376710905822953,0.));
#4319=CARTESIAN_POINT('',(-0.00493915789473684,0.00376710905822953,0.000939339828220182));
#4320=CARTESIAN_POINT('',(-0.00493915789473685,0.00350194401528458,0.));
#4321=CARTESIAN_POINT('',(-0.00493915789473685,0.00350194401528458,0.000939339828220182));
#4322=CARTESIAN_POINT('',(-0.00493915789473685,0.00323677897233962,0.));
#4323=CARTESIAN_POINT('',(-0.00493915789473685,0.00323677897233962,0.000939339828220182));
#4324=CARTESIAN_POINT('',(-0.00476238119944021,0.00258859775625196,0.));
#4325=CARTESIAN_POINT('',(-0.00476238119944021,0.00258859775625196,0.000939339828220182));
#4326=CARTESIAN_POINT('',(-0.00434990224374805,0.0021761188005598,0.));
#4327=CARTESIAN_POINT('',(-0.00434990224374805,0.0021761188005598,0.000939339828220182));
#4328=CARTESIAN_POINT('',(-0.00370172102766039,0.00199934210526316,0.));
#4329=CARTESIAN_POINT('',(-0.00370172102766039,0.00199934210526316,0.000939339828220182));
#4330=CARTESIAN_POINT('',(-0.00343655598471542,0.00199934210526316,0.));
#4331=CARTESIAN_POINT('',(-0.00343655598471542,0.00199934210526316,0.000939339828220182));
#4332=CARTESIAN_POINT('',(-0.00317139094177046,0.00199934210526317,0.));
#4333=CARTESIAN_POINT('',(-0.00317139094177046,0.00199934210526317,0.000939339828220182));
#4334=CARTESIAN_POINT('',(-0.00493915789473685,0.00376710905822953,0.000939339828220004));
#4335=CARTESIAN_POINT('',(-0.00493915789473684,0.00376710905822953,0.000626226552146669));
#4336=CARTESIAN_POINT('',(-0.00493915789473684,0.00376710905822953,0.000313113276073335));
#4337=CARTESIAN_POINT('',(-0.00493915789473685,0.00376710905822953,0.));
#4338=CARTESIAN_POINT('',(-0.00493915789473684,0.00376710905822954,0.));
#4339=CARTESIAN_POINT('',(-0.00317139094177049,0.00199934210526316,0.));
#4340=CARTESIAN_POINT('',(-0.00317139094177049,0.00199934210526316,0.000313113276073335));
#4341=CARTESIAN_POINT('',(-0.00317139094177049,0.00199934210526316,0.000626226552146669));
#4342=CARTESIAN_POINT('',(-0.00317139094177049,0.00199934210526316,0.000939339828220004));
#4343=CARTESIAN_POINT('',(-0.00317139094177047,0.00199934210526316,0.));
#4344=CARTESIAN_POINT('',(-0.00493915789473684,0.00376710905822954,3.55753837846806E-20));
#4345=CARTESIAN_POINT('',(-0.00493915789473684,0.00352739494034815,3.55753837846806E-20));
#4346=CARTESIAN_POINT('',(-0.00490728181140299,0.00304550563142606,-3.76506145054537E-19));
#4347=CARTESIAN_POINT('',(-0.00454672081050661,0.00239368699657985,-1.68771314740419E-19));
#4348=CARTESIAN_POINT('',(-0.00389245733478035,0.00203077693645309,-3.81588342738062E-19));
#4349=CARTESIAN_POINT('',(-0.00341188123416276,0.00199934210526316,4.74338450462408E-20));
#4350=CARTESIAN_POINT('',(-0.00317139094177047,0.00199934210526316,4.74338450462408E-20));
#4351=CARTESIAN_POINT('',(0.0280530340217836,-0.0151165773168385,0.000232233047033631));
#4352=CARTESIAN_POINT('',(0.0284044961470029,-0.0133496578947368,0.000232233047033631));
#4353=CARTESIAN_POINT('',(0.0280530340217836,-0.0115827384726352,0.000232233047033631));
#4354=CARTESIAN_POINT('',(0.0270521545686781,-0.010084816515384,0.000232233047033631));
#4355=CARTESIAN_POINT('',(0.025554232611427,-0.00908393706227854,0.000232233047033632));
#4356=CARTESIAN_POINT('',(0.0237873131893253,-0.0087324749370592,0.000232233047033632));
#4357=CARTESIAN_POINT('',(0.0220203937672237,-0.00908393706227854,0.000232233047033632));
#4358=CARTESIAN_POINT('',(0.0205224718099725,-0.010084816515384,0.000232233047033632));
#4359=CARTESIAN_POINT('',(0.0195215923568671,-0.0115827384726351,0.000232233047033632));
#4360=CARTESIAN_POINT('',(0.0191701302316477,-0.0133496578947368,0.000232233047033632));
#4361=CARTESIAN_POINT('',(0.019521592356867,-0.0151165773168385,0.000232233047033632));
#4362=CARTESIAN_POINT('',(0.0205224718099725,-0.0166144992740896,0.000232233047033631));
#4363=CARTESIAN_POINT('',(0.0220203937672237,-0.0176153787271951,0.000232233047033631));
#4364=CARTESIAN_POINT('',(0.0237873131893253,-0.0179668408524144,0.000232233047033631));
#4365=CARTESIAN_POINT('',(0.025554232611427,-0.0176153787271951,0.000232233047033631));
#4366=CARTESIAN_POINT('',(0.0270521545686781,-0.0166144992740896,0.000232233047033631));
#4367=CARTESIAN_POINT('',(0.0280530340217836,-0.0151165773168385,0.000232233047033631));
#4368=CARTESIAN_POINT('',(0.0284044961470029,-0.0133496578947368,0.000232233047033631));
#4369=CARTESIAN_POINT('',(0.0280530340217836,-0.0115827384726352,0.000232233047033631));
#4370=CARTESIAN_POINT('',(0.0280476574167315,-0.0151143502541064,0.00048279109626031));
#4371=CARTESIAN_POINT('',(0.0283986765516305,-0.0133496578947368,0.00048279109626031));
#4372=CARTESIAN_POINT('',(0.0280476574167315,-0.0115849655353672,0.00048279109626031));
#4373=CARTESIAN_POINT('',(0.0270480394933265,-0.0100889315907356,0.00048279109626031));
#4374=CARTESIAN_POINT('',(0.0255520055486949,-0.00908931366733061,0.000482791096260311));
#4375=CARTESIAN_POINT('',(0.0237873131893253,-0.00873829453243162,0.000482791096260311));
#4376=CARTESIAN_POINT('',(0.0220226208299558,-0.0090893136673306,0.000482791096260311));
#4377=CARTESIAN_POINT('',(0.0205265868853241,-0.0100889315907356,0.000482791096260311));
#4378=CARTESIAN_POINT('',(0.0195269689619191,-0.0115849655353672,0.00048279109626031));
#4379=CARTESIAN_POINT('',(0.0191759498270201,-0.0133496578947368,0.000482791096260311));
#4380=CARTESIAN_POINT('',(0.0195269689619191,-0.0151143502541064,0.000482791096260311));
#4381=CARTESIAN_POINT('',(0.0205265868853241,-0.016610384198738,0.000482791096260311));
#4382=CARTESIAN_POINT('',(0.0220226208299558,-0.017610002122143,0.00048279109626031));
#4383=CARTESIAN_POINT('',(0.0237873131893253,-0.017961021257042,0.00048279109626031));
#4384=CARTESIAN_POINT('',(0.0255520055486949,-0.017610002122143,0.00048279109626031));
#4385=CARTESIAN_POINT('',(0.0270480394933265,-0.016610384198738,0.00048279109626031));
#4386=CARTESIAN_POINT('',(0.0280476574167315,-0.0151143502541064,0.00048279109626031));
#4387=CARTESIAN_POINT('',(0.0283986765516305,-0.0133496578947368,0.00048279109626031));
#4388=CARTESIAN_POINT('',(0.0280476574167315,-0.0115849655353672,0.00048279109626031));
#4389=CARTESIAN_POINT('',(0.0280854116023339,-0.0151299885498192,0.00097663129200507));
#4390=CARTESIAN_POINT('',(0.0284395413876549,-0.0133496578947368,0.000976631292005069));
#4391=CARTESIAN_POINT('',(0.0280854116023339,-0.0115693272396544,0.00097663129200507));
#4392=CARTESIAN_POINT('',(0.0270769352959914,-0.0100600357880707,0.00097663129200507));
#4393=CARTESIAN_POINT('',(0.0255676438444077,-0.00905155948172828,0.000976631292005071));
#4394=CARTESIAN_POINT('',(0.0237873131893253,-0.00869742969640725,0.000976631292005071));
#4395=CARTESIAN_POINT('',(0.0220069825342429,-0.00905155948172828,0.000976631292005071));
#4396=CARTESIAN_POINT('',(0.0204976910826592,-0.0100600357880707,0.000976631292005071));
#4397=CARTESIAN_POINT('',(0.0194892147763168,-0.0115693272396544,0.000976631292005072));
#4398=CARTESIAN_POINT('',(0.0191350849909958,-0.0133496578947368,0.00097663129200507));
#4399=CARTESIAN_POINT('',(0.0194892147763168,-0.0151299885498192,0.000976631292005071));
#4400=CARTESIAN_POINT('',(0.0204976910826592,-0.0166392800014029,0.00097663129200507));
#4401=CARTESIAN_POINT('',(0.0220069825342429,-0.0176477563077454,0.00097663129200507));
#4402=CARTESIAN_POINT('',(0.0237873131893253,-0.0180018860930664,0.00097663129200507));
#4403=CARTESIAN_POINT('',(0.0255676438444077,-0.0176477563077454,0.00097663129200507));
#4404=CARTESIAN_POINT('',(0.0270769352959914,-0.0166392800014029,0.000976631292005069));
#4405=CARTESIAN_POINT('',(0.0280854116023339,-0.0151299885498192,0.00097663129200507));
#4406=CARTESIAN_POINT('',(0.0284395413876549,-0.0133496578947368,0.000976631292005069));
#4407=CARTESIAN_POINT('',(0.0280854116023339,-0.0115693272396544,0.00097663129200507));
#4408=CARTESIAN_POINT('',(0.028437656224919,-0.015275893049767,0.00159420582913671));
#4409=CARTESIAN_POINT('',(0.0288208082197359,-0.0133496578947368,0.00159420582913671));
#4410=CARTESIAN_POINT('',(0.028437656224919,-0.0114234227397067,0.00159420582913671));
#4411=CARTESIAN_POINT('',(0.0273465316583975,-0.00979043942566469,0.00159420582913671));
#4412=CARTESIAN_POINT('',(0.0257135483443555,-0.00869931485914319,0.00159420582913671));
#4413=CARTESIAN_POINT('',(0.0237873131893253,-0.00831616286432621,0.00159420582913671));
#4414=CARTESIAN_POINT('',(0.0218610780342952,-0.00869931485914317,0.00159420582913671));
#4415=CARTESIAN_POINT('',(0.0202280947202532,-0.00979043942566469,0.00159420582913671));
#4416=CARTESIAN_POINT('',(0.0191369701537317,-0.0114234227397067,0.00159420582913671));
#4417=CARTESIAN_POINT('',(0.0187538181589147,-0.0133496578947368,0.00159420582913671));
#4418=CARTESIAN_POINT('',(0.0191369701537317,-0.015275893049767,0.00159420582913671));
#4419=CARTESIAN_POINT('',(0.0202280947202532,-0.0169088763638089,0.00159420582913671));
#4420=CARTESIAN_POINT('',(0.0218610780342952,-0.0180000009303305,0.00159420582913671));
#4421=CARTESIAN_POINT('',(0.0237873131893253,-0.0183831529251474,0.00159420582913671));
#4422=CARTESIAN_POINT('',(0.0257135483443555,-0.0180000009303305,0.00159420582913671));
#4423=CARTESIAN_POINT('',(0.0273465316583974,-0.016908876363809,0.00159420582913671));
#4424=CARTESIAN_POINT('',(0.028437656224919,-0.015275893049767,0.00159420582913671));
#4425=CARTESIAN_POINT('',(0.0288208082197359,-0.0133496578947368,0.00159420582913671));
#4426=CARTESIAN_POINT('',(0.028437656224919,-0.0114234227397067,0.00159420582913671));
#4427=CARTESIAN_POINT('',(0.0290230533793715,-0.0155183724905158,0.00196582397300784));
#4428=CARTESIAN_POINT('',(0.0294544375337887,-0.0133496578947368,0.00196582397300784));
#4429=CARTESIAN_POINT('',(0.0290230533793715,-0.0111809432989578,0.00196582397300784));
#4430=CARTESIAN_POINT('',(0.0277945752431228,-0.00934239584093937,0.00196582397300784));
#4431=CARTESIAN_POINT('',(0.0259560277851043,-0.00811391770469062,0.00196582397300784));
#4432=CARTESIAN_POINT('',(0.0237873131893253,-0.0076825335502734,0.00196582397300784));
#4433=CARTESIAN_POINT('',(0.0216185985935463,-0.00811391770469062,0.00196582397300784));
#4434=CARTESIAN_POINT('',(0.0197800511355279,-0.00934239584093937,0.00196582397300784));
#4435=CARTESIAN_POINT('',(0.0185515729992791,-0.0111809432989578,0.00196582397300785));
#4436=CARTESIAN_POINT('',(0.0181201888448619,-0.0133496578947368,0.00196582397300785));
#4437=CARTESIAN_POINT('',(0.0185515729992791,-0.0155183724905158,0.00196582397300784));
#4438=CARTESIAN_POINT('',(0.0197800511355279,-0.0173569199485343,0.00196582397300784));
#4439=CARTESIAN_POINT('',(0.0216185985935463,-0.018585398084783,0.00196582397300784));
#4440=CARTESIAN_POINT('',(0.0237873131893253,-0.0190167822392002,0.00196582397300784));
#4441=CARTESIAN_POINT('',(0.0259560277851044,-0.018585398084783,0.00196582397300784));
#4442=CARTESIAN_POINT('',(0.0277945752431228,-0.0173569199485343,0.00196582397300784));
#4443=CARTESIAN_POINT('',(0.0290230533793715,-0.0155183724905158,0.00196582397300784));
#4444=CARTESIAN_POINT('',(0.0294544375337887,-0.0133496578947368,0.00196582397300784));
#4445=CARTESIAN_POINT('',(0.0290230533793715,-0.0111809432989578,0.00196582397300784));
#4446=CARTESIAN_POINT('',(0.029491189098963,-0.0157122806546019,0.00200567150463125));
#4447=CARTESIAN_POINT('',(0.0299611439853528,-0.0133496578947368,0.00200567150463125));
#4448=CARTESIAN_POINT('',(0.029491189098963,-0.0109870351348717,0.00200567150463125));
#4449=CARTESIAN_POINT('',(0.0281528708110947,-0.00898410027296745,0.00200567150463125));
#4450=CARTESIAN_POINT('',(0.0261499359491904,-0.00764578198509916,0.00200567150463125));
#4451=CARTESIAN_POINT('',(0.0237873131893253,-0.00717582709870933,0.00200567150463125));
#4452=CARTESIAN_POINT('',(0.0214246904294602,-0.00764578198509916,0.00200567150463125));
#4453=CARTESIAN_POINT('',(0.019421755567556,-0.00898410027296744,0.00200567150463125));
#4454=CARTESIAN_POINT('',(0.0180834372796877,-0.0109870351348717,0.00200567150463125));
#4455=CARTESIAN_POINT('',(0.0176134823932978,-0.0133496578947368,0.00200567150463125));
#4456=CARTESIAN_POINT('',(0.0180834372796877,-0.0157122806546019,0.00200567150463125));
#4457=CARTESIAN_POINT('',(0.0194217555675559,-0.0177152155165062,0.00200567150463125));
#4458=CARTESIAN_POINT('',(0.0214246904294602,-0.0190535338043745,0.00200567150463125));
#4459=CARTESIAN_POINT('',(0.0237873131893253,-0.0195234886907643,0.00200567150463125));
#4460=CARTESIAN_POINT('',(0.0261499359491904,-0.0190535338043745,0.00200567150463125));
#4461=CARTESIAN_POINT('',(0.0281528708110947,-0.0177152155165062,0.00200567150463125));
#4462=CARTESIAN_POINT('',(0.029491189098963,-0.0157122806546019,0.00200567150463125));
#4463=CARTESIAN_POINT('',(0.0299611439853528,-0.0133496578947368,0.00200567150463125));
#4464=CARTESIAN_POINT('',(0.029491189098963,-0.0109870351348717,0.00200567150463125));
#4465=CARTESIAN_POINT('',(0.0297287018373518,-0.0158106616520789,0.00199999999999993));
#4466=CARTESIAN_POINT('',(0.0302182259208549,-0.0133496578947368,0.00199999999999993));
#4467=CARTESIAN_POINT('',(0.0297287018373518,-0.0108886541373947,0.00199999999999993));
#4468=CARTESIAN_POINT('',(0.0283346551910088,-0.00880231589305332,0.00199999999999993));
#4469=CARTESIAN_POINT('',(0.0262483169466674,-0.00740826924671036,0.00199999999999993));
#4470=CARTESIAN_POINT('',(0.0237873131893253,-0.0069187451632072,0.00199999999999993));
#4471=CARTESIAN_POINT('',(0.0213263094319832,-0.00740826924671035,0.00199999999999993));
#4472=CARTESIAN_POINT('',(0.0192399711876418,-0.00880231589305332,0.00199999999999993));
#4473=CARTESIAN_POINT('',(0.0178459245412989,-0.0108886541373947,0.00199999999999993));
#4474=CARTESIAN_POINT('',(0.0173564004577957,-0.0133496578947368,0.00199999999999993));
#4475=CARTESIAN_POINT('',(0.0178459245412989,-0.0158106616520789,0.00199999999999993));
#4476=CARTESIAN_POINT('',(0.0192399711876418,-0.0178969998964203,0.00199999999999993));
#4477=CARTESIAN_POINT('',(0.0213263094319832,-0.0192910465427633,0.00199999999999993));
#4478=CARTESIAN_POINT('',(0.0237873131893253,-0.0197805706262664,0.00199999999999993));
#4479=CARTESIAN_POINT('',(0.0262483169466674,-0.0192910465427633,0.00199999999999993));
#4480=CARTESIAN_POINT('',(0.0283346551910088,-0.0178969998964203,0.00199999999999993));
#4481=CARTESIAN_POINT('',(0.0297287018373518,-0.0158106616520789,0.00199999999999993));
#4482=CARTESIAN_POINT('',(0.0302182259208549,-0.0133496578947368,0.00199999999999993));
#4483=CARTESIAN_POINT('',(0.0297287018373518,-0.0108886541373947,0.00199999999999993));
#4484=CARTESIAN_POINT('',(0.0202610897932526,-0.00982340558272632,0.00023223304703363));
#4485=CARTESIAN_POINT('',(0.0188004682612684,-0.0133496578947368,0.00023223304703363));
#4486=CARTESIAN_POINT('',(0.0202610897932526,-0.0168759102067473,0.00023223304703363));
#4487=CARTESIAN_POINT('',(0.0237873421052631,-0.0183365317387316,0.00023223304703363));
#4488=CARTESIAN_POINT('',(0.0273135944172737,-0.0168759102067473,0.00023223304703363));
#4489=CARTESIAN_POINT('',(0.0287742159492579,-0.0133496578947368,0.00023223304703363));
#4490=CARTESIAN_POINT('',(0.0273135944172737,-0.00982340558272632,0.00023223304703363));
#4491=CARTESIAN_POINT('',(0.0237873421052632,-0.00836278405074207,0.00023223304703363));
#4492=CARTESIAN_POINT('',(0.0202610897932526,-0.00982340558272632,0.00023223304703363));
#4493=CARTESIAN_POINT('',(0.0188004682612684,-0.0133496578947368,0.00023223304703363));
#4494=CARTESIAN_POINT('',(0.0202610897932526,-0.0168759102067473,0.00023223304703363));
#4495=CARTESIAN_POINT('',(0.0192873421052632,-0.0133496578947368,0.000232233047033631));
#4496=CARTESIAN_POINT('',(0.0178732403883887,-0.0158989812085261,0.002));
#4497=CARTESIAN_POINT('',(0.0173564132668715,-0.0134328947643416,0.002));
#4498=CARTESIAN_POINT('',(0.0178205277778254,-0.0109745838381379,0.002));
#4499=CARTESIAN_POINT('',(0.019147710656555,-0.00889683907852882,0.002));
#4500=CARTESIAN_POINT('',(0.0212027549860042,-0.00746097866490014,0.002));
#4501=CARTESIAN_POINT('',(0.0236528856514398,-0.00692007664093567,0.002));
#4502=CARTESIAN_POINT('',(0.0261236102283409,-0.007358056723509,0.002));
#4503=CARTESIAN_POINT('',(0.0282386587118292,-0.00870818718714082,0.002));
#4504=CARTESIAN_POINT('',(0.0296760363515517,-0.0107649442763217,0.002));
#4505=CARTESIAN_POINT('',(0.0302169132990967,-0.0132151992494826,0.002));
#4506=CARTESIAN_POINT('',(0.0297789463189863,-0.0156859250582571,0.002));
#4507=CARTESIAN_POINT('',(0.0284288122849081,-0.0178009738137933,0.002));
#4508=CARTESIAN_POINT('',(0.0263720549945979,-0.0192383555705972,0.002));
#4509=CARTESIAN_POINT('',(0.0239218042094618,-0.0197792160487134,0.002));
#4510=CARTESIAN_POINT('',(0.0214510618359004,-0.0193413108381777,0.002));
#4511=CARTESIAN_POINT('',(0.0193360751506692,-0.0179909461953776,0.002));
#4512=CARTESIAN_POINT('',(0.0178732403883887,-0.0158989812085261,0.002));
#4513=CARTESIAN_POINT('',(0.0173564132668715,-0.0134328947643416,0.002));
#4514=CARTESIAN_POINT('',(0.0178205277778254,-0.0109745838381379,0.002));
#4515=CARTESIAN_POINT('',(0.0175195751522968,-0.0133496578947368,0.002));
#4516=CARTESIAN_POINT('',(-0.0418489078947369,0.0170993421052632,-0.002));
#4517=CARTESIAN_POINT('',(-0.0797586578947368,0.0170993421052631,-0.002));
#4518=CARTESIAN_POINT('',(-0.0797586578947368,0.0170993421052631,-0.002));
#4519=CARTESIAN_POINT('',(-0.0797586578947368,0.0170993421052631,-0.0005));
#4520=CARTESIAN_POINT('',(-0.0797586578947369,0.0170993421052631,-0.0005));
#4521=CARTESIAN_POINT('',(-0.0543476578947369,0.0170993421052631,-0.0005));
#4522=CARTESIAN_POINT('',(-0.0289366578947368,0.0170993421052632,-0.0005));
#4523=CARTESIAN_POINT('',(-0.00352565789473685,0.0170993421052632,-0.0005));
#4524=CARTESIAN_POINT('',(-0.00352565789473686,0.0170993421052632,-0.0005));
#4525=CARTESIAN_POINT('',(0.650241342105263,0.0170993421052637,-0.0005));
#4526=CARTESIAN_POINT('',(0.455574675438597,0.0170993421052635,-0.0005));
#4527=CARTESIAN_POINT('',(0.26090800877193,0.0170993421052634,-0.0005));
#4528=CARTESIAN_POINT('',(0.0662413421052632,0.0170993421052632,-0.0005));
#4529=CARTESIAN_POINT('',(0.0175746754385965,0.0170993421052632,-0.0005));
#4530=CARTESIAN_POINT('',(-0.0310919912280702,0.0170993421052632,-0.0005));
#4531=CARTESIAN_POINT('',(-0.0797586578947369,0.0170993421052631,-0.0005));
#4532=CARTESIAN_POINT('',(-0.274425324561404,0.017099342105263,-0.0005));
#4533=CARTESIAN_POINT('',(-0.46909199122807,0.0170993421052629,-0.0005));
#4534=CARTESIAN_POINT('',(-0.663758657894737,0.0170993421052627,-0.0005));
#4535=CARTESIAN_POINT('',(-0.00314369188348676,0.0170993421052632,-0.0005));
#4536=CARTESIAN_POINT('',(-0.00202565789473686,0.0170993421052632,-0.0015));
#4537=CARTESIAN_POINT('',(-0.00352565789473686,0.0170993421052632,-0.0015));
#4538=CARTESIAN_POINT('',(-0.00352565789473686,0.0170993421052632,-0.002));
#4539=CARTESIAN_POINT('',(-0.00352565789473686,0.0170993421052632,-0.002));
#4540=CARTESIAN_POINT('',(-0.0418489078947369,0.0170993421052632,-0.002));
#4541=CARTESIAN_POINT('',(-0.0418489078947369,0.0170993421052632,-0.002));
#4542=CARTESIAN_POINT('',(0.000725342105263147,0.0170993421052632,-0.002));
#4543=CARTESIAN_POINT('',(0.000725342105263147,0.0170993421052632,-0.002));
#4544=CARTESIAN_POINT('',(0.000725342105263147,0.0170993421052632,-0.0015));
#4545=CARTESIAN_POINT('',(-0.000774657894736853,0.0170993421052632,-0.0015));
#4546=CARTESIAN_POINT('',(0.00034337609401304,0.0170993421052632,-0.0005));
#4547=CARTESIAN_POINT('',(-0.0418489078947369,0.0170993421052632,-0.0005));
#4548=CARTESIAN_POINT('',(0.000725342105263147,0.0170993421052632,-0.0005));
#4549=CARTESIAN_POINT('',(0.000725342105263149,0.0170993421052632,-0.0005));
#4550=CARTESIAN_POINT('',(0.00100100877192982,0.0170993421052632,-0.0005));
#4551=CARTESIAN_POINT('',(0.00127667543859648,0.0170993421052632,-0.0005));
#4552=CARTESIAN_POINT('',(0.00155234210526315,0.0170993421052632,-0.0005));
#4553=CARTESIAN_POINT('',(0.00155234210526314,0.0170993421052632,-0.0005));
#4554=CARTESIAN_POINT('',(0.650241342105263,0.0170993421052637,-0.0005));
#4555=CARTESIAN_POINT('',(0.455574675438597,0.0170993421052635,-0.0005));
#4556=CARTESIAN_POINT('',(0.26090800877193,0.0170993421052634,-0.0005));
#4557=CARTESIAN_POINT('',(0.0662413421052632,0.0170993421052632,-0.0005));
#4558=CARTESIAN_POINT('',(0.0175746754385965,0.0170993421052632,-0.0005));
#4559=CARTESIAN_POINT('',(-0.0310919912280702,0.0170993421052632,-0.0005));
#4560=CARTESIAN_POINT('',(-0.0797586578947369,0.0170993421052631,-0.0005));
#4561=CARTESIAN_POINT('',(-0.274425324561404,0.017099342105263,-0.0005));
#4562=CARTESIAN_POINT('',(-0.46909199122807,0.0170993421052629,-0.0005));
#4563=CARTESIAN_POINT('',(-0.663758657894737,0.0170993421052627,-0.0005));
#4564=CARTESIAN_POINT('',(0.00193430811651325,0.0170993421052632,-0.0005));
#4565=CARTESIAN_POINT('',(0.00305234210526314,0.0170993421052632,-0.0015));
#4566=CARTESIAN_POINT('',(0.00155234210526314,0.0170993421052632,-0.0015));
#4567=CARTESIAN_POINT('',(0.00155234210526314,0.0170993421052632,-0.002));
#4568=CARTESIAN_POINT('',(0.00155234210526314,0.0170993421052632,-0.002));
#4569=CARTESIAN_POINT('',(0.00113884210526315,0.0170993421052632,-0.002));
#4570=CARTESIAN_POINT('',(-0.0418489078947369,0.0170993421052632,-0.002));
#4571=CARTESIAN_POINT('',(0.00580534210526315,0.0170993421052632,-0.002));
#4572=CARTESIAN_POINT('',(0.00580534210526315,0.0170993421052632,-0.002));
#4573=CARTESIAN_POINT('',(0.00580534210526315,0.0170993421052632,-0.0015));
#4574=CARTESIAN_POINT('',(0.00430534210526315,0.0170993421052632,-0.0015));
#4575=CARTESIAN_POINT('',(0.00542337609401304,0.0170993421052632,-0.0005));
#4576=CARTESIAN_POINT('',(-0.0418489078947369,0.0170993421052632,-0.0005));
#4577=CARTESIAN_POINT('',(0.00580534210526315,0.0170993421052632,-0.0005));
#4578=CARTESIAN_POINT('',(0.00580534210526315,0.0170993421052632,-0.0005));
#4579=CARTESIAN_POINT('',(0.00644300877192982,0.0170993421052632,-0.0005));
#4580=CARTESIAN_POINT('',(0.00708067543859648,0.0170993421052632,-0.0005));
#4581=CARTESIAN_POINT('',(0.00771834210526315,0.0170993421052632,-0.0005));
#4582=CARTESIAN_POINT('',(0.00771834210526315,0.0170993421052632,-0.0005));
#4583=CARTESIAN_POINT('',(0.650241342105263,0.0170993421052637,-0.0005));
#4584=CARTESIAN_POINT('',(0.455574675438597,0.0170993421052635,-0.0005));
#4585=CARTESIAN_POINT('',(0.26090800877193,0.0170993421052634,-0.0005));
#4586=CARTESIAN_POINT('',(0.0662413421052632,0.0170993421052632,-0.0005));
#4587=CARTESIAN_POINT('',(0.0175746754385965,0.0170993421052632,-0.0005));
#4588=CARTESIAN_POINT('',(-0.0310919912280702,0.0170993421052632,-0.0005));
#4589=CARTESIAN_POINT('',(-0.0797586578947369,0.0170993421052631,-0.0005));
#4590=CARTESIAN_POINT('',(-0.274425324561404,0.017099342105263,-0.0005));
#4591=CARTESIAN_POINT('',(-0.46909199122807,0.0170993421052629,-0.0005));
#4592=CARTESIAN_POINT('',(-0.663758657894737,0.0170993421052627,-0.0005));
#4593=CARTESIAN_POINT('',(0.00810030811651326,0.0170993421052632,-0.0005));
#4594=CARTESIAN_POINT('',(0.00921834210526315,0.0170993421052632,-0.0015));
#4595=CARTESIAN_POINT('',(0.00771834210526315,0.0170993421052632,-0.0015));
#4596=CARTESIAN_POINT('',(0.00771834210526315,0.0170993421052632,-0.002));
#4597=CARTESIAN_POINT('',(0.00771834210526315,0.0170993421052632,-0.002));
#4598=CARTESIAN_POINT('',(0.00676184210526315,0.0170993421052632,-0.002));
#4599=CARTESIAN_POINT('',(-0.0418489078947369,0.0170993421052632,-0.002));
#4600=CARTESIAN_POINT('',(0.0119713421052631,0.0170993421052632,-0.002));
#4601=CARTESIAN_POINT('',(0.0119713421052631,0.0170993421052632,-0.002));
#4602=CARTESIAN_POINT('',(0.0119713421052631,0.0170993421052632,-0.0015));
#4603=CARTESIAN_POINT('',(0.0104713421052631,0.0170993421052632,-0.0015));
#4604=CARTESIAN_POINT('',(0.011589376094013,0.0170993421052632,-0.0005));
#4605=CARTESIAN_POINT('',(-0.0418489078947369,0.0170993421052632,-0.0005));
#4606=CARTESIAN_POINT('',(0.0119713421052631,0.0170993421052632,-0.0005));
#4607=CARTESIAN_POINT('',(0.0119713421052631,0.0170993421052632,-0.0005));
#4608=CARTESIAN_POINT('',(0.0122470087719298,0.0170993421052632,-0.0005));
#4609=CARTESIAN_POINT('',(0.0125226754385965,0.0170993421052632,-0.0005));
#4610=CARTESIAN_POINT('',(0.0127983421052631,0.0170993421052632,-0.0005));
#4611=CARTESIAN_POINT('',(0.0127983421052631,0.0170993421052632,-0.0005));
#4612=CARTESIAN_POINT('',(0.650241342105263,0.0170993421052637,-0.0005));
#4613=CARTESIAN_POINT('',(0.455574675438597,0.0170993421052635,-0.0005));
#4614=CARTESIAN_POINT('',(0.26090800877193,0.0170993421052634,-0.0005));
#4615=CARTESIAN_POINT('',(0.0662413421052632,0.0170993421052632,-0.0005));
#4616=CARTESIAN_POINT('',(0.0175746754385965,0.0170993421052632,-0.0005));
#4617=CARTESIAN_POINT('',(-0.0310919912280702,0.0170993421052632,-0.0005));
#4618=CARTESIAN_POINT('',(-0.0797586578947369,0.0170993421052631,-0.0005));
#4619=CARTESIAN_POINT('',(-0.274425324561404,0.017099342105263,-0.0005));
#4620=CARTESIAN_POINT('',(-0.46909199122807,0.0170993421052629,-0.0005));
#4621=CARTESIAN_POINT('',(-0.663758657894737,0.0170993421052627,-0.0005));
#4622=CARTESIAN_POINT('',(0.0131803081165133,0.0170993421052632,-0.0005));
#4623=CARTESIAN_POINT('',(0.0142983421052631,0.0170993421052632,-0.0015));
#4624=CARTESIAN_POINT('',(0.0127983421052631,0.0170993421052632,-0.0015));
#4625=CARTESIAN_POINT('',(0.0127983421052631,0.0170993421052632,-0.002));
#4626=CARTESIAN_POINT('',(0.0127983421052631,0.0170993421052632,-0.002));
#4627=CARTESIAN_POINT('',(0.0123848421052631,0.0170993421052632,-0.002));
#4628=CARTESIAN_POINT('',(-0.0418489078947369,0.0170993421052632,-0.002));
#4629=CARTESIAN_POINT('',(0.0170513421052631,0.0170993421052632,-0.002));
#4630=CARTESIAN_POINT('',(0.0170513421052631,0.0170993421052632,-0.002));
#4631=CARTESIAN_POINT('',(0.0170513421052631,0.0170993421052632,-0.0015));
#4632=CARTESIAN_POINT('',(0.0155513421052631,0.0170993421052632,-0.0015));
#4633=CARTESIAN_POINT('',(0.0166693760940131,0.0170993421052632,-0.0005));
#4634=CARTESIAN_POINT('',(-0.0418489078947369,0.0170993421052632,-0.0005));
#4635=CARTESIAN_POINT('',(0.0170513421052631,0.0170993421052632,-0.0005));
#4636=CARTESIAN_POINT('',(0.0170513421052631,0.0170993421052632,-0.0005));
#4637=CARTESIAN_POINT('',(0.0173270087719298,0.0170993421052632,-0.0005));
#4638=CARTESIAN_POINT('',(0.0176026754385965,0.0170993421052632,-0.0005));
#4639=CARTESIAN_POINT('',(0.0178783421052632,0.0170993421052632,-0.0005));
#4640=CARTESIAN_POINT('',(0.0178783421052632,0.0170993421052632,-0.0005));
#4641=CARTESIAN_POINT('',(0.650241342105263,0.0170993421052637,-0.0005));
#4642=CARTESIAN_POINT('',(0.455574675438597,0.0170993421052635,-0.0005));
#4643=CARTESIAN_POINT('',(0.26090800877193,0.0170993421052634,-0.0005));
#4644=CARTESIAN_POINT('',(0.0662413421052632,0.0170993421052632,-0.0005));
#4645=CARTESIAN_POINT('',(0.0175746754385965,0.0170993421052632,-0.0005));
#4646=CARTESIAN_POINT('',(-0.0310919912280702,0.0170993421052632,-0.0005));
#4647=CARTESIAN_POINT('',(-0.0797586578947369,0.0170993421052631,-0.0005));
#4648=CARTESIAN_POINT('',(-0.274425324561404,0.017099342105263,-0.0005));
#4649=CARTESIAN_POINT('',(-0.46909199122807,0.0170993421052629,-0.0005));
#4650=CARTESIAN_POINT('',(-0.663758657894737,0.0170993421052627,-0.0005));
#4651=CARTESIAN_POINT('',(0.0182603081165132,0.0170993421052632,-0.0005));
#4652=CARTESIAN_POINT('',(0.0193783421052632,0.0170993421052632,-0.0015));
#4653=CARTESIAN_POINT('',(0.0178783421052632,0.0170993421052632,-0.0015));
#4654=CARTESIAN_POINT('',(0.0178783421052632,0.0170993421052632,-0.002));
#4655=CARTESIAN_POINT('',(0.0178783421052632,0.0170993421052632,-0.002));
#4656=CARTESIAN_POINT('',(0.0174648421052632,0.0170993421052632,-0.002));
#4657=CARTESIAN_POINT('',(-0.0418489078947369,0.0170993421052632,-0.002));
#4658=CARTESIAN_POINT('',(0.0221313421052632,0.0170993421052632,-0.002));
#4659=CARTESIAN_POINT('',(0.0221313421052632,0.0170993421052632,-0.002));
#4660=CARTESIAN_POINT('',(0.0221313421052632,0.0170993421052632,-0.0015));
#4661=CARTESIAN_POINT('',(0.0206313421052631,0.0170993421052632,-0.0015));
#4662=CARTESIAN_POINT('',(0.0217493760940131,0.0170993421052632,-0.0005));
#4663=CARTESIAN_POINT('',(-0.0418489078947369,0.0170993421052632,-0.0005));
#4664=CARTESIAN_POINT('',(0.0221313421052632,0.0170993421052632,-0.0005));
#4665=CARTESIAN_POINT('',(0.0221313421052632,0.0170993421052632,-0.0005));
#4666=CARTESIAN_POINT('',(0.0227506754385965,0.0170993421052632,-0.0005));
#4667=CARTESIAN_POINT('',(0.0233700087719298,0.0170993421052632,-0.0005));
#4668=CARTESIAN_POINT('',(0.0239893421052631,0.0170993421052632,-0.0005));
#4669=CARTESIAN_POINT('',(0.0239893421052632,0.0170993421052632,-0.0005));
#4670=CARTESIAN_POINT('',(0.650241342105263,0.0170993421052637,-0.0005));
#4671=CARTESIAN_POINT('',(0.455574675438597,0.0170993421052635,-0.0005));
#4672=CARTESIAN_POINT('',(0.26090800877193,0.0170993421052634,-0.0005));
#4673=CARTESIAN_POINT('',(0.0662413421052632,0.0170993421052632,-0.0005));
#4674=CARTESIAN_POINT('',(0.0175746754385965,0.0170993421052632,-0.0005));
#4675=CARTESIAN_POINT('',(-0.0310919912280702,0.0170993421052632,-0.0005));
#4676=CARTESIAN_POINT('',(-0.0797586578947369,0.0170993421052631,-0.0005));
#4677=CARTESIAN_POINT('',(-0.274425324561404,0.017099342105263,-0.0005));
#4678=CARTESIAN_POINT('',(-0.46909199122807,0.0170993421052629,-0.0005));
#4679=CARTESIAN_POINT('',(-0.663758657894737,0.0170993421052627,-0.0005));
#4680=CARTESIAN_POINT('',(0.0243713081165132,0.0170993421052632,-0.0005));
#4681=CARTESIAN_POINT('',(0.0254893421052632,0.0170993421052632,-0.0015));
#4682=CARTESIAN_POINT('',(0.0239893421052632,0.0170993421052632,-0.0015));
#4683=CARTESIAN_POINT('',(0.0239893421052632,0.0170993421052632,-0.002));
#4684=CARTESIAN_POINT('',(0.0239893421052632,0.0170993421052632,-0.002));
#4685=CARTESIAN_POINT('',(0.0230603421052631,0.0170993421052632,-0.002));
#4686=CARTESIAN_POINT('',(-0.0418489078947369,0.0170993421052632,-0.002));
#4687=CARTESIAN_POINT('',(0.0282423421052632,0.0170993421052632,-0.002));
#4688=CARTESIAN_POINT('',(0.0282423421052632,0.0170993421052632,-0.002));
#4689=CARTESIAN_POINT('',(0.0282423421052632,0.0170993421052632,-0.0015));
#4690=CARTESIAN_POINT('',(0.0267423421052632,0.0170993421052632,-0.0015));
#4691=CARTESIAN_POINT('',(0.0278603760940131,0.0170993421052632,-0.0005));
#4692=CARTESIAN_POINT('',(-0.0418489078947369,0.0170993421052632,-0.0005));
#4693=CARTESIAN_POINT('',(0.0282423421052632,0.0170993421052632,-0.0005));
#4694=CARTESIAN_POINT('',(0.0282423421052631,0.0170993421052632,-0.0005));
#4695=CARTESIAN_POINT('',(0.0285180087719298,0.0170993421052632,-0.0005));
#4696=CARTESIAN_POINT('',(0.0287936754385965,0.0170993421052632,-0.0005));
#4697=CARTESIAN_POINT('',(0.0290693421052632,0.0170993421052632,-0.0005));
#4698=CARTESIAN_POINT('',(0.0290693421052632,0.0170993421052632,-0.0005));
#4699=CARTESIAN_POINT('',(0.650241342105263,0.0170993421052637,-0.0005));
#4700=CARTESIAN_POINT('',(0.455574675438597,0.0170993421052635,-0.0005));
#4701=CARTESIAN_POINT('',(0.26090800877193,0.0170993421052634,-0.0005));
#4702=CARTESIAN_POINT('',(0.0662413421052632,0.0170993421052632,-0.0005));
#4703=CARTESIAN_POINT('',(0.0175746754385965,0.0170993421052632,-0.0005));
#4704=CARTESIAN_POINT('',(-0.0310919912280702,0.0170993421052632,-0.0005));
#4705=CARTESIAN_POINT('',(-0.0797586578947369,0.0170993421052631,-0.0005));
#4706=CARTESIAN_POINT('',(-0.274425324561404,0.017099342105263,-0.0005));
#4707=CARTESIAN_POINT('',(-0.46909199122807,0.0170993421052629,-0.0005));
#4708=CARTESIAN_POINT('',(-0.663758657894737,0.0170993421052627,-0.0005));
#4709=CARTESIAN_POINT('',(0.0294513081165132,0.0170993421052632,-0.0005));
#4710=CARTESIAN_POINT('',(0.0305693421052632,0.0170993421052632,-0.0015));
#4711=CARTESIAN_POINT('',(0.0290693421052632,0.0170993421052632,-0.0015));
#4712=CARTESIAN_POINT('',(0.0290693421052632,0.0170993421052632,-0.002));
#4713=CARTESIAN_POINT('',(0.0290693421052632,0.0170993421052632,-0.002));
#4714=CARTESIAN_POINT('',(0.0286558421052631,0.0170993421052632,-0.002));
#4715=CARTESIAN_POINT('',(-0.0192586578947368,-0.0409006578947368,-0.002));
#4716=CARTESIAN_POINT('',(0.0662413421052632,-0.0409006578947368,-0.002));
#4717=CARTESIAN_POINT('',(0.0662413421052632,-0.0409006578947368,-0.002));
#4718=CARTESIAN_POINT('',(0.0662413421052632,-0.0409006578947368,-0.0005));
#4719=CARTESIAN_POINT('',(0.0662413421052632,-0.0409006578947368,-0.0005));
#4720=CARTESIAN_POINT('',(0.0175746754385965,-0.0409006578947368,-0.0005));
#4721=CARTESIAN_POINT('',(-0.0310919912280701,-0.0409006578947369,-0.0005));
#4722=CARTESIAN_POINT('',(-0.0797586578947368,-0.0409006578947369,-0.0005));
#4723=CARTESIAN_POINT('',(-0.0797586578947368,-0.0409006578947369,-0.0005));
#4724=CARTESIAN_POINT('',(-0.0797586578947368,-0.0409006578947369,-0.002));
#4725=CARTESIAN_POINT('',(-0.0797586578947368,-0.0409006578947369,-0.002));
#4726=CARTESIAN_POINT('',(-0.0192586578947368,-0.0409006578947368,-0.002));
#4727=CARTESIAN_POINT('',(0.0662413421052632,-0.0359006578947368,-0.002));
#4728=CARTESIAN_POINT('',(0.0712413421052632,-0.0359006578947368,-0.002));
#4729=CARTESIAN_POINT('',(0.0712413421052632,-0.0359006578947368,-0.002));
#4730=CARTESIAN_POINT('',(0.0712413421052632,-0.0359006578947368,-0.0005));
#4731=CARTESIAN_POINT('',(0.0712413421052632,-0.0359006578947368,-0.0005));
#4732=CARTESIAN_POINT('',(0.0712413421052632,-0.0372096548337325,-0.0005));
#4733=CARTESIAN_POINT('',(0.0701579114476308,-0.0398172272371044,-0.0005));
#4734=CARTESIAN_POINT('',(0.067550339044259,-0.0409006578947368,-0.0005));
#4735=CARTESIAN_POINT('',(0.0662413421052633,-0.0409006578947368,-0.0005));
#4736=CARTESIAN_POINT('',(0.0662413421052632,-0.0359006578947368,-0.002));
#4737=CARTESIAN_POINT('',(0.0712413421052632,-0.0119006578947368,-0.002));
#4738=CARTESIAN_POINT('',(0.0712413421052632,0.0120993421052632,-0.002));
#4739=CARTESIAN_POINT('',(0.0712413421052632,0.0120993421052632,-0.002));
#4740=CARTESIAN_POINT('',(0.0712413421052632,0.0120993421052632,-0.0005));
#4741=CARTESIAN_POINT('',(0.0712413421052632,0.0120993421052632,-0.0005));
#4742=CARTESIAN_POINT('',(0.0712413421052632,-0.0039006578947368,-0.0005));
#4743=CARTESIAN_POINT('',(0.0712413421052632,-0.0199006578947368,-0.0005));
#4744=CARTESIAN_POINT('',(0.0712413421052632,-0.0359006578947368,-0.0005));
#4745=CARTESIAN_POINT('',(0.0712413421052632,-0.0119006578947368,-0.002));
#4746=CARTESIAN_POINT('',(0.0662413421052632,0.0120993421052632,-0.002));
#4747=CARTESIAN_POINT('',(0.0662413421052632,0.0170993421052632,-0.002));
#4748=CARTESIAN_POINT('',(0.0662413421052632,0.0170993421052632,-0.002));
#4749=CARTESIAN_POINT('',(0.0662413421052632,0.0170993421052632,-0.0005));
#4750=CARTESIAN_POINT('',(0.0662413421052632,0.0170993421052632,-0.0005));
#4751=CARTESIAN_POINT('',(0.067550339044259,0.0170993421052632,-0.0005));
#4752=CARTESIAN_POINT('',(0.0701579114476308,0.0160159114476308,-0.0005));
#4753=CARTESIAN_POINT('',(0.0712413421052632,0.013408339044259,-0.0005));
#4754=CARTESIAN_POINT('',(0.0712413421052632,0.0120993421052632,-0.0005));
#4755=CARTESIAN_POINT('',(0.0662413421052632,0.0120993421052632,-0.002));
#4756=CARTESIAN_POINT('',(0.0333223421052632,0.0160493421052632,-0.002));
#4757=CARTESIAN_POINT('',(0.0333223421052632,0.0136993421052632,-0.004));
#4758=CARTESIAN_POINT('',(0.0333223421052632,0.0136993421052632,-0.004));
#4759=CARTESIAN_POINT('',(0.0333223421052632,0.0136993421052632,-0.0015));
#4760=CARTESIAN_POINT('',(0.0333223421052632,0.0170806192135151,-0.0015));
#4761=CARTESIAN_POINT('',(0.0333223421052632,0.0170993421052632,-0.0015));
#4762=CARTESIAN_POINT('',(0.0333223421052632,0.0170993421052632,-0.002));
#4763=CARTESIAN_POINT('',(0.0333223421052632,0.0170993421052632,-0.002));
#4764=CARTESIAN_POINT('',(0.0333223421052632,0.0160493421052632,-0.002));
#4765=CARTESIAN_POINT('',(0.0333223421052632,0.0149993421052632,-0.002));
#4766=CARTESIAN_POINT('',(0.0333223421052632,0.0149993421052632,-0.004));
#4767=CARTESIAN_POINT('',(0.0333223421052632,0.0149993421052632,-0.004));
#4768=CARTESIAN_POINT('',(0.0333223421052632,0.0143493421052632,-0.004));
#4769=CARTESIAN_POINT('',(-0.00352565789473686,0.0160493421052632,-0.002));
#4770=CARTESIAN_POINT('',(-0.00352565789473686,0.0160493421052632,-0.0015));
#4771=CARTESIAN_POINT('',(-0.00352565789473686,0.0136993421052632,-0.0015));
#4772=CARTESIAN_POINT('',(-0.00352565789473686,0.0136993421052632,-0.004));
#4773=CARTESIAN_POINT('',(-0.00352565789473686,0.0136993421052632,-0.004));
#4774=CARTESIAN_POINT('',(-0.00352565789473686,0.0143493421052632,-0.004));
#4775=CARTESIAN_POINT('',(-0.00352565789473686,0.0149993421052632,-0.004));
#4776=CARTESIAN_POINT('',(-0.00352565789473686,0.0149993421052632,-0.004));
#4777=CARTESIAN_POINT('',(-0.00352565789473686,0.0149993421052632,-0.002));
#4778=CARTESIAN_POINT('',(-0.00352565789473686,0.0160493421052632,-0.002));
#4779=CARTESIAN_POINT('',(-0.0418489078947369,0.0170993421052632,-0.002));
#4780=CARTESIAN_POINT('',(0.0318223421052631,0.0170993421052632,-0.0015));
#4781=CARTESIAN_POINT('',(0.032940376094013,0.0170993421052632,-0.0005));
#4782=CARTESIAN_POINT('',(-0.0418489078947369,0.0170993421052632,-0.0005));
#4783=CARTESIAN_POINT('',(0.0333223421052632,0.0170993421052632,-0.0005));
#4784=CARTESIAN_POINT('',(0.0333223421052631,0.0170993421052632,-0.0005));
#4785=CARTESIAN_POINT('',(0.0442953421052631,0.0170993421052632,-0.0005));
#4786=CARTESIAN_POINT('',(0.0552683421052631,0.0170993421052632,-0.0005));
#4787=CARTESIAN_POINT('',(0.0662413421052631,0.0170993421052632,-0.0005));
#4788=CARTESIAN_POINT('',(0.0374885921052632,0.0170993421052632,-0.002));
#4789=CARTESIAN_POINT('',(-0.0797586578947368,0.0120993421052631,-0.002));
#4790=CARTESIAN_POINT('',(-0.0847586578947368,0.0120993421052631,-0.002));
#4791=CARTESIAN_POINT('',(-0.0847586578947368,0.0120993421052631,-0.002));
#4792=CARTESIAN_POINT('',(-0.0847586578947368,0.0120993421052631,-0.0005));
#4793=CARTESIAN_POINT('',(-0.0847586578947368,0.0120993421052631,-0.0005));
#4794=CARTESIAN_POINT('',(-0.0847586578947368,0.0134083390442588,-0.0005));
#4795=CARTESIAN_POINT('',(-0.0836752272371044,0.0160159114476307,-0.0005));
#4796=CARTESIAN_POINT('',(-0.0810676548337326,0.0170993421052631,-0.0005));
#4797=CARTESIAN_POINT('',(-0.0797586578947368,0.0170993421052631,-0.0005));
#4798=CARTESIAN_POINT('',(-0.0797586578947368,0.0120993421052631,-0.002));
#4799=CARTESIAN_POINT('',(-0.0847586578947368,0.00209934210526311,-0.002));
#4800=CARTESIAN_POINT('',(-0.0847586578947368,-0.0359006578947369,-0.002));
#4801=CARTESIAN_POINT('',(-0.0847586578947368,-0.0359006578947369,-0.002));
#4802=CARTESIAN_POINT('',(-0.0847586578947368,-0.0359006578947369,-0.0005));
#4803=CARTESIAN_POINT('',(-0.0847586578947368,-0.0359006578947369,-0.0005));
#4804=CARTESIAN_POINT('',(-0.0847586578947368,-0.0199006578947369,-0.0005));
#4805=CARTESIAN_POINT('',(-0.0847586578947368,-0.00390065789473689,-0.0005));
#4806=CARTESIAN_POINT('',(-0.0847586578947368,0.0120993421052631,-0.0005));
#4807=CARTESIAN_POINT('',(-0.0847586578947368,0.00209934210526311,-0.002));
#4808=CARTESIAN_POINT('',(-0.0797586578947368,-0.0359006578947368,-0.002));
#4809=CARTESIAN_POINT('',(-0.0797586578947368,-0.0409006578947368,-0.0005));
#4810=CARTESIAN_POINT('',(-0.0810676548337325,-0.0409006578947368,-0.0005));
#4811=CARTESIAN_POINT('',(-0.0836752272371044,-0.0398172272371045,-0.0005));
#4812=CARTESIAN_POINT('',(-0.0847586578947368,-0.0372096548337326,-0.0005));
#4813=CARTESIAN_POINT('',(-0.0847586578947368,-0.0359006578947369,-0.0005));
#4814=CARTESIAN_POINT('',(-0.0797586578947368,-0.0359006578947368,-0.002));
#4815=CARTESIAN_POINT('',(-0.00675865789473683,-0.0119006578947368,-0.002));
#4816=CARTESIAN_POINT('',(-0.0412989078947368,0.0149993421052631,-0.002));
#4817=CARTESIAN_POINT('',(-0.0786586578947369,0.0149993421052631,-0.002));
#4818=CARTESIAN_POINT('',(-0.0786586578947369,0.0109993421052631,-0.002));
#4819=CARTESIAN_POINT('',(-0.0826586578947369,0.0109993421052631,-0.002));
#4820=CARTESIAN_POINT('',(-0.0826586578947368,-0.0263506578947369,-0.002));
#4821=CARTESIAN_POINT('',(-0.0826586578947368,-0.0348006578947369,-0.002));
#4822=CARTESIAN_POINT('',(-0.0786586578947368,-0.0348006578947369,-0.002));
#4823=CARTESIAN_POINT('',(-0.0786586578947368,-0.0388006578947369,-0.002));
#4824=CARTESIAN_POINT('',(-0.0187086578947368,-0.0388006578947368,-0.002));
#4825=CARTESIAN_POINT('',(0.0651413421052632,-0.0388006578947368,-0.002));
#4826=CARTESIAN_POINT('',(0.0651413421052632,-0.0348006578947368,-0.002));
#4827=CARTESIAN_POINT('',(0.0691413421052632,-0.0348006578947368,-0.002));
#4828=CARTESIAN_POINT('',(0.0691413421052632,-0.0119006578947368,-0.002));
#4829=CARTESIAN_POINT('',(0.0691413421052631,0.0109993421052632,-0.002));
#4830=CARTESIAN_POINT('',(0.0651413421052631,0.0109993421052632,-0.002));
#4831=CARTESIAN_POINT('',(0.0651413421052631,0.0149993421052632,-0.002));
#4832=CARTESIAN_POINT('',(0.0374885921052632,0.0149993421052632,-0.002));
#4833=CARTESIAN_POINT('',(-0.00373240789473686,0.0149993421052632,-0.004));
#4834=CARTESIAN_POINT('',(-0.0786586578947369,0.0149993421052631,-0.004));
#4835=CARTESIAN_POINT('',(-0.0786586578947369,0.0149993421052631,-0.004));
#4836=CARTESIAN_POINT('',(-0.00373240789473686,0.0149993421052632,-0.004));
#4837=CARTESIAN_POINT('',(-0.0826586578947368,0.00154934210526311,-0.004));
#4838=CARTESIAN_POINT('',(-0.0826586578947369,0.0109993421052631,-0.004));
#4839=CARTESIAN_POINT('',(-0.0826586578947369,0.0109993421052631,-0.004));
#4840=CARTESIAN_POINT('',(-0.0826586578947368,0.00154934210526311,-0.004));
#4841=CARTESIAN_POINT('',(-0.0826586578947368,-0.0348006578947369,-0.004));
#4842=CARTESIAN_POINT('',(-0.0826586578947368,-0.0348006578947369,-0.004));
#4843=CARTESIAN_POINT('',(-0.0187086578947368,-0.0388006578947368,-0.004));
#4844=CARTESIAN_POINT('',(-0.0786586578947368,-0.0388006578947369,-0.004));
#4845=CARTESIAN_POINT('',(-0.0786586578947368,-0.0388006578947369,-0.004));
#4846=CARTESIAN_POINT('',(-0.0187086578947368,-0.0388006578947368,-0.004));
#4847=CARTESIAN_POINT('',(0.0651413421052632,-0.0388006578947368,-0.004));
#4848=CARTESIAN_POINT('',(0.0651413421052632,-0.0388006578947368,-0.004));
#4849=CARTESIAN_POINT('',(0.0691413421052632,-0.0119006578947368,-0.004));
#4850=CARTESIAN_POINT('',(0.0691413421052631,0.0109993421052632,-0.004));
#4851=CARTESIAN_POINT('',(0.0691413421052631,0.0109993421052632,-0.004));
#4852=CARTESIAN_POINT('',(0.0691413421052632,-0.0348006578947368,-0.004));
#4853=CARTESIAN_POINT('',(0.0691413421052632,-0.0348006578947368,-0.004));
#4854=CARTESIAN_POINT('',(0.0691413421052632,-0.0119006578947368,-0.004));
#4855=CARTESIAN_POINT('',(0.0531913421052631,0.0149993421052632,-0.004));
#4856=CARTESIAN_POINT('',(0.0651413421052631,0.0149993421052632,-0.004));
#4857=CARTESIAN_POINT('',(0.0651413421052631,0.0149993421052632,-0.004));
#4858=CARTESIAN_POINT('',(0.0531913421052631,0.0149993421052632,-0.004));
#4859=CARTESIAN_POINT('',(-0.0786586578947369,0.0109993421052631,-0.004));
#4860=CARTESIAN_POINT('',(-0.0786586578947369,0.0109993421052631,-0.004));
#4861=CARTESIAN_POINT('',(-0.0786586578947368,-0.0348006578947369,-0.004));
#4862=CARTESIAN_POINT('',(-0.0786586578947368,-0.0348006578947369,-0.004));
#4863=CARTESIAN_POINT('',(0.0651413421052632,-0.0348006578947368,-0.004));
#4864=CARTESIAN_POINT('',(0.0651413421052632,-0.0348006578947368,-0.004));
#4865=CARTESIAN_POINT('',(0.0651413421052631,0.0109993421052632,-0.004));
#4866=CARTESIAN_POINT('',(0.0651413421052631,0.0109993421052632,-0.004));
#4867=CARTESIAN_POINT('',(-0.0773586578947369,0.00969934210526311,-0.004));
#4868=CARTESIAN_POINT('',(-0.0773586578947369,0.00969934210526311,0.));
#4869=CARTESIAN_POINT('',(-0.0773586578947369,0.0136993421052631,0.));
#4870=CARTESIAN_POINT('',(-0.0813586578947369,0.0096993421052631,0.));
#4871=CARTESIAN_POINT('',(-0.0813586578947369,0.0096993421052631,-0.004));
#4872=CARTESIAN_POINT('',(-0.0813586578947369,0.0096993421052631,-0.004));
#4873=CARTESIAN_POINT('',(-0.0773586578947369,0.00969934210526311,-0.004));
#4874=CARTESIAN_POINT('',(-0.0773586578947369,0.0136993421052631,-0.004));
#4875=CARTESIAN_POINT('',(-0.0773586578947369,0.0136993421052631,-0.004));
#4876=CARTESIAN_POINT('',(-0.0404421578947369,0.0136993421052631,-0.004));
#4877=CARTESIAN_POINT('',(-0.0404421578947369,0.0136993421052631,0.));
#4878=CARTESIAN_POINT('',(-0.00202565789473686,0.0136993421052632,0.));
#4879=CARTESIAN_POINT('',(-0.0404421578947369,0.0136993421052631,-0.004));
#4880=CARTESIAN_POINT('',(-0.00202565789473686,0.0136993421052632,-0.0015));
#4881=CARTESIAN_POINT('',(0.0524413421052631,0.0136993421052632,-0.004));
#4882=CARTESIAN_POINT('',(0.0524413421052631,0.0136993421052632,0.));
#4883=CARTESIAN_POINT('',(0.0318223421052631,0.0136993421052632,0.));
#4884=CARTESIAN_POINT('',(0.0636413421052631,0.0136993421052632,0.));
#4885=CARTESIAN_POINT('',(0.0318223421052631,0.0136993421052632,-0.0015));
#4886=CARTESIAN_POINT('',(0.0524413421052631,0.0136993421052632,-0.004));
#4887=CARTESIAN_POINT('',(0.0636413421052631,0.0136993421052632,-0.004));
#4888=CARTESIAN_POINT('',(0.0636413421052631,0.0136993421052632,-0.004));
#4889=CARTESIAN_POINT('',(0.0636413421052631,0.00969934210526321,-0.004));
#4890=CARTESIAN_POINT('',(0.0636413421052631,0.00969934210526321,0.));
#4891=CARTESIAN_POINT('',(0.0676413421052631,0.00969934210526321,0.));
#4892=CARTESIAN_POINT('',(0.0636413421052631,0.00969934210526321,-0.004));
#4893=CARTESIAN_POINT('',(0.0676413421052631,0.00969934210526321,-0.004));
#4894=CARTESIAN_POINT('',(0.0676413421052631,0.00969934210526321,-0.004));
#4895=CARTESIAN_POINT('',(0.0676413421052632,-0.0118006578947368,-0.004));
#4896=CARTESIAN_POINT('',(0.0676413421052632,-0.0118006578947368,0.));
#4897=CARTESIAN_POINT('',(0.0676413421052632,-0.0333006578947368,0.));
#4898=CARTESIAN_POINT('',(0.0676413421052632,-0.0118006578947368,-0.004));
#4899=CARTESIAN_POINT('',(0.0676413421052632,-0.0333006578947368,-0.004));
#4900=CARTESIAN_POINT('',(0.0676413421052632,-0.0333006578947368,-0.004));
#4901=CARTESIAN_POINT('',(0.0636413421052632,-0.0333006578947368,-0.004));
#4902=CARTESIAN_POINT('',(0.0636413421052632,-0.0333006578947368,0.));
#4903=CARTESIAN_POINT('',(0.0636413421052632,-0.0373006578947368,0.));
#4904=CARTESIAN_POINT('',(0.0636413421052632,-0.0333006578947368,-0.004));
#4905=CARTESIAN_POINT('',(0.0636413421052632,-0.0373006578947368,-0.004));
#4906=CARTESIAN_POINT('',(0.0636413421052632,-0.0373006578947368,-0.004));
#4907=CARTESIAN_POINT('',(-0.0180586578947368,-0.0373006578947368,-0.004));
#4908=CARTESIAN_POINT('',(-0.0180586578947368,-0.0373006578947368,0.));
#4909=CARTESIAN_POINT('',(-0.0773586578947368,-0.0373006578947369,0.));
#4910=CARTESIAN_POINT('',(-0.0180586578947368,-0.0373006578947368,-0.004));
#4911=CARTESIAN_POINT('',(-0.0773586578947368,-0.0373006578947369,-0.004));
#4912=CARTESIAN_POINT('',(-0.0773586578947368,-0.0373006578947369,-0.004));
#4913=CARTESIAN_POINT('',(-0.0773586578947368,-0.0333006578947369,-0.004));
#4914=CARTESIAN_POINT('',(-0.0773586578947368,-0.0333006578947369,0.));
#4915=CARTESIAN_POINT('',(-0.0813586578947368,-0.0333006578947369,0.));
#4916=CARTESIAN_POINT('',(-0.0773586578947368,-0.0333006578947369,-0.004));
#4917=CARTESIAN_POINT('',(-0.0813586578947368,-0.0333006578947369,-0.004));
#4918=CARTESIAN_POINT('',(-0.0813586578947368,-0.0333006578947369,-0.004));
#4919=CARTESIAN_POINT('',(-0.0813586578947368,-0.0118006578947369,-0.004));
#4920=CARTESIAN_POINT('',(-0.0813586578947368,-0.0118006578947369,0.));
#4921=CARTESIAN_POINT('',(-0.0813586578947368,-0.0118006578947369,-0.004));
#4922=CARTESIAN_POINT('',(-0.00675865789473683,-0.0119006578947368,-0.004));
#4923=CARTESIAN_POINT('',(0.000725342105263147,0.0160493421052632,-0.002));
#4924=CARTESIAN_POINT('',(0.000725342105263149,0.0136993421052632,-0.004));
#4925=CARTESIAN_POINT('',(0.000725342105263149,0.0136993421052632,-0.004));
#4926=CARTESIAN_POINT('',(0.000725342105263149,0.0136993421052632,-0.0015));
#4927=CARTESIAN_POINT('',(0.000725342105263147,0.0160493421052632,-0.0015));
#4928=CARTESIAN_POINT('',(0.000725342105263147,0.0160493421052632,-0.002));
#4929=CARTESIAN_POINT('',(0.000725342105263149,0.0149993421052632,-0.002));
#4930=CARTESIAN_POINT('',(0.000725342105263149,0.0149993421052632,-0.004));
#4931=CARTESIAN_POINT('',(0.000725342105263149,0.0149993421052632,-0.004));
#4932=CARTESIAN_POINT('',(0.000725342105263148,0.0143493421052632,-0.004));
#4933=CARTESIAN_POINT('',(0.00155234210526314,0.0160493421052632,-0.002));
#4934=CARTESIAN_POINT('',(0.00155234210526314,0.0136993421052632,-0.0015));
#4935=CARTESIAN_POINT('',(0.00155234210526314,0.0136993421052632,-0.0015));
#4936=CARTESIAN_POINT('',(0.00155234210526314,0.0136993421052632,-0.004));
#4937=CARTESIAN_POINT('',(0.00155234210526314,0.0136993421052632,-0.004));
#4938=CARTESIAN_POINT('',(0.00155234210526314,0.0143493421052632,-0.004));
#4939=CARTESIAN_POINT('',(0.00155234210526314,0.0149993421052632,-0.004));
#4940=CARTESIAN_POINT('',(0.00155234210526314,0.0149993421052632,-0.004));
#4941=CARTESIAN_POINT('',(0.00155234210526314,0.0149993421052632,-0.002));
#4942=CARTESIAN_POINT('',(0.00155234210526314,0.0160493421052632,-0.002));
#4943=CARTESIAN_POINT('',(-0.00675865789473683,-0.0119006578947368,-0.002));
#4944=CARTESIAN_POINT('',(0.00113884210526315,0.0149993421052632,-0.002));
#4945=CARTESIAN_POINT('',(0.00113884210526315,0.0149993421052632,-0.004));
#4946=CARTESIAN_POINT('',(0.00113884210526315,0.0149993421052632,-0.004));
#4947=CARTESIAN_POINT('',(0.00113884210526315,0.0136993421052632,-0.004));
#4948=CARTESIAN_POINT('',(0.00113884210526315,0.0136993421052632,0.));
#4949=CARTESIAN_POINT('',(-0.000774657894736852,0.0136993421052632,0.));
#4950=CARTESIAN_POINT('',(0.00305234210526314,0.0136993421052632,0.));
#4951=CARTESIAN_POINT('',(-0.000774657894736852,0.0136993421052632,-0.0015));
#4952=CARTESIAN_POINT('',(0.00113884210526315,0.0136993421052632,-0.004));
#4953=CARTESIAN_POINT('',(0.00305234210526315,0.0136993421052632,-0.0015));
#4954=CARTESIAN_POINT('',(-0.00675865789473683,-0.0119006578947368,-0.004));
#4955=CARTESIAN_POINT('',(-0.00675865789473683,-0.0119006578947368,0.));
#4956=CARTESIAN_POINT('',(-0.00493915789473685,0.00774934210526316,0.));
#4957=CARTESIAN_POINT('',(0.0146483421052632,0.00199934210526318,0.));
#4958=CARTESIAN_POINT('',(0.0342358421052631,0.0077493421052632,0.));
#4959=CARTESIAN_POINT('',(0.0342358421052631,0.0134993421052632,0.));
#4960=CARTESIAN_POINT('',(0.0146483421052631,0.0134993421052632,0.));
#4961=CARTESIAN_POINT('',(0.0254893421052632,0.0170806192135152,0.));
#4962=CARTESIAN_POINT('',(0.0259070087719298,0.0170806192135152,0.));
#4963=CARTESIAN_POINT('',(0.0263246754385965,0.0170806192135152,0.));
#4964=CARTESIAN_POINT('',(0.0267423421052632,0.0170806192135152,0.));
#4965=CARTESIAN_POINT('',(0.0254893421052632,0.0170806192135152,3.57176853198193E-17));
#4966=CARTESIAN_POINT('',(0.0267423421052632,0.0170806192135152,-1.55040910665427E-17));
#4967=CARTESIAN_POINT('',(0.0267423421052632,-0.0119006578947368,0.));
#4968=CARTESIAN_POINT('',(0.0267423421052632,0.0136993421052632,0.));
#4969=CARTESIAN_POINT('',(0.0286558421052631,0.0136993421052632,0.));
#4970=CARTESIAN_POINT('',(0.0305693421052632,0.0136993421052632,0.));
#4971=CARTESIAN_POINT('',(0.0305693421052632,0.0170806192135151,0.));
#4972=CARTESIAN_POINT('',(0.0305693421052632,0.0170806192135151,5.29158422808707E-17));
#4973=CARTESIAN_POINT('',(0.0305693421052632,0.0170806192135152,0.));
#4974=CARTESIAN_POINT('',(0.0309870087719298,0.0170806192135152,0.));
#4975=CARTESIAN_POINT('',(0.0314046754385965,0.0170806192135152,0.));
#4976=CARTESIAN_POINT('',(0.0318223421052631,0.0170806192135152,0.));
#4977=CARTESIAN_POINT('',(0.0318223421052631,0.0170806192135151,-3.30342849429177E-17));
#4978=CARTESIAN_POINT('',(0.0318223421052631,0.0136993421052632,0.));
#4979=CARTESIAN_POINT('',(-0.00202565789473685,-0.0119006578947368,0.));
#4980=CARTESIAN_POINT('',(-0.00202565789473686,0.017080619213515,-3.53856484044956E-17));
#4981=CARTESIAN_POINT('',(-0.00202565789473686,0.017080619213515,0.));
#4982=CARTESIAN_POINT('',(-0.00160865789473686,0.017080619213515,0.));
#4983=CARTESIAN_POINT('',(-0.00119165789473686,0.017080619213515,0.));
#4984=CARTESIAN_POINT('',(-0.00077465789473686,0.017080619213515,0.));
#4985=CARTESIAN_POINT('',(-0.000774657894736859,0.017080619213515,4.9039819514235E-17));
#4986=CARTESIAN_POINT('',(-0.000774657894736844,-0.0119006578947368,0.));
#4987=CARTESIAN_POINT('',(0.00305234210526314,0.0170806192135151,0.));
#4988=CARTESIAN_POINT('',(0.00305234210526314,0.0170806192135151,-2.5017965130103E-17));
#4989=CARTESIAN_POINT('',(0.00305234210526315,0.0170806192135151,0.));
#4990=CARTESIAN_POINT('',(0.00347000877192981,0.0170806192135151,0.));
#4991=CARTESIAN_POINT('',(0.00388767543859648,0.0170806192135151,0.));
#4992=CARTESIAN_POINT('',(0.00430534210526315,0.0170806192135151,0.));
#4993=CARTESIAN_POINT('',(0.00430534210526314,0.0170806192135151,4.08811981662815E-17));
#4994=CARTESIAN_POINT('',(0.00430534210526316,-0.0119006578947368,0.));
#4995=CARTESIAN_POINT('',(0.00430534210526315,0.0136993421052632,0.));
#4996=CARTESIAN_POINT('',(0.00676184210526315,0.0136993421052632,0.));
#4997=CARTESIAN_POINT('',(0.00921834210526315,0.0136993421052632,0.));
#4998=CARTESIAN_POINT('',(0.00921834210526315,0.0170806192135151,0.));
#4999=CARTESIAN_POINT('',(0.00921834210526316,0.0170806192135152,-1.11943874309128E-17));
#5000=CARTESIAN_POINT('',(0.00921834210526316,0.0170806192135152,0.));
#5001=CARTESIAN_POINT('',(0.00963600877192983,0.0170806192135152,0.));
#5002=CARTESIAN_POINT('',(0.0100536754385965,0.0170806192135152,0.));
#5003=CARTESIAN_POINT('',(0.0104713421052632,0.0170806192135152,0.));
#5004=CARTESIAN_POINT('',(0.0104713421052632,0.0170806192135152,2.81892564846231E-17));
#5005=CARTESIAN_POINT('',(0.0104713421052631,-0.0119006578947368,0.));
#5006=CARTESIAN_POINT('',(0.0104713421052631,0.0136993421052632,0.));
#5007=CARTESIAN_POINT('',(0.0123848421052631,0.0136993421052632,0.));
#5008=CARTESIAN_POINT('',(0.0142983421052631,0.0136993421052632,0.));
#5009=CARTESIAN_POINT('',(0.0142983421052631,0.0170806192135152,0.));
#5010=CARTESIAN_POINT('',(0.0142983421052631,0.0170806192135152,2.27682456221956E-18));
#5011=CARTESIAN_POINT('',(0.0142983421052631,0.0170806192135152,0.));
#5012=CARTESIAN_POINT('',(0.0147160087719298,0.0170806192135152,0.));
#5013=CARTESIAN_POINT('',(0.0151336754385965,0.0170806192135152,0.));
#5014=CARTESIAN_POINT('',(0.0155513421052632,0.0170806192135152,0.));
#5015=CARTESIAN_POINT('',(0.0155513421052631,0.0170806192135152,1.63240189594849E-17));
#5016=CARTESIAN_POINT('',(0.0155513421052631,-0.0119006578947368,0.));
#5017=CARTESIAN_POINT('',(0.0155513421052631,0.0136993421052632,0.));
#5018=CARTESIAN_POINT('',(0.0174648421052632,0.0136993421052632,0.));
#5019=CARTESIAN_POINT('',(0.0193783421052632,0.0136993421052632,0.));
#5020=CARTESIAN_POINT('',(0.0193783421052632,0.0170806192135152,0.));
#5021=CARTESIAN_POINT('',(0.0193783421052632,0.0170806192135152,1.60055345713172E-17));
#5022=CARTESIAN_POINT('',(0.0193783421052631,0.0170806192135152,0.));
#5023=CARTESIAN_POINT('',(0.0197960087719298,0.0170806192135152,0.));
#5024=CARTESIAN_POINT('',(0.0202136754385965,0.0170806192135152,0.));
#5025=CARTESIAN_POINT('',(0.0206313421052631,0.0170806192135152,0.));
#5026=CARTESIAN_POINT('',(0.0206313421052631,0.0170806192135152,2.17518060854904E-18));
#5027=CARTESIAN_POINT('',(0.0206313421052631,-0.0119006578947368,0.));
#5028=CARTESIAN_POINT('',(0.0206313421052631,0.0136993421052632,0.));
#5029=CARTESIAN_POINT('',(0.0230603421052631,0.0136993421052632,0.));
#5030=CARTESIAN_POINT('',(0.0254893421052632,0.0136993421052632,0.));
#5031=CARTESIAN_POINT('',(0.0254893421052632,0.0170806192135152,0.));
#5032=CARTESIAN_POINT('',(0.0237873421052632,-0.0133496578947368,0.));
#5033=CARTESIAN_POINT('',(0.0282873421052632,-0.0133496578947368,0.));
#5034=CARTESIAN_POINT('',(-0.0272906578947368,-0.0209706578947368,0.));
#5035=CARTESIAN_POINT('',(-0.0262906578947368,-0.0209706578947368,0.));
#5036=CARTESIAN_POINT('',(-0.0407586578947368,-0.0339006578947368,0.));
#5037=CARTESIAN_POINT('',(-0.0396586578947368,-0.0339006578947368,0.));
#5038=CARTESIAN_POINT('',(-0.0407586578947368,0.00332434210526314,0.));
#5039=CARTESIAN_POINT('',(-0.0396586578947368,0.00332434210526314,0.));
#5040=CARTESIAN_POINT('',(0.0376663421052632,0.0100993421052632,0.));
#5041=CARTESIAN_POINT('',(0.0387663421052632,0.0100993421052632,0.));
#5042=CARTESIAN_POINT('',(0.0376663421052632,-0.0339006578947368,0.));
#5043=CARTESIAN_POINT('',(0.0387663421052632,-0.0339006578947368,0.));
#5044=CARTESIAN_POINT('',(0.00580534210526315,0.0160493421052632,-0.002));
#5045=CARTESIAN_POINT('',(0.00580534210526315,0.0136993421052632,-0.004));
#5046=CARTESIAN_POINT('',(0.00580534210526315,0.0136993421052632,-0.004));
#5047=CARTESIAN_POINT('',(0.00580534210526315,0.0136993421052632,-0.0015));
#5048=CARTESIAN_POINT('',(0.00580534210526315,0.0160493421052632,-0.0015));
#5049=CARTESIAN_POINT('',(0.00580534210526315,0.0160493421052632,-0.002));
#5050=CARTESIAN_POINT('',(0.00580534210526315,0.0149993421052632,-0.002));
#5051=CARTESIAN_POINT('',(0.00580534210526315,0.0149993421052632,-0.004));
#5052=CARTESIAN_POINT('',(0.00580534210526315,0.0149993421052632,-0.004));
#5053=CARTESIAN_POINT('',(0.00580534210526315,0.0143493421052632,-0.004));
#5054=CARTESIAN_POINT('',(0.00771834210526315,0.0160493421052632,-0.002));
#5055=CARTESIAN_POINT('',(0.00771834210526315,0.0136993421052632,-0.0015));
#5056=CARTESIAN_POINT('',(0.00771834210526315,0.0136993421052632,-0.0015));
#5057=CARTESIAN_POINT('',(0.00771834210526315,0.0136993421052632,-0.004));
#5058=CARTESIAN_POINT('',(0.00771834210526315,0.0136993421052632,-0.004));
#5059=CARTESIAN_POINT('',(0.00771834210526315,0.0143493421052632,-0.004));
#5060=CARTESIAN_POINT('',(0.00771834210526315,0.0149993421052632,-0.004));
#5061=CARTESIAN_POINT('',(0.00771834210526315,0.0149993421052632,-0.004));
#5062=CARTESIAN_POINT('',(0.00771834210526315,0.0149993421052632,-0.002));
#5063=CARTESIAN_POINT('',(0.00771834210526315,0.0160493421052632,-0.002));
#5064=CARTESIAN_POINT('',(-0.00675865789473683,-0.0119006578947368,-0.002));
#5065=CARTESIAN_POINT('',(0.00676184210526315,0.0149993421052632,-0.002));
#5066=CARTESIAN_POINT('',(0.00676184210526315,0.0149993421052632,-0.004));
#5067=CARTESIAN_POINT('',(0.00676184210526315,0.0149993421052632,-0.004));
#5068=CARTESIAN_POINT('',(0.00676184210526315,0.0136993421052632,-0.004));
#5069=CARTESIAN_POINT('',(0.00430534210526315,0.0136993421052632,-0.0015));
#5070=CARTESIAN_POINT('',(0.00676184210526315,0.0136993421052632,-0.004));
#5071=CARTESIAN_POINT('',(0.00921834210526315,0.0136993421052632,-0.0015));
#5072=CARTESIAN_POINT('',(-0.00675865789473683,-0.0119006578947368,-0.004));
#5073=CARTESIAN_POINT('',(0.0119713421052631,0.0160493421052632,-0.002));
#5074=CARTESIAN_POINT('',(0.0119713421052631,0.0136993421052632,-0.004));
#5075=CARTESIAN_POINT('',(0.0119713421052631,0.0136993421052632,-0.004));
#5076=CARTESIAN_POINT('',(0.0119713421052631,0.0136993421052632,-0.0015));
#5077=CARTESIAN_POINT('',(0.0119713421052631,0.0160493421052632,-0.0015));
#5078=CARTESIAN_POINT('',(0.0119713421052631,0.0160493421052632,-0.002));
#5079=CARTESIAN_POINT('',(0.0119713421052631,0.0149993421052632,-0.002));
#5080=CARTESIAN_POINT('',(0.0119713421052631,0.0149993421052632,-0.004));
#5081=CARTESIAN_POINT('',(0.0119713421052631,0.0149993421052632,-0.004));
#5082=CARTESIAN_POINT('',(0.0119713421052631,0.0143493421052632,-0.004));
#5083=CARTESIAN_POINT('',(0.0127983421052631,0.0160493421052632,-0.002));
#5084=CARTESIAN_POINT('',(0.0127983421052631,0.0136993421052632,-0.0015));
#5085=CARTESIAN_POINT('',(0.0127983421052631,0.0136993421052632,-0.0015));
#5086=CARTESIAN_POINT('',(0.0127983421052631,0.0136993421052632,-0.004));
#5087=CARTESIAN_POINT('',(0.0127983421052631,0.0136993421052632,-0.004));
#5088=CARTESIAN_POINT('',(0.0127983421052631,0.0143493421052632,-0.004));
#5089=CARTESIAN_POINT('',(0.0127983421052631,0.0149993421052632,-0.004));
#5090=CARTESIAN_POINT('',(0.0127983421052631,0.0149993421052632,-0.004));
#5091=CARTESIAN_POINT('',(0.0127983421052631,0.0149993421052632,-0.002));
#5092=CARTESIAN_POINT('',(0.0127983421052631,0.0160493421052632,-0.002));
#5093=CARTESIAN_POINT('',(-0.00675865789473683,-0.0119006578947368,-0.002));
#5094=CARTESIAN_POINT('',(0.0123848421052631,0.0149993421052632,-0.002));
#5095=CARTESIAN_POINT('',(0.0123848421052631,0.0149993421052632,-0.004));
#5096=CARTESIAN_POINT('',(0.0123848421052631,0.0149993421052632,-0.004));
#5097=CARTESIAN_POINT('',(0.0123848421052631,0.0136993421052632,-0.004));
#5098=CARTESIAN_POINT('',(0.0104713421052631,0.0136993421052632,-0.0015));
#5099=CARTESIAN_POINT('',(0.0123848421052631,0.0136993421052632,-0.004));
#5100=CARTESIAN_POINT('',(0.0142983421052631,0.0136993421052632,-0.0015));
#5101=CARTESIAN_POINT('',(-0.00675865789473683,-0.0119006578947368,-0.004));
#5102=CARTESIAN_POINT('',(0.0170513421052631,0.0160493421052632,-0.002));
#5103=CARTESIAN_POINT('',(0.0170513421052631,0.0136993421052632,-0.004));
#5104=CARTESIAN_POINT('',(0.0170513421052631,0.0136993421052632,-0.004));
#5105=CARTESIAN_POINT('',(0.0170513421052631,0.0136993421052632,-0.0015));
#5106=CARTESIAN_POINT('',(0.0170513421052631,0.0160493421052632,-0.0015));
#5107=CARTESIAN_POINT('',(0.0170513421052631,0.0160493421052632,-0.002));
#5108=CARTESIAN_POINT('',(0.0170513421052631,0.0149993421052632,-0.002));
#5109=CARTESIAN_POINT('',(0.0170513421052631,0.0149993421052632,-0.004));
#5110=CARTESIAN_POINT('',(0.0170513421052631,0.0149993421052632,-0.004));
#5111=CARTESIAN_POINT('',(0.0170513421052631,0.0143493421052632,-0.004));
#5112=CARTESIAN_POINT('',(0.0178783421052632,0.0160493421052632,-0.002));
#5113=CARTESIAN_POINT('',(0.0178783421052632,0.0136993421052632,-0.0015));
#5114=CARTESIAN_POINT('',(0.0178783421052632,0.0136993421052632,-0.0015));
#5115=CARTESIAN_POINT('',(0.0178783421052632,0.0136993421052632,-0.004));
#5116=CARTESIAN_POINT('',(0.0178783421052632,0.0136993421052632,-0.004));
#5117=CARTESIAN_POINT('',(0.0178783421052632,0.0143493421052632,-0.004));
#5118=CARTESIAN_POINT('',(0.0178783421052632,0.0149993421052632,-0.004));
#5119=CARTESIAN_POINT('',(0.0178783421052632,0.0149993421052632,-0.004));
#5120=CARTESIAN_POINT('',(0.0178783421052632,0.0149993421052632,-0.002));
#5121=CARTESIAN_POINT('',(0.0178783421052632,0.0160493421052632,-0.002));
#5122=CARTESIAN_POINT('',(-0.00675865789473683,-0.0119006578947368,-0.002));
#5123=CARTESIAN_POINT('',(0.0174648421052632,0.0149993421052632,-0.002));
#5124=CARTESIAN_POINT('',(0.0174648421052632,0.0149993421052632,-0.004));
#5125=CARTESIAN_POINT('',(0.0174648421052632,0.0149993421052632,-0.004));
#5126=CARTESIAN_POINT('',(0.0174648421052632,0.0136993421052632,-0.004));
#5127=CARTESIAN_POINT('',(0.0155513421052631,0.0136993421052632,-0.0015));
#5128=CARTESIAN_POINT('',(0.0174648421052632,0.0136993421052632,-0.004));
#5129=CARTESIAN_POINT('',(0.0193783421052632,0.0136993421052632,-0.0015));
#5130=CARTESIAN_POINT('',(-0.00675865789473683,-0.0119006578947368,-0.004));
#5131=CARTESIAN_POINT('',(0.0221313421052632,0.0160493421052632,-0.002));
#5132=CARTESIAN_POINT('',(0.0221313421052632,0.0136993421052632,-0.004));
#5133=CARTESIAN_POINT('',(0.0221313421052632,0.0136993421052632,-0.004));
#5134=CARTESIAN_POINT('',(0.0221313421052632,0.0136993421052632,-0.0015));
#5135=CARTESIAN_POINT('',(0.0221313421052632,0.0160493421052632,-0.0015));
#5136=CARTESIAN_POINT('',(0.0221313421052632,0.0160493421052632,-0.002));
#5137=CARTESIAN_POINT('',(0.0221313421052632,0.0149993421052632,-0.002));
#5138=CARTESIAN_POINT('',(0.0221313421052632,0.0149993421052632,-0.004));
#5139=CARTESIAN_POINT('',(0.0221313421052632,0.0149993421052632,-0.004));
#5140=CARTESIAN_POINT('',(0.0221313421052632,0.0143493421052632,-0.004));
#5141=CARTESIAN_POINT('',(0.0239893421052632,0.0160493421052632,-0.002));
#5142=CARTESIAN_POINT('',(0.0239893421052632,0.0136993421052632,-0.0015));
#5143=CARTESIAN_POINT('',(0.0239893421052632,0.0136993421052632,-0.0015));
#5144=CARTESIAN_POINT('',(0.0239893421052632,0.0136993421052632,-0.004));
#5145=CARTESIAN_POINT('',(0.0239893421052632,0.0136993421052632,-0.004));
#5146=CARTESIAN_POINT('',(0.0239893421052632,0.0143493421052632,-0.004));
#5147=CARTESIAN_POINT('',(0.0239893421052632,0.0149993421052632,-0.004));
#5148=CARTESIAN_POINT('',(0.0239893421052632,0.0149993421052632,-0.004));
#5149=CARTESIAN_POINT('',(0.0239893421052632,0.0149993421052632,-0.002));
#5150=CARTESIAN_POINT('',(0.0239893421052632,0.0160493421052632,-0.002));
#5151=CARTESIAN_POINT('',(-0.00675865789473683,-0.0119006578947368,-0.002));
#5152=CARTESIAN_POINT('',(0.0230603421052631,0.0149993421052632,-0.002));
#5153=CARTESIAN_POINT('',(0.0230603421052631,0.0149993421052632,-0.004));
#5154=CARTESIAN_POINT('',(0.0230603421052631,0.0149993421052632,-0.004));
#5155=CARTESIAN_POINT('',(0.0230603421052631,0.0136993421052632,-0.004));
#5156=CARTESIAN_POINT('',(0.0206313421052631,0.0136993421052632,-0.0015));
#5157=CARTESIAN_POINT('',(0.0230603421052631,0.0136993421052632,-0.004));
#5158=CARTESIAN_POINT('',(0.0254893421052632,0.0136993421052632,-0.0015));
#5159=CARTESIAN_POINT('',(-0.00675865789473683,-0.0119006578947368,-0.004));
#5160=CARTESIAN_POINT('',(0.0282423421052632,0.0160493421052632,-0.002));
#5161=CARTESIAN_POINT('',(0.0282423421052632,0.0136993421052632,-0.004));
#5162=CARTESIAN_POINT('',(0.0282423421052632,0.0136993421052632,-0.004));
#5163=CARTESIAN_POINT('',(0.0282423421052632,0.0136993421052632,-0.0015));
#5164=CARTESIAN_POINT('',(0.0282423421052632,0.0160493421052632,-0.0015));
#5165=CARTESIAN_POINT('',(0.0282423421052632,0.0160493421052632,-0.002));
#5166=CARTESIAN_POINT('',(0.0282423421052632,0.0149993421052632,-0.002));
#5167=CARTESIAN_POINT('',(0.0282423421052632,0.0149993421052632,-0.004));
#5168=CARTESIAN_POINT('',(0.0282423421052632,0.0149993421052632,-0.004));
#5169=CARTESIAN_POINT('',(0.0282423421052632,0.0143493421052632,-0.004));
#5170=CARTESIAN_POINT('',(0.0290693421052632,0.0160493421052632,-0.002));
#5171=CARTESIAN_POINT('',(0.0290693421052632,0.0136993421052632,-0.0015));
#5172=CARTESIAN_POINT('',(0.0290693421052632,0.0136993421052632,-0.0015));
#5173=CARTESIAN_POINT('',(0.0290693421052632,0.0136993421052632,-0.004));
#5174=CARTESIAN_POINT('',(0.0290693421052632,0.0136993421052632,-0.004));
#5175=CARTESIAN_POINT('',(0.0290693421052632,0.0143493421052632,-0.004));
#5176=CARTESIAN_POINT('',(0.0290693421052632,0.0149993421052632,-0.004));
#5177=CARTESIAN_POINT('',(0.0290693421052632,0.0149993421052632,-0.004));
#5178=CARTESIAN_POINT('',(0.0290693421052632,0.0149993421052632,-0.002));
#5179=CARTESIAN_POINT('',(0.0290693421052632,0.0160493421052632,-0.002));
#5180=CARTESIAN_POINT('',(-0.00675865789473683,-0.0119006578947368,-0.002));
#5181=CARTESIAN_POINT('',(0.0286558421052631,0.0149993421052632,-0.002));
#5182=CARTESIAN_POINT('',(0.0286558421052631,0.0149993421052632,-0.004));
#5183=CARTESIAN_POINT('',(0.0286558421052631,0.0149993421052632,-0.004));
#5184=CARTESIAN_POINT('',(0.0286558421052631,0.0136993421052632,-0.004));
#5185=CARTESIAN_POINT('',(0.0267423421052632,0.0136993421052632,-0.0015));
#5186=CARTESIAN_POINT('',(0.0286558421052631,0.0136993421052632,-0.004));
#5187=CARTESIAN_POINT('',(0.0305693421052632,0.0136993421052632,-0.0015));
#5188=CARTESIAN_POINT('',(-0.00675865789473683,-0.0119006578947368,-0.004));
#5189=CARTESIAN_POINT('',(0.0146483421052631,0.0134993421052632,0.002));
#5190=CARTESIAN_POINT('',(0.0342358421052631,0.0134993421052632,0.002));
#5191=CARTESIAN_POINT('',(0.0342358421052631,0.0077493421052632,0.002));
#5192=CARTESIAN_POINT('',(0.0146483421052632,0.00199934210526318,0.002));
#5193=CARTESIAN_POINT('',(-0.00493915789473685,0.00774934210526316,0.002));
#5194=CARTESIAN_POINT('',(-0.0272906578947368,-0.0209706578947368,0.002));
#5195=CARTESIAN_POINT('',(-0.0272906578947368,-0.0209706578947368,0.002));
#5196=CARTESIAN_POINT('',(-0.0262906578947368,-0.0209706578947368,0.002));
#5197=CARTESIAN_POINT('',(0.0237873421052632,-0.0133496578947368,0.002));
#5198=CARTESIAN_POINT('',(0.0376663421052632,-0.0339006578947368,0.002));
#5199=CARTESIAN_POINT('',(0.0376663421052632,-0.0339006578947368,0.001));
#5200=CARTESIAN_POINT('',(0.0399163421052632,-0.0339006578947368,0.001));
#5201=CARTESIAN_POINT('',(0.0376663421052632,-0.0339006578947368,0.002));
#5202=CARTESIAN_POINT('',(0.0399163421052632,-0.0339006578947368,0.002));
#5203=CARTESIAN_POINT('',(0.0376663421052632,0.0100993421052632,0.002));
#5204=CARTESIAN_POINT('',(0.0376663421052632,0.0100993421052632,0.001));
#5205=CARTESIAN_POINT('',(0.0399163421052632,0.0100993421052632,0.001));
#5206=CARTESIAN_POINT('',(0.0376663421052632,0.0100993421052632,0.002));
#5207=CARTESIAN_POINT('',(0.0399163421052632,0.0100993421052632,0.002));
#5208=CARTESIAN_POINT('',(-0.0407586578947368,0.00332434210526314,0.002));
#5209=CARTESIAN_POINT('',(-0.0407586578947368,0.00332434210526314,0.001));
#5210=CARTESIAN_POINT('',(-0.0385086578947368,0.00332434210526314,0.001));
#5211=CARTESIAN_POINT('',(-0.0407586578947368,0.00332434210526314,0.002));
#5212=CARTESIAN_POINT('',(-0.0385086578947368,0.00332434210526314,0.002));
#5213=CARTESIAN_POINT('',(-0.0407586578947368,-0.0339006578947368,0.002));
#5214=CARTESIAN_POINT('',(-0.0407586578947368,-0.0339006578947368,0.001));
#5215=CARTESIAN_POINT('',(-0.0385086578947368,-0.0339006578947368,0.001));
#5216=CARTESIAN_POINT('',(-0.0407586578947368,-0.0339006578947368,0.002));
#5217=CARTESIAN_POINT('',(-0.0385086578947368,-0.0339006578947368,0.002));
#5218=CARTESIAN_POINT('',(-0.00675865789473683,-0.0119006578947368,0.002));
#5219=CARTESIAN_POINT('',(-0.0822586578947368,0.0120993421052632,0.002));
#5220=CARTESIAN_POINT('',(-0.0822586578947368,-0.00390065789473684,0.002));
#5221=CARTESIAN_POINT('',(-0.0822586578947368,-0.0199006578947368,0.002));
#5222=CARTESIAN_POINT('',(-0.0822586578947368,-0.0359006578947368,0.002));
#5223=CARTESIAN_POINT('',(-0.0822586578947369,0.0120993421052631,0.002));
#5224=CARTESIAN_POINT('',(-0.0822586578947369,-0.0359006578947369,0.002));
#5225=CARTESIAN_POINT('',(-0.0822586578947368,-0.0359006578947368,0.002));
#5226=CARTESIAN_POINT('',(-0.0822586578947368,-0.0365633054596144,0.002));
#5227=CARTESIAN_POINT('',(-0.0817124545334178,-0.0378548680182308,0.002));
#5228=CARTESIAN_POINT('',(-0.0804221324292404,-0.0384006578947368,0.002));
#5229=CARTESIAN_POINT('',(-0.0797586578947368,-0.0384006578947368,0.002));
#5230=CARTESIAN_POINT('',(-0.0797586578947368,-0.0384006578947369,0.002));
#5231=CARTESIAN_POINT('',(-0.0797586578947368,-0.0384006578947368,0.002));
#5232=CARTESIAN_POINT('',(-0.0310919912280702,-0.0384006578947368,0.002));
#5233=CARTESIAN_POINT('',(0.0175746754385965,-0.0384006578947368,0.002));
#5234=CARTESIAN_POINT('',(0.0662413421052632,-0.0384006578947368,0.002));
#5235=CARTESIAN_POINT('',(0.0662413421052632,-0.0384006578947368,0.002));
#5236=CARTESIAN_POINT('',(0.0662413421052632,-0.0384006578947368,0.002));
#5237=CARTESIAN_POINT('',(0.0669039896701408,-0.0384006578947368,0.002));
#5238=CARTESIAN_POINT('',(0.0681955522287572,-0.0378544545334196,0.002));
#5239=CARTESIAN_POINT('',(0.0687413421052632,-0.0365641324292365,0.002));
#5240=CARTESIAN_POINT('',(0.0687413421052632,-0.0359006578947368,0.002));
#5241=CARTESIAN_POINT('',(0.0687413421052632,-0.0359006578947368,0.002));
#5242=CARTESIAN_POINT('',(0.0687413421052632,-0.0359006578947368,0.002));
#5243=CARTESIAN_POINT('',(0.0687413421052632,-0.0199006578947368,0.002));
#5244=CARTESIAN_POINT('',(0.0687413421052632,-0.00390065789473684,0.002));
#5245=CARTESIAN_POINT('',(0.0687413421052632,0.0120993421052632,0.002));
#5246=CARTESIAN_POINT('',(0.0687413421052632,0.0120993421052632,0.002));
#5247=CARTESIAN_POINT('',(0.0687413421052632,0.0120993421052632,0.002));
#5248=CARTESIAN_POINT('',(0.0687413421052632,0.012761989670105,0.002));
#5249=CARTESIAN_POINT('',(0.0681951387439418,0.0140535522287751,0.002));
#5250=CARTESIAN_POINT('',(0.0669048166397714,0.0145993421052632,0.002));
#5251=CARTESIAN_POINT('',(0.0662413421052632,0.0145993421052632,0.002));
#5252=CARTESIAN_POINT('',(0.0662413421052632,0.0145993421052632,0.002));
#5253=CARTESIAN_POINT('',(0.0662413421052632,0.0145993421052632,0.002));
#5254=CARTESIAN_POINT('',(0.0175746754385965,0.0145993421052632,0.002));
#5255=CARTESIAN_POINT('',(-0.0310919912280702,0.0145993421052632,0.002));
#5256=CARTESIAN_POINT('',(-0.0797586578947368,0.0145993421052632,0.002));
#5257=CARTESIAN_POINT('',(-0.0797586578947369,0.0145993421052631,0.002));
#5258=CARTESIAN_POINT('',(-0.0797586578947368,0.0145993421052632,0.002));
#5259=CARTESIAN_POINT('',(-0.0804213054596049,0.0145993421052632,0.002));
#5260=CARTESIAN_POINT('',(-0.0817128680182356,0.014053138743945,0.002));
#5261=CARTESIAN_POINT('',(-0.0822586578947368,0.0127628166397647,0.002));
#5262=CARTESIAN_POINT('',(-0.0822586578947368,0.0120993421052632,0.002));
#5263=CARTESIAN_POINT('',(0.0687188424978449,0.0120758575741899,0.00200000000000002));
#5264=CARTESIAN_POINT('',(0.0687326479460605,0.0135489608725779,0.00199999999999999));
#5265=CARTESIAN_POINT('',(0.0676909608725778,0.0145906479460606,0.00199999999999999));
#5266=CARTESIAN_POINT('',(0.0662178575741898,0.0145768424978451,0.00200000000000002));
#5267=CARTESIAN_POINT('',(0.0687233423082119,0.0120758154034209,0.00200000000000002));
#5268=CARTESIAN_POINT('',(0.0687371728281841,0.0135515939707916,0.00199999999999999));
#5269=CARTESIAN_POINT('',(0.0676935939707915,0.0145951728281842,0.00199999999999999));
#5270=CARTESIAN_POINT('',(0.0662178154034208,0.0145813423082121,0.00200000000000002));
#5271=CARTESIAN_POINT('',(0.0687278421185789,0.0120757732326518,0.00200000000000002));
#5272=CARTESIAN_POINT('',(0.0687416977103077,0.0135542270690053,0.00199999999999999));
#5273=CARTESIAN_POINT('',(0.0676962270690052,0.0145996977103078,0.00199999999999999));
#5274=CARTESIAN_POINT('',(0.0662177732326517,0.0145858421185791,0.00200000000000002));
#5275=CARTESIAN_POINT('',(0.0687323419289459,0.0120757310618827,0.00200000000000002));
#5276=CARTESIAN_POINT('',(0.0687462225924313,0.0135568601672191,0.00199999999999999));
#5277=CARTESIAN_POINT('',(0.067698860167219,0.0146042225924314,0.00199999999999999));
#5278=CARTESIAN_POINT('',(0.0662177310618827,0.014590341928946,0.00200000000000002));
#5279=CARTESIAN_POINT('',(0.0687368417393128,0.0120756888911137,0.00200000000000002));
#5280=CARTESIAN_POINT('',(0.0687507474745549,0.0135594932654328,0.00199999999999999));
#5281=CARTESIAN_POINT('',(0.0677014932654327,0.014608747474555,0.00199999999999999));
#5282=CARTESIAN_POINT('',(0.0662176888911136,0.014594841739313,0.00200000000000002));
#5283=CARTESIAN_POINT('',(0.0687413415496798,0.0120756467203446,0.00200000000000002));
#5284=CARTESIAN_POINT('',(0.0687552723566785,0.0135621263636466,0.00199999999999999));
#5285=CARTESIAN_POINT('',(0.0677041263636465,0.0146132723566787,0.00199999999999999));
#5286=CARTESIAN_POINT('',(0.0662176467203445,0.01459934154968,0.00200000000000002));
#5287=CARTESIAN_POINT('',(0.0691163250829529,0.012072132495812,0.00200000000000003));
#5288=CARTESIAN_POINT('',(0.0691323451993056,0.0137815508262617,0.00199999999999999));
#5289=CARTESIAN_POINT('',(0.0679235508262616,0.0149903451993057,0.00199999999999999));
#5290=CARTESIAN_POINT('',(0.0662141324958119,0.0149743250829531,0.00200000000000002));
#5291=CARTESIAN_POINT('',(0.0694913086162259,0.0120686182712794,0.00200000000000003));
#5292=CARTESIAN_POINT('',(0.0695094180419325,0.0140009752888768,0.00199999999999999));
#5293=CARTESIAN_POINT('',(0.0681429752888767,0.0153674180419326,0.00199999999999999));
#5294=CARTESIAN_POINT('',(0.0662106182712793,0.0153493086162261,0.00200000000000003));
#5295=CARTESIAN_POINT('',(0.0704079350308933,0.0120600279446441,0.00175000000000004));
#5296=CARTESIAN_POINT('',(0.0704311516572429,0.0145373461974915,0.00174999999999999));
#5297=CARTESIAN_POINT('',(0.0686793461974915,0.0162891516572431,0.00174999999999999));
#5298=CARTESIAN_POINT('',(0.066202027944644,0.0162659350308935,0.00175000000000004));
#5299=CARTESIAN_POINT('',(0.0709912427493181,0.0120545613731489,0.00116666666666671));
#5300=CARTESIAN_POINT('',(0.0710177094124405,0.0148786731393373,0.00116666666666665));
#5301=CARTESIAN_POINT('',(0.0690206731393372,0.0168757094124406,0.00116666666666665));
#5302=CARTESIAN_POINT('',(0.0661965613731488,0.0168492427493183,0.0011666666666667));
#5303=CARTESIAN_POINT('',(0.0712412317715001,0.0120522185567938,0.000250000000000044));
#5304=CARTESIAN_POINT('',(0.0712690913075252,0.015024956114414,0.000249999999999982));
#5305=CARTESIAN_POINT('',(0.069166956114414,0.0171270913075252,0.000249999999999981));
#5306=CARTESIAN_POINT('',(0.0661942185567938,0.0170992317715003,0.000250000000000043));
#5307=CARTESIAN_POINT('',(0.0712412317715001,0.0120522185567938,-0.000124999999999956));
#5308=CARTESIAN_POINT('',(0.0712690913075252,0.015024956114414,-0.000125000000000019));
#5309=CARTESIAN_POINT('',(0.069166956114414,0.0171270913075252,-0.000125000000000019));
#5310=CARTESIAN_POINT('',(0.0661942185567938,0.0170992317715003,-0.000124999999999956));
#5311=CARTESIAN_POINT('',(0.0712412317715001,0.0120522185567938,-0.000499999999999956));
#5312=CARTESIAN_POINT('',(0.0712690913075252,0.015024956114414,-0.000500000000000018));
#5313=CARTESIAN_POINT('',(0.069166956114414,0.0171270913075253,-0.000500000000000018));
#5314=CARTESIAN_POINT('',(0.0661942185567938,0.0170992317715003,-0.000499999999999956));
#5315=CARTESIAN_POINT('',(0.0712413421052632,0.0120993421110244,-0.000499999999999914));
#5316=CARTESIAN_POINT('',(0.0712413421052632,0.0120993421108643,-0.000187499999999898));
#5317=CARTESIAN_POINT('',(0.0712087900219298,0.0120993421105442,0.000483072916666824));
#5318=CARTESIAN_POINT('',(0.0706912118969298,0.0120993421100641,0.00144986979166682));
#5319=CARTESIAN_POINT('',(0.0697244150219296,0.0120993421095839,0.00196744791666675));
#5320=CARTESIAN_POINT('',(0.069053842105263,0.0120993421092638,0.002));
#5321=CARTESIAN_POINT('',(0.068741342105263,0.0120993421091037,0.002));
#5322=CARTESIAN_POINT('',(0.0662413421091037,0.014599342105263,0.002));
#5323=CARTESIAN_POINT('',(0.0662413421092638,0.014911842105263,0.00200000000003958));
#5324=CARTESIAN_POINT('',(0.0662413421095839,0.0155824150219296,0.00196744791671587));
#5325=CARTESIAN_POINT('',(0.0662413421100641,0.0165492118969297,0.00144986979170591));
#5326=CARTESIAN_POINT('',(0.0662413421105442,0.0170667900219298,0.00048307291668815));
#5327=CARTESIAN_POINT('',(0.0662413421108643,0.0170993421052632,-0.000187499999991734));
#5328=CARTESIAN_POINT('',(0.0662413421110244,0.0170993421052632,-0.0005));
#5329=CARTESIAN_POINT('',(0.0662413421110244,0.0145993421052631,0.002));
#5330=CARTESIAN_POINT('',(-0.079758657894737,0.0145993421052631,0.002));
#5331=CARTESIAN_POINT('',(0.0662413421110244,0.0149743421052631,0.00200000000004749));
#5332=CARTESIAN_POINT('',(-0.079758657894737,0.0149743421052631,0.00200000000004749));
#5333=CARTESIAN_POINT('',(0.0662413421110244,0.0153493421052631,0.0020000000000475));
#5334=CARTESIAN_POINT('',(-0.079758657894737,0.0153493421052631,0.0020000000000475));
#5335=CARTESIAN_POINT('',(0.0662413421110244,0.0162660087719298,0.00175000000004752));
#5336=CARTESIAN_POINT('',(-0.079758657894737,0.0162660087719298,0.00175000000004752));
#5337=CARTESIAN_POINT('',(0.0662413421110244,0.0168493421052631,0.00116666666669838));
#5338=CARTESIAN_POINT('',(-0.079758657894737,0.0168493421052631,0.00116666666669838));
#5339=CARTESIAN_POINT('',(0.0662413421110244,0.0170993421052632,0.000250000000017807));
#5340=CARTESIAN_POINT('',(-0.079758657894737,0.0170993421052632,0.000250000000017807));
#5341=CARTESIAN_POINT('',(0.0662413421110244,0.0170993421052631,-0.000124999999990108));
#5342=CARTESIAN_POINT('',(-0.079758657894737,0.0170993421052631,-0.000124999999990108));
#5343=CARTESIAN_POINT('',(0.0662413421110244,0.0170993421052632,-0.000500000000000001));
#5344=CARTESIAN_POINT('',(-0.079758657894737,0.0170993421052632,-0.000500000000000001));
#5345=CARTESIAN_POINT('',(-0.00202565789473684,0.0170806192140922,-5.62508858394616E-12));
#5346=CARTESIAN_POINT('',(-0.0024497005292673,0.0170806192140922,-5.62508419481119E-12));
#5347=CARTESIAN_POINT('',(-0.0028610028077576,0.0170993421052632,-0.000183944005086508));
#5348=CARTESIAN_POINT('',(-0.00314369188348675,0.0170993421052632,-0.000499999999999999));
#5349=CARTESIAN_POINT('',(-0.0797586578947369,0.0170993421052632,-0.0005));
#5350=CARTESIAN_POINT('',(-0.0797586578947369,0.0170993421052632,-0.000187499999991746));
#5351=CARTESIAN_POINT('',(-0.0797586578947369,0.0170667900219298,0.000483072916688066));
#5352=CARTESIAN_POINT('',(-0.0797586578947369,0.0165492118969298,0.00144986979170586));
#5353=CARTESIAN_POINT('',(-0.0797586578947369,0.0155824150219297,0.00196744791671584));
#5354=CARTESIAN_POINT('',(-0.0797586578947369,0.0149118421052631,0.00200000000003958));
#5355=CARTESIAN_POINT('',(-0.0797586578947369,0.0145993421052631,0.002));
#5356=CARTESIAN_POINT('',(0.032940376094013,0.0170993421052632,-0.000500000000000001));
#5357=CARTESIAN_POINT('',(0.0326576999486404,0.0170993421052632,-0.000183958461664629));
#5358=CARTESIAN_POINT('',(0.032246378407747,0.0170806192135428,-2.70827473601112E-13));
#5359=CARTESIAN_POINT('',(0.0318223421062212,0.017080619213515,-5.01443504774546E-19));
#5360=CARTESIAN_POINT('',(0.0305693421052632,0.0170806192140923,-5.62509248029771E-12));
#5361=CARTESIAN_POINT('',(0.0301452994707327,0.0170806192140923,-5.62509248029771E-12));
#5362=CARTESIAN_POINT('',(0.0297339971922424,0.0170993421052632,-0.000183944005086509));
#5363=CARTESIAN_POINT('',(0.0294513081165133,0.0170993421052632,-0.000499999999999998));
#5364=CARTESIAN_POINT('',(0.0278603760940131,0.0170993421052632,-0.000500000000000001));
#5365=CARTESIAN_POINT('',(0.0275776999486405,0.0170993421052632,-0.000183958461664631));
#5366=CARTESIAN_POINT('',(0.027166378407747,0.0170806192135428,-2.7082845438208E-13));
#5367=CARTESIAN_POINT('',(0.0267423421062212,0.017080619213515,-5.01443504774546E-19));
#5368=CARTESIAN_POINT('',(0.0254893421052632,0.0170806192140923,-5.62509538731479E-12));
#5369=CARTESIAN_POINT('',(0.0250652994707327,0.0170806192140923,-5.62509538731479E-12));
#5370=CARTESIAN_POINT('',(0.0246539971922424,0.0170993421052632,-0.000183944005086509));
#5371=CARTESIAN_POINT('',(0.0243713081165132,0.0170993421052632,-0.000499999999999998));
#5372=CARTESIAN_POINT('',(0.021749376094013,0.0170993421052632,-0.000500000000000002));
#5373=CARTESIAN_POINT('',(0.0214666999486404,0.0170993421052632,-0.000183958461664629));
#5374=CARTESIAN_POINT('',(0.021055378407747,0.0170806192135428,-2.70827473601113E-13));
#5375=CARTESIAN_POINT('',(0.0206313421062212,0.017080619213515,-5.01443504774546E-19));
#5376=CARTESIAN_POINT('',(0.0193783421052632,0.0170806192140923,-5.62509533310468E-12));
#5377=CARTESIAN_POINT('',(0.0189542994707327,0.0170806192140923,-5.62509533310468E-12));
#5378=CARTESIAN_POINT('',(0.0185429971922424,0.0170993421052632,-0.000183944005086509));
#5379=CARTESIAN_POINT('',(0.0182603081165132,0.0170993421052632,-0.000499999999999998));
#5380=CARTESIAN_POINT('',(0.016669376094013,0.0170993421052632,-0.000500000000000001));
#5381=CARTESIAN_POINT('',(0.0163866999486404,0.0170993421052632,-0.000183958461664629));
#5382=CARTESIAN_POINT('',(0.015975378407747,0.0170806192135428,-2.70826983210628E-13));
#5383=CARTESIAN_POINT('',(0.0155513421062212,0.017080619213515,-5.01443504774546E-19));
#5384=CARTESIAN_POINT('',(0.0142983421052631,0.0170806192140923,-5.62509531277589E-12));
#5385=CARTESIAN_POINT('',(0.0138742994707327,0.0170806192140923,-5.62509531277589E-12));
#5386=CARTESIAN_POINT('',(0.0134629971922424,0.0170993421052632,-0.000183944005086521));
#5387=CARTESIAN_POINT('',(0.0131803081165133,0.0170993421052632,-0.000500000000000003));
#5388=CARTESIAN_POINT('',(0.011589376094013,0.0170993421052632,-0.000500000000000001));
#5389=CARTESIAN_POINT('',(0.0113066999486404,0.0170993421052632,-0.000183958461664629));
#5390=CARTESIAN_POINT('',(0.010895378407747,0.0170806192135428,-2.70827473601112E-13));
#5391=CARTESIAN_POINT('',(0.0104713421062212,0.017080619213515,-5.01443504774546E-19));
#5392=CARTESIAN_POINT('',(0.00921834210526316,0.0170806192140923,-5.62509537376226E-12));
#5393=CARTESIAN_POINT('',(0.00879429947073271,0.0170806192140923,-5.62509231096206E-12));
#5394=CARTESIAN_POINT('',(0.00838299719224241,0.0170993421052632,-0.000183944005086514));
#5395=CARTESIAN_POINT('',(0.00810030811651326,0.0170993421052632,-0.000500000000000001));
#5396=CARTESIAN_POINT('',(0.00542337609401304,0.0170993421052632,-0.000499999999999999));
#5397=CARTESIAN_POINT('',(0.00514069994864044,0.0170993421052631,-0.000183958461664627));
#5398=CARTESIAN_POINT('',(0.00472937840774697,0.0170806192135428,-2.70824482368272E-13));
#5399=CARTESIAN_POINT('',(0.00430534210622117,0.017080619213515,-5.01443504774546E-19));
#5400=CARTESIAN_POINT('',(0.00305234210526313,0.0170806192140923,-5.62508944453163E-12));
#5401=CARTESIAN_POINT('',(0.00262829947073268,0.0170806192140923,-5.62509340000356E-12));
#5402=CARTESIAN_POINT('',(0.0022169971922424,0.0170993421052632,-0.000183944005086515));
#5403=CARTESIAN_POINT('',(0.00193430811651325,0.0170993421052632,-0.000499999999999999));
#5404=CARTESIAN_POINT('',(0.000343376094013035,0.0170993421052632,-0.000499999999999998));
#5405=CARTESIAN_POINT('',(6.06999486404411E-5,0.0170993421052631,-0.000183958461664634));
#5406=CARTESIAN_POINT('',(-0.00035062159225302,0.0170806192135428,-2.70830409925971E-13));
#5407=CARTESIAN_POINT('',(-0.00077465789377881,0.017080619213515,-5.01443504774546E-19));
#5408=CARTESIAN_POINT('',(0.0687413421052632,-0.0359006578947368,0.002));
#5409=CARTESIAN_POINT('',(0.0687413421052632,0.0120993421110244,0.002));
#5410=CARTESIAN_POINT('',(0.0691163421052632,-0.0359006578947368,0.002));
#5411=CARTESIAN_POINT('',(0.0691163421052632,0.0120993421110244,0.002));
#5412=CARTESIAN_POINT('',(0.0694913421052631,-0.0359006578947368,0.00200000000000002));
#5413=CARTESIAN_POINT('',(0.0694913421052631,0.0120993421110244,0.00200000000000002));
#5414=CARTESIAN_POINT('',(0.0704080087719298,-0.0359006578947368,0.00175000000000004));
#5415=CARTESIAN_POINT('',(0.0704080087719298,0.0120993421110244,0.00175000000000004));
#5416=CARTESIAN_POINT('',(0.0709913421052632,-0.0359006578947368,0.00116666666666673));
#5417=CARTESIAN_POINT('',(0.0709913421052632,0.0120993421110244,0.00116666666666673));
#5418=CARTESIAN_POINT('',(0.0712413421052632,-0.0359006578947368,0.00025));
#5419=CARTESIAN_POINT('',(0.0712413421052632,0.0120993421110244,0.00025));
#5420=CARTESIAN_POINT('',(0.0712413421052632,-0.0359006578947368,-0.000125));
#5421=CARTESIAN_POINT('',(0.0712413421052632,0.0120993421110244,-0.000125));
#5422=CARTESIAN_POINT('',(0.0712413421052632,-0.0359006578947368,-0.0005));
#5423=CARTESIAN_POINT('',(0.0712413421052632,0.0120993421110244,-0.0005));
#5424=CARTESIAN_POINT('',(0.0687413421052632,-0.0359006578947368,0.002));
#5425=CARTESIAN_POINT('',(0.0690538421052632,-0.0359006578947368,0.002));
#5426=CARTESIAN_POINT('',(0.0697244150219298,-0.0359006578947368,0.00196744791666668));
#5427=CARTESIAN_POINT('',(0.0706912118969299,-0.0359006578947368,0.00144986979166668));
#5428=CARTESIAN_POINT('',(0.0712087900219299,-0.0359006578947368,0.000483072916666678));
#5429=CARTESIAN_POINT('',(0.0712413421052632,-0.0359006578947368,-0.000187499999999997));
#5430=CARTESIAN_POINT('',(0.0712413421052632,-0.0359006578947368,-0.0005));
#5431=CARTESIAN_POINT('',(-0.0797351733636632,0.0145768424978455,0.00200000000000004));
#5432=CARTESIAN_POINT('',(-0.0812082766620515,0.0145906479460606,0.00199999999999998));
#5433=CARTESIAN_POINT('',(-0.0822499637355343,0.0135489608725776,0.00199999999999999));
#5434=CARTESIAN_POINT('',(-0.0822361582873188,0.0120758575741894,0.00200000000000004));
#5435=CARTESIAN_POINT('',(-0.0797351311928942,0.0145813423082124,0.00200000000000004));
#5436=CARTESIAN_POINT('',(-0.0812109097602652,0.0145951728281842,0.00199999999999998));
#5437=CARTESIAN_POINT('',(-0.0822544886176579,0.0135515939707914,0.00199999999999999));
#5438=CARTESIAN_POINT('',(-0.0822406580976858,0.0120758154034203,0.00200000000000004));
#5439=CARTESIAN_POINT('',(-0.0797350890221251,0.0145858421185794,0.00200000000000004));
#5440=CARTESIAN_POINT('',(-0.0812135428584789,0.0145996977103078,0.00199999999999998));
#5441=CARTESIAN_POINT('',(-0.0822590134997815,0.0135542270690051,0.00199999999999999));
#5442=CARTESIAN_POINT('',(-0.0822451579080527,0.0120757732326513,0.00200000000000004));
#5443=CARTESIAN_POINT('',(-0.079735046851356,0.0145903419289464,0.00200000000000004));
#5444=CARTESIAN_POINT('',(-0.0812161759566926,0.0146042225924315,0.00199999999999998));
#5445=CARTESIAN_POINT('',(-0.0822635383819051,0.0135568601672188,0.00199999999999999));
#5446=CARTESIAN_POINT('',(-0.0822496577184197,0.0120757310618822,0.00200000000000004));
#5447=CARTESIAN_POINT('',(-0.079735004680587,0.0145948417393134,0.00200000000000004));
#5448=CARTESIAN_POINT('',(-0.0812188090549064,0.0146087474745551,0.00199999999999998));
#5449=CARTESIAN_POINT('',(-0.0822680632640287,0.0135594932654326,0.00199999999999999));
#5450=CARTESIAN_POINT('',(-0.0822541575287867,0.0120756888911132,0.00200000000000004));
#5451=CARTESIAN_POINT('',(-0.0797349625098179,0.0145993415496803,0.00200000000000004));
#5452=CARTESIAN_POINT('',(-0.0812214421531201,0.0146132723566787,0.00199999999999998));
#5453=CARTESIAN_POINT('',(-0.0822725881461523,0.0135621263636463,0.00199999999999999));
#5454=CARTESIAN_POINT('',(-0.0822586573391537,0.0120756467203441,0.00200000000000004));
#5455=CARTESIAN_POINT('',(-0.0797314482852853,0.0149743250829534,0.00200000000000004));
#5456=CARTESIAN_POINT('',(-0.0814408666157352,0.0149903451993056,0.00199999999999998));
#5457=CARTESIAN_POINT('',(-0.0826496609887792,0.0137815508262615,0.00199999999999998));
#5458=CARTESIAN_POINT('',(-0.0826336408724267,0.0120721324958115,0.00200000000000005));
#5459=CARTESIAN_POINT('',(-0.0797279340607528,0.0153493086162264,0.00200000000000006));
#5460=CARTESIAN_POINT('',(-0.0816602910783504,0.0153674180419326,0.00199999999999999));
#5461=CARTESIAN_POINT('',(-0.0830267338314062,0.0140009752888766,0.00199999999999999));
#5462=CARTESIAN_POINT('',(-0.0830086244056998,0.012068618271279,0.00200000000000006));
#5463=CARTESIAN_POINT('',(-0.0797193437341176,0.0162659350308939,0.00175000000000006));
#5464=CARTESIAN_POINT('',(-0.0821966619869651,0.0162891516572429,0.00174999999999997));
#5465=CARTESIAN_POINT('',(-0.0839484674467165,0.0145373461974914,0.00174999999999998));
#5466=CARTESIAN_POINT('',(-0.0839252508203672,0.0120600279446439,0.00175000000000007));
#5467=CARTESIAN_POINT('',(-0.0797138771626225,0.0168492427493186,0.00116666666666673));
#5468=CARTESIAN_POINT('',(-0.0825379889288108,0.0168757094124404,0.00116666666666663));
#5469=CARTESIAN_POINT('',(-0.084535025201914,0.0148786731393371,0.00116666666666664));
#5470=CARTESIAN_POINT('',(-0.0845085585387919,0.0120545613731488,0.00116666666666674));
#5471=CARTESIAN_POINT('',(-0.0797115343462674,0.0170992317715006,0.000250000000000069));
#5472=CARTESIAN_POINT('',(-0.0826842719038875,0.0171270913075251,0.000249999999999964));
#5473=CARTESIAN_POINT('',(-0.0847864070969986,0.0150249561144139,0.000249999999999968));
#5474=CARTESIAN_POINT('',(-0.0847585475609739,0.0120522185567937,0.000250000000000077));
#5475=CARTESIAN_POINT('',(-0.0797115343462674,0.0170992317715006,-0.00012499999999993));
#5476=CARTESIAN_POINT('',(-0.0826842719038875,0.0171270913075251,-0.000125000000000034));
#5477=CARTESIAN_POINT('',(-0.0847864070969986,0.0150249561144139,-0.000125000000000031));
#5478=CARTESIAN_POINT('',(-0.084758547560974,0.0120522185567937,-0.000124999999999921));
#5479=CARTESIAN_POINT('',(-0.0797115343462674,0.0170992317715006,-0.000499999999999929));
#5480=CARTESIAN_POINT('',(-0.0826842719038876,0.0171270913075251,-0.000500000000000033));
#5481=CARTESIAN_POINT('',(-0.0847864070969987,0.0150249561144139,-0.00050000000000003));
#5482=CARTESIAN_POINT('',(-0.084758547560974,0.0120522185567937,-0.00049999999999992));
#5483=CARTESIAN_POINT('',(-0.0822586578947366,0.0120993421091036,0.002));
#5484=CARTESIAN_POINT('',(-0.0825711578947366,0.0120993421092637,0.002));
#5485=CARTESIAN_POINT('',(-0.0832417308114032,0.0120993421095838,0.0019674479166668));
#5486=CARTESIAN_POINT('',(-0.0842085276864035,0.012099342110064,0.0014498697916669));
#5487=CARTESIAN_POINT('',(-0.0847261058114037,0.0120993421105441,0.000483072916666874));
#5488=CARTESIAN_POINT('',(-0.084758657894737,0.0120993421108642,-0.00018749999999989));
#5489=CARTESIAN_POINT('',(-0.084758657894737,0.0120993421110243,-0.000499999999999922));
#5490=CARTESIAN_POINT('',(0.0662178575741899,-0.0383781582873185,0.00200000000000003));
#5491=CARTESIAN_POINT('',(0.0676909608725778,-0.0383919637355341,0.00199999999999998));
#5492=CARTESIAN_POINT('',(0.0687326479460605,-0.0373502766620515,0.00199999999999998));
#5493=CARTESIAN_POINT('',(0.068718842497845,-0.0358771733636636,0.00200000000000004));
#5494=CARTESIAN_POINT('',(0.0662178154034209,-0.0383826580976855,0.00200000000000003));
#5495=CARTESIAN_POINT('',(0.0676935939707916,-0.0383964886176577,0.00199999999999998));
#5496=CARTESIAN_POINT('',(0.0687371728281841,-0.0373529097602652,0.00199999999999998));
#5497=CARTESIAN_POINT('',(0.068723342308212,-0.0358771311928945,0.00200000000000004));
#5498=CARTESIAN_POINT('',(0.0662177732326518,-0.0383871579080525,0.00200000000000003));
#5499=CARTESIAN_POINT('',(0.0676962270690053,-0.0384010134997813,0.00199999999999998));
#5500=CARTESIAN_POINT('',(0.0687416977103077,-0.0373555428584789,0.00199999999999999));
#5501=CARTESIAN_POINT('',(0.068727842118579,-0.0358770890221254,0.00200000000000004));
#5502=CARTESIAN_POINT('',(0.0662177310618828,-0.0383916577184194,0.00200000000000003));
#5503=CARTESIAN_POINT('',(0.0676988601672191,-0.0384055383819049,0.00199999999999998));
#5504=CARTESIAN_POINT('',(0.0687462225924313,-0.0373581759566926,0.00199999999999999));
#5505=CARTESIAN_POINT('',(0.068732341928946,-0.0358770468513564,0.00200000000000004));
#5506=CARTESIAN_POINT('',(0.0662176888911137,-0.0383961575287864,0.00200000000000003));
#5507=CARTESIAN_POINT('',(0.0677014932654328,-0.0384100632640285,0.00199999999999998));
#5508=CARTESIAN_POINT('',(0.068750747474555,-0.0373608090549064,0.00199999999999998));
#5509=CARTESIAN_POINT('',(0.0687368417393129,-0.0358770046805873,0.00200000000000004));
#5510=CARTESIAN_POINT('',(0.0662176467203446,-0.0384006573391534,0.00200000000000003));
#5511=CARTESIAN_POINT('',(0.0677041263636465,-0.0384145881461521,0.00199999999999998));
#5512=CARTESIAN_POINT('',(0.0687552723566786,-0.0373634421531201,0.00199999999999999));
#5513=CARTESIAN_POINT('',(0.0687413415496799,-0.0358769625098182,0.00200000000000004));
#5514=CARTESIAN_POINT('',(0.066214132495812,-0.0387756408724264,0.00200000000000004));
#5515=CARTESIAN_POINT('',(0.0679235508262616,-0.0387916609887791,0.00199999999999998));
#5516=CARTESIAN_POINT('',(0.0691323451993055,-0.0375828666157353,0.00199999999999998));
#5517=CARTESIAN_POINT('',(0.0691163250829529,-0.0358734482852856,0.00200000000000005));
#5518=CARTESIAN_POINT('',(0.0662106182712794,-0.0391506244056995,0.00200000000000003));
#5519=CARTESIAN_POINT('',(0.0681429752888768,-0.0391687338314061,0.00199999999999997));
#5520=CARTESIAN_POINT('',(0.0695094180419326,-0.0378022910783504,0.00199999999999997));
#5521=CARTESIAN_POINT('',(0.069491308616226,-0.035869934060753,0.00200000000000004));
#5522=CARTESIAN_POINT('',(0.0662020279446441,-0.0400672508203669,0.00175000000000006));
#5523=CARTESIAN_POINT('',(0.0686793461974915,-0.0400904674467165,0.00174999999999997));
#5524=CARTESIAN_POINT('',(0.070431151657243,-0.0383386619869651,0.00174999999999998));
#5525=CARTESIAN_POINT('',(0.0704079350308934,-0.0358613437341177,0.00175000000000007));
#5526=CARTESIAN_POINT('',(0.0661965613731489,-0.0406505585387917,0.00116666666666673));
#5527=CARTESIAN_POINT('',(0.0690206731393373,-0.0406770252019141,0.00116666666666663));
#5528=CARTESIAN_POINT('',(0.0710177094124406,-0.0386799889288108,0.00116666666666664));
#5529=CARTESIAN_POINT('',(0.0709912427493182,-0.0358558771626225,0.00116666666666674));
#5530=CARTESIAN_POINT('',(0.0661942185567938,-0.0409005475609737,0.000250000000000067));
#5531=CARTESIAN_POINT('',(0.069166956114414,-0.0409284070969987,0.000249999999999964));
#5532=CARTESIAN_POINT('',(0.0712690913075252,-0.0388262719038876,0.00024999999999997));
#5533=CARTESIAN_POINT('',(0.0712412317715002,-0.0358535343462674,0.00025000000000008));
#5534=CARTESIAN_POINT('',(0.0661942185567938,-0.0409005475609737,-0.000124999999999933));
#5535=CARTESIAN_POINT('',(0.069166956114414,-0.0409284070969987,-0.000125000000000035));
#5536=CARTESIAN_POINT('',(0.0712690913075252,-0.0388262719038876,-0.00012500000000003));
#5537=CARTESIAN_POINT('',(0.0712412317715002,-0.0358535343462673,-0.00012499999999992));
#5538=CARTESIAN_POINT('',(0.0661942185567938,-0.0409005475609737,-0.000499999999999932));
#5539=CARTESIAN_POINT('',(0.069166956114414,-0.0409284070969988,-0.000500000000000034));
#5540=CARTESIAN_POINT('',(0.0712690913075252,-0.0388262719038876,-0.000500000000000028));
#5541=CARTESIAN_POINT('',(0.0712412317715002,-0.0358535343462674,-0.000499999999999918));
#5542=CARTESIAN_POINT('',(0.0662413421110244,-0.0409006578947368,-0.000499999999999933));
#5543=CARTESIAN_POINT('',(0.0662413421108643,-0.0409006578947368,-0.000187499999993313));
#5544=CARTESIAN_POINT('',(0.0662413421105442,-0.0408681058114035,0.000483072916686631));
#5545=CARTESIAN_POINT('',(0.0662413421100641,-0.0403505276864033,0.00144986979170601));
#5546=CARTESIAN_POINT('',(0.0662413421095839,-0.0393837308114032,0.00196744791671589));
#5547=CARTESIAN_POINT('',(0.0662413421092638,-0.0387131578947365,0.00200000000003957));
#5548=CARTESIAN_POINT('',(0.0662413421091037,-0.0384006578947365,0.002));
#5549=CARTESIAN_POINT('',(-0.082258657894737,0.0120993421110243,0.002));
#5550=CARTESIAN_POINT('',(-0.0822586578947367,-0.0359006578947369,0.002));
#5551=CARTESIAN_POINT('',(-0.082633657894737,0.0120993421110243,0.002));
#5552=CARTESIAN_POINT('',(-0.0826336578947367,-0.0359006578947369,0.002));
#5553=CARTESIAN_POINT('',(-0.0830086578947369,0.0120993421110243,0.00200000000000003));
#5554=CARTESIAN_POINT('',(-0.0830086578947366,-0.0359006578947369,0.00200000000000003));
#5555=CARTESIAN_POINT('',(-0.0839253245614036,0.0120993421110243,0.00175000000000007));
#5556=CARTESIAN_POINT('',(-0.0839253245614033,-0.0359006578947369,0.00175000000000007));
#5557=CARTESIAN_POINT('',(-0.084508657894737,0.0120993421110243,0.00116666666666678));
#5558=CARTESIAN_POINT('',(-0.0845086578947367,-0.0359006578947369,0.00116666666666678));
#5559=CARTESIAN_POINT('',(-0.084758657894737,0.0120993421110243,0.00025));
#5560=CARTESIAN_POINT('',(-0.0847586578947367,-0.0359006578947369,0.00025));
#5561=CARTESIAN_POINT('',(-0.084758657894737,0.0120993421110243,-0.000125));
#5562=CARTESIAN_POINT('',(-0.0847586578947367,-0.0359006578947369,-0.000125));
#5563=CARTESIAN_POINT('',(-0.084758657894737,0.0120993421110243,-0.0005));
#5564=CARTESIAN_POINT('',(-0.0847586578947367,-0.0359006578947369,-0.0005));
#5565=CARTESIAN_POINT('',(-0.0847586578947367,-0.0359006578947369,-0.0005));
#5566=CARTESIAN_POINT('',(-0.0847586578947367,-0.0359006578947369,-0.000187500000000005));
#5567=CARTESIAN_POINT('',(-0.0847261058114034,-0.0359006578947369,0.000483072916666648));
#5568=CARTESIAN_POINT('',(-0.0842085276864034,-0.0359006578947369,0.00144986979166664));
#5569=CARTESIAN_POINT('',(-0.0832417308114035,-0.0359006578947369,0.00196744791666665));
#5570=CARTESIAN_POINT('',(-0.0825711578947368,-0.0359006578947369,0.002));
#5571=CARTESIAN_POINT('',(-0.0822586578947368,-0.0359006578947369,0.002));
#5572=CARTESIAN_POINT('',(-0.0797586578947368,-0.0384006578947368,0.002));
#5573=CARTESIAN_POINT('',(0.0662413421110244,-0.0384006578947368,0.002));
#5574=CARTESIAN_POINT('',(-0.0797586578947368,-0.0387756578947368,0.00200000000004749));
#5575=CARTESIAN_POINT('',(0.0662413421110244,-0.0387756578947368,0.00200000000004749));
#5576=CARTESIAN_POINT('',(-0.0797586578947368,-0.0391506578947367,0.00200000000004751));
#5577=CARTESIAN_POINT('',(0.0662413421110244,-0.0391506578947367,0.00200000000004751));
#5578=CARTESIAN_POINT('',(-0.0797586578947368,-0.0400673245614034,0.00175000000004754));
#5579=CARTESIAN_POINT('',(0.0662413421110244,-0.0400673245614034,0.00175000000004754));
#5580=CARTESIAN_POINT('',(-0.0797586578947368,-0.0406506578947368,0.00116666666669841));
#5581=CARTESIAN_POINT('',(0.0662413421110244,-0.0406506578947368,0.00116666666669841));
#5582=CARTESIAN_POINT('',(-0.0797586578947368,-0.0409006578947368,0.000250000000015829));
#5583=CARTESIAN_POINT('',(0.0662413421110244,-0.0409006578947368,0.000250000000015829));
#5584=CARTESIAN_POINT('',(-0.0797586578947368,-0.0409006578947368,-0.000124999999992085));
#5585=CARTESIAN_POINT('',(0.0662413421110244,-0.0409006578947368,-0.000124999999992085));
#5586=CARTESIAN_POINT('',(-0.0797586578947368,-0.0409006578947368,-0.0005));
#5587=CARTESIAN_POINT('',(0.0662413421110244,-0.0409006578947368,-0.0005));
#5588=CARTESIAN_POINT('',(-0.0797586578947368,-0.0384006578947369,0.002));
#5589=CARTESIAN_POINT('',(-0.0797586578947368,-0.0387131578947369,0.00200000000003957));
#5590=CARTESIAN_POINT('',(-0.0797586578947368,-0.0393837308114036,0.00196744791671577));
#5591=CARTESIAN_POINT('',(-0.0797586578947368,-0.0403505276864035,0.00144986979170579));
#5592=CARTESIAN_POINT('',(-0.0797586578947368,-0.0408681058114035,0.00048307291668644));
#5593=CARTESIAN_POINT('',(-0.0797586578947368,-0.0409006578947368,-0.000187499999993411));
#5594=CARTESIAN_POINT('',(-0.0797586578947368,-0.0409006578947368,-0.0005));
#5595=CARTESIAN_POINT('',(-0.0822361582873191,-0.0358771733636629,0.00200000000000002));
#5596=CARTESIAN_POINT('',(-0.0822499637355343,-0.0373502766620513,0.00199999999999999));
#5597=CARTESIAN_POINT('',(-0.0812082766620513,-0.0383919637355344,0.00199999999999999));
#5598=CARTESIAN_POINT('',(-0.0797351733636629,-0.0383781582873194,0.00200000000000002));
#5599=CARTESIAN_POINT('',(-0.0822406580976861,-0.0358771311928938,0.00200000000000002));
#5600=CARTESIAN_POINT('',(-0.0822544886176579,-0.0373529097602651,0.00199999999999999));
#5601=CARTESIAN_POINT('',(-0.0812109097602651,-0.038396488617658,0.00199999999999999));
#5602=CARTESIAN_POINT('',(-0.0797351311928939,-0.0383826580976863,0.00200000000000002));
#5603=CARTESIAN_POINT('',(-0.0822451579080531,-0.0358770890221248,0.00200000000000002));
#5604=CARTESIAN_POINT('',(-0.0822590134997816,-0.0373555428584788,0.00199999999999999));
#5605=CARTESIAN_POINT('',(-0.0812135428584788,-0.0384010134997817,0.00199999999999999));
#5606=CARTESIAN_POINT('',(-0.0797350890221248,-0.0383871579080533,0.00200000000000002));
#5607=CARTESIAN_POINT('',(-0.08224965771842,-0.0358770468513557,0.00200000000000002));
#5608=CARTESIAN_POINT('',(-0.0822635383819052,-0.0373581759566926,0.00199999999999999));
#5609=CARTESIAN_POINT('',(-0.0812161759566925,-0.0384055383819053,0.00199999999999999));
#5610=CARTESIAN_POINT('',(-0.0797350468513557,-0.0383916577184203,0.00200000000000002));
#5611=CARTESIAN_POINT('',(-0.082254157528787,-0.0358770046805867,0.00200000000000002));
#5612=CARTESIAN_POINT('',(-0.0822680632640288,-0.0373608090549063,0.00199999999999999));
#5613=CARTESIAN_POINT('',(-0.0812188090549063,-0.0384100632640289,0.00199999999999999));
#5614=CARTESIAN_POINT('',(-0.0797350046805867,-0.0383961575287873,0.00200000000000002));
#5615=CARTESIAN_POINT('',(-0.082258657339154,-0.0358769625098176,0.00200000000000002));
#5616=CARTESIAN_POINT('',(-0.0822725881461524,-0.0373634421531201,0.00199999999999999));
#5617=CARTESIAN_POINT('',(-0.08122144215312,-0.0384145881461525,0.00199999999999999));
#5618=CARTESIAN_POINT('',(-0.0797349625098176,-0.0384006573391543,0.00200000000000002));
#5619=CARTESIAN_POINT('',(-0.082633640872427,-0.0358734482852851,0.00200000000000002));
#5620=CARTESIAN_POINT('',(-0.0826496609887793,-0.0375828666157352,0.00199999999999999));
#5621=CARTESIAN_POINT('',(-0.0814408666157351,-0.0387916609887794,0.00199999999999999));
#5622=CARTESIAN_POINT('',(-0.0797314482852851,-0.0387756408724273,0.00200000000000002));
#5623=CARTESIAN_POINT('',(-0.0830086244057001,-0.0358699340607525,0.00200000000000003));
#5624=CARTESIAN_POINT('',(-0.0830267338314063,-0.0378022910783503,0.00199999999999999));
#5625=CARTESIAN_POINT('',(-0.0816602910783503,-0.0391687338314064,0.00199999999999999));
#5626=CARTESIAN_POINT('',(-0.0797279340607526,-0.0391506244057003,0.00200000000000003));
#5627=CARTESIAN_POINT('',(-0.0839252508203675,-0.0358613437341175,0.00175000000000004));
#5628=CARTESIAN_POINT('',(-0.0839484674467166,-0.0383386619869651,0.00174999999999999));
#5629=CARTESIAN_POINT('',(-0.082196661986965,-0.0400904674467167,0.00174999999999999));
#5630=CARTESIAN_POINT('',(-0.0797193437341175,-0.0400672508203678,0.00175000000000004));
#5631=CARTESIAN_POINT('',(-0.0845085585387922,-0.0358558771626225,0.0011666666666667));
#5632=CARTESIAN_POINT('',(-0.084535025201914,-0.0386799889288108,0.00116666666666665));
#5633=CARTESIAN_POINT('',(-0.0825379889288108,-0.0406770252019141,0.00116666666666665));
#5634=CARTESIAN_POINT('',(-0.0797138771626224,-0.0406505585387925,0.0011666666666667));
#5635=CARTESIAN_POINT('',(-0.0847585475609743,-0.0358535343462675,0.00025000000000004));
#5636=CARTESIAN_POINT('',(-0.0847864070969986,-0.0388262719038876,0.000249999999999981));
#5637=CARTESIAN_POINT('',(-0.0826842719038875,-0.0409284070969987,0.00024999999999998));
#5638=CARTESIAN_POINT('',(-0.0797115343462674,-0.0409005475609745,0.000250000000000037));
#5639=CARTESIAN_POINT('',(-0.0847585475609743,-0.0358535343462675,-0.000124999999999959));
#5640=CARTESIAN_POINT('',(-0.0847864070969986,-0.0388262719038876,-0.000125000000000018));
#5641=CARTESIAN_POINT('',(-0.0826842719038875,-0.0409284070969987,-0.000125000000000019));
#5642=CARTESIAN_POINT('',(-0.0797115343462674,-0.0409005475609745,-0.000124999999999961));
#5643=CARTESIAN_POINT('',(-0.0847585475609743,-0.0358535343462675,-0.000499999999999958));
#5644=CARTESIAN_POINT('',(-0.0847864070969986,-0.0388262719038876,-0.000500000000000017));
#5645=CARTESIAN_POINT('',(-0.0826842719038875,-0.0409284070969987,-0.000500000000000018));
#5646=CARTESIAN_POINT('',(-0.0797115343462674,-0.0409005475609745,-0.00049999999999996));
#5647=CARTESIAN_POINT('',(-0.0407586578947368,-0.0339006578947368,0.001));
#5648=CARTESIAN_POINT('',(-0.0407586578947368,-0.0339006578947368,0.001));
#5649=CARTESIAN_POINT('',(-0.0396586578947368,-0.0339006578947368,0.001));
#5650=CARTESIAN_POINT('',(-0.00675865789473683,-0.0119006578947368,0.001));
#5651=CARTESIAN_POINT('',(-0.0407586578947368,0.00332434210526314,0.001));
#5652=CARTESIAN_POINT('',(-0.0407586578947368,0.00332434210526314,0.001));
#5653=CARTESIAN_POINT('',(-0.0396586578947368,0.00332434210526314,0.001));
#5654=CARTESIAN_POINT('',(-0.00675865789473683,-0.0119006578947368,0.001));
#5655=CARTESIAN_POINT('',(0.0376663421052632,0.0100993421052632,0.001));
#5656=CARTESIAN_POINT('',(0.0376663421052632,0.0100993421052632,0.001));
#5657=CARTESIAN_POINT('',(0.0387663421052632,0.0100993421052632,0.001));
#5658=CARTESIAN_POINT('',(-0.00675865789473683,-0.0119006578947368,0.001));
#5659=CARTESIAN_POINT('',(0.0376663421052632,-0.0339006578947368,0.001));
#5660=CARTESIAN_POINT('',(0.0376663421052632,-0.0339006578947368,0.001));
#5661=CARTESIAN_POINT('',(0.0387663421052632,-0.0339006578947368,0.001));
#5662=CARTESIAN_POINT('',(-0.00675865789473683,-0.0119006578947368,0.001));
#5663=CARTESIAN_POINT('',(0.0267423421052632,-0.0119006578947368,-0.0015));
#5664=CARTESIAN_POINT('',(0.0206313421052631,-0.0119006578947368,-0.0015));
#5665=CARTESIAN_POINT('',(0.0155513421052631,-0.0119006578947368,-0.0015));
#5666=CARTESIAN_POINT('',(0.0104713421052631,-0.0119006578947368,-0.0015));
#5667=CARTESIAN_POINT('',(0.00430534210526316,-0.0119006578947368,-0.0015));
#5668=CARTESIAN_POINT('',(-0.000774657894736844,-0.0119006578947368,-0.0015));
#5669=CARTESIAN_POINT('',(-0.00202565789473685,-0.0119006578947368,-0.0015));
#5670=CARTESIAN_POINT('',(0.00305234210526314,0.0160493421052632,-0.0015));
#5671=CARTESIAN_POINT('',(0.00921834210526315,0.0160493421052632,-0.0015));
#5672=CARTESIAN_POINT('',(0.0142983421052631,0.0160493421052632,-0.0015));
#5673=CARTESIAN_POINT('',(0.0193783421052632,0.0160493421052632,-0.0015));
#5674=CARTESIAN_POINT('',(0.0254893421052632,0.0160493421052632,-0.0015));
#5675=CARTESIAN_POINT('',(0.0305693421052632,0.0160493421052632,-0.0015));
#5676=CARTESIAN_POINT('',(0.0318223421052631,0.0160493421052632,-0.0015));
#5677=MECHANICAL_DESIGN_GEOMETRIC_PRESENTATION_REPRESENTATION('',(#2390),
#5678);
#5678=(
GEOMETRIC_REPRESENTATION_CONTEXT(3)
GLOBAL_UNCERTAINTY_ASSIGNED_CONTEXT((#5679))
GLOBAL_UNIT_ASSIGNED_CONTEXT((#5682,#5681,#5680))
REPRESENTATION_CONTEXT('Top Case','TOP_LEVEL_ASSEMBLY_PART')
);
#5679=UNCERTAINTY_MEASURE_WITH_UNIT(LENGTH_MEASURE(2.00000000010536E-5),
#5682,'DISTANCE_ACCURACY_VALUE','Maximum Tolerance applied to model');
#5680=(
NAMED_UNIT(*)
SI_UNIT($,.STERADIAN.)
SOLID_ANGLE_UNIT()
);
#5681=(
NAMED_UNIT(*)
PLANE_ANGLE_UNIT()
SI_UNIT($,.RADIAN.)
);
#5682=(
LENGTH_UNIT()
NAMED_UNIT(*)
SI_UNIT($,.METRE.)
);
#5683=PRODUCT_DEFINITION_SHAPE('','',#5684);
#5684=PRODUCT_DEFINITION('','',#5686,#5685);
#5685=PRODUCT_DEFINITION_CONTEXT('',#5692,'design');
#5686=PRODUCT_DEFINITION_FORMATION_WITH_SPECIFIED_SOURCE('','',#5688,
 .NOT_KNOWN.);
#5687=PRODUCT_RELATED_PRODUCT_CATEGORY('','',(#5688));
#5688=PRODUCT('Top Case','Top Case','Top Case',(#5690));
#5689=PRODUCT_CATEGORY('','');
#5690=PRODUCT_CONTEXT('',#5692,'mechanical');
#5691=APPLICATION_PROTOCOL_DEFINITION('international standard',
'ap242_managed_model_based_3d_engineering',2020,#5692);
#5692=APPLICATION_CONTEXT('managed model based 3d engineering');
ENDSEC;
END-ISO-10303-21;
