ISO-10303-21;
HEADER;
/* Generated by software containing ST-Developer
 * from STEP Tools, Inc. (www.steptools.com) 
 */
/* OPTION: using custom renumber hook */

FILE_DESCRIPTION(
/* description */ ('STEP AP242 Edition 2',
'CAx-IF Rec.Pracs.---Representation and Presentation of Product Manufa
cturing Information (PMI)---4.0---2014-10-13',
'CAx-IF Rec.Pracs.---3D Tessellated Geometry---0.4---2014-09-14','2;1',
'CAx-IF Rec.Pracs.---User Defined Attributes---1.5---2016-08-15'),
/* implementation_level */ '2;1');

FILE_NAME(
/* name */ '6924ec8a0a7f30b30e92241b',
/* time_stamp */ '2025-11-24T23:38:51Z',
/* author */ (''),
/* organization */ (''),
/* preprocessor_version */ 'ST-DEVELOPER v20',
/* originating_system */ 'ONSHAPE BY PTC INC, 1.207',
/* authorisation */ '  ');

FILE_SCHEMA (('AP242_MANAGED_MODEL_BASED_3D_ENGINEERING_MIM_LF { 1 0 10303 442 3 1 4 }'));
ENDSEC;

DATA;
#10=SHAPE_REPRESENTATION_RELATIONSHIP('','',#1615,#11);
#11=ADVANCED_BREP_SHAPE_REPRESENTATION('',(#1613),#2953);
#12=VERTEX_LOOP('',#1258);
#13=VERTEX_LOOP('',#1260);
#14=VERTEX_LOOP('',#1262);
#15=VERTEX_LOOP('',#1264);
#16=CONICAL_SURFACE('',#1710,0.0014,1.02974425867665);
#17=CONICAL_SURFACE('',#1713,0.0014,1.02974425867665);
#18=CONICAL_SURFACE('',#1716,0.0014,1.02974425867665);
#19=CONICAL_SURFACE('',#1719,0.0014,1.02974425867665);
#20=CYLINDRICAL_SURFACE('',#1679,0.004);
#21=CYLINDRICAL_SURFACE('',#1680,0.004);
#22=CYLINDRICAL_SURFACE('',#1681,0.004);
#23=CYLINDRICAL_SURFACE('',#1682,0.004);
#24=CYLINDRICAL_SURFACE('',#1683,0.005);
#25=CYLINDRICAL_SURFACE('',#1689,0.005);
#26=CYLINDRICAL_SURFACE('',#1691,0.005);
#27=CYLINDRICAL_SURFACE('',#1693,0.005);
#28=CYLINDRICAL_SURFACE('',#1694,0.00225);
#29=CYLINDRICAL_SURFACE('',#1698,0.00225);
#30=CYLINDRICAL_SURFACE('',#1702,0.00225);
#31=CYLINDRICAL_SURFACE('',#1706,0.00225);
#32=CYLINDRICAL_SURFACE('',#1712,0.0014);
#33=CYLINDRICAL_SURFACE('',#1715,0.0014);
#34=CYLINDRICAL_SURFACE('',#1718,0.0014);
#35=CYLINDRICAL_SURFACE('',#1721,0.0014);
#36=CYLINDRICAL_SURFACE('',#1724,0.002);
#37=CYLINDRICAL_SURFACE('',#1725,0.002);
#38=CYLINDRICAL_SURFACE('',#1726,0.002);
#39=CYLINDRICAL_SURFACE('',#1727,0.002);
#40=CYLINDRICAL_SURFACE('',#1749,0.0015);
#41=CYLINDRICAL_SURFACE('',#1750,0.0015);
#42=CYLINDRICAL_SURFACE('',#1751,0.0015);
#43=CYLINDRICAL_SURFACE('',#1752,0.0015);
#44=CYLINDRICAL_SURFACE('',#1753,0.0015);
#45=CYLINDRICAL_SURFACE('',#1754,0.0015);
#46=CYLINDRICAL_SURFACE('',#1755,0.0015);
#47=CYLINDRICAL_SURFACE('',#1756,0.0015);
#48=CYLINDRICAL_SURFACE('',#1757,0.0015);
#49=CYLINDRICAL_SURFACE('',#1758,0.0015);
#50=CYLINDRICAL_SURFACE('',#1759,0.0015);
#51=CYLINDRICAL_SURFACE('',#1760,0.0015);
#52=CYLINDRICAL_SURFACE('',#1761,0.0015);
#53=CYLINDRICAL_SURFACE('',#1762,0.0015);
#54=CIRCLE('',#1618,0.0015);
#55=CIRCLE('',#1619,0.0015);
#56=CIRCLE('',#1620,0.0015);
#57=CIRCLE('',#1621,0.0015);
#58=CIRCLE('',#1622,0.0015);
#59=CIRCLE('',#1623,0.0015);
#60=CIRCLE('',#1624,0.0015);
#61=CIRCLE('',#1625,0.0015);
#62=CIRCLE('',#1626,0.0015);
#63=CIRCLE('',#1627,0.0015);
#64=CIRCLE('',#1628,0.0015);
#65=CIRCLE('',#1629,0.0015);
#66=CIRCLE('',#1630,0.0015);
#67=CIRCLE('',#1631,0.0015);
#68=CIRCLE('',#1634,0.004);
#69=CIRCLE('',#1635,0.004);
#70=CIRCLE('',#1636,0.004);
#71=CIRCLE('',#1637,0.004);
#72=CIRCLE('',#1638,0.005);
#73=CIRCLE('',#1639,0.005);
#74=CIRCLE('',#1640,0.005);
#75=CIRCLE('',#1641,0.005);
#76=CIRCLE('',#1648,0.002);
#77=CIRCLE('',#1649,0.002);
#78=CIRCLE('',#1650,0.002);
#79=CIRCLE('',#1651,0.002);
#80=CIRCLE('',#1653,0.004);
#81=CIRCLE('',#1654,0.004);
#82=CIRCLE('',#1655,0.004);
#83=CIRCLE('',#1656,0.004);
#84=CIRCLE('',#1657,0.00225);
#85=CIRCLE('',#1658,0.00225);
#86=CIRCLE('',#1659,0.00225);
#87=CIRCLE('',#1660,0.00225);
#88=CIRCLE('',#1663,0.0015);
#89=CIRCLE('',#1664,0.0015);
#90=CIRCLE('',#1665,0.0015);
#91=CIRCLE('',#1666,0.0015);
#92=CIRCLE('',#1667,0.0015);
#93=CIRCLE('',#1668,0.0015);
#94=CIRCLE('',#1669,0.0015);
#95=CIRCLE('',#1670,0.0015);
#96=CIRCLE('',#1671,0.0015);
#97=CIRCLE('',#1672,0.0015);
#98=CIRCLE('',#1673,0.0015);
#99=CIRCLE('',#1674,0.0015);
#100=CIRCLE('',#1675,0.0015);
#101=CIRCLE('',#1676,0.0015);
#102=CIRCLE('',#1685,0.002);
#103=CIRCLE('',#1686,0.002);
#104=CIRCLE('',#1687,0.002);
#105=CIRCLE('',#1688,0.002);
#106=CIRCLE('',#1695,0.00225);
#107=CIRCLE('',#1697,0.0014);
#108=CIRCLE('',#1699,0.00225);
#109=CIRCLE('',#1701,0.0014);
#110=CIRCLE('',#1703,0.00225);
#111=CIRCLE('',#1705,0.0014);
#112=CIRCLE('',#1707,0.00225);
#113=CIRCLE('',#1709,0.0014);
#114=CIRCLE('',#1711,0.0014);
#115=CIRCLE('',#1714,0.0014);
#116=CIRCLE('',#1717,0.0014);
#117=CIRCLE('',#1720,0.0014);
#118=LINE('',#2531,#254);
#119=LINE('',#2533,#255);
#120=LINE('',#2535,#256);
#121=LINE('',#2537,#257);
#122=LINE('',#2541,#258);
#123=LINE('',#2545,#259);
#124=LINE('',#2547,#260);
#125=LINE('',#2549,#261);
#126=LINE('',#2553,#262);
#127=LINE('',#2557,#263);
#128=LINE('',#2559,#264);
#129=LINE('',#2561,#265);
#130=LINE('',#2565,#266);
#131=LINE('',#2569,#267);
#132=LINE('',#2571,#268);
#133=LINE('',#2573,#269);
#134=LINE('',#2577,#270);
#135=LINE('',#2581,#271);
#136=LINE('',#2583,#272);
#137=LINE('',#2585,#273);
#138=LINE('',#2589,#274);
#139=LINE('',#2593,#275);
#140=LINE('',#2595,#276);
#141=LINE('',#2597,#277);
#142=LINE('',#2601,#278);
#143=LINE('',#2605,#279);
#144=LINE('',#2607,#280);
#145=LINE('',#2609,#281);
#146=LINE('',#2613,#282);
#147=LINE('',#2617,#283);
#148=LINE('',#2619,#284);
#149=LINE('',#2621,#285);
#150=LINE('',#2624,#286);
#151=LINE('',#2625,#287);
#152=LINE('',#2627,#288);
#153=LINE('',#2629,#289);
#154=LINE('',#2633,#290);
#155=LINE('',#2637,#291);
#156=LINE('',#2641,#292);
#157=LINE('',#2645,#293);
#158=LINE('',#2647,#294);
#159=LINE('',#2650,#295);
#160=LINE('',#2654,#296);
#161=LINE('',#2658,#297);
#162=LINE('',#2662,#298);
#163=LINE('',#2665,#299);
#164=LINE('',#2666,#300);
#165=LINE('',#2668,#301);
#166=LINE('',#2671,#302);
#167=LINE('',#2672,#303);
#168=LINE('',#2674,#304);
#169=LINE('',#2677,#305);
#170=LINE('',#2678,#306);
#171=LINE('',#2680,#307);
#172=LINE('',#2683,#308);
#173=LINE('',#2684,#309);
#174=LINE('',#2686,#310);
#175=LINE('',#2689,#311);
#176=LINE('',#2690,#312);
#177=LINE('',#2697,#313);
#178=LINE('',#2703,#314);
#179=LINE('',#2704,#315);
#180=LINE('',#2706,#316);
#181=LINE('',#2708,#317);
#182=LINE('',#2710,#318);
#183=LINE('',#2716,#319);
#184=LINE('',#2720,#320);
#185=LINE('',#2733,#321);
#186=LINE('',#2737,#322);
#187=LINE('',#2741,#323);
#188=LINE('',#2742,#324);
#189=LINE('',#2746,#325);
#190=LINE('',#2750,#326);
#191=LINE('',#2751,#327);
#192=LINE('',#2755,#328);
#193=LINE('',#2759,#329);
#194=LINE('',#2760,#330);
#195=LINE('',#2764,#331);
#196=LINE('',#2768,#332);
#197=LINE('',#2769,#333);
#198=LINE('',#2773,#334);
#199=LINE('',#2777,#335);
#200=LINE('',#2778,#336);
#201=LINE('',#2782,#337);
#202=LINE('',#2786,#338);
#203=LINE('',#2787,#339);
#204=LINE('',#2791,#340);
#205=LINE('',#2795,#341);
#206=LINE('',#2796,#342);
#207=LINE('',#2797,#343);
#208=LINE('',#2799,#344);
#209=LINE('',#2800,#345);
#210=LINE('',#2802,#346);
#211=LINE('',#2803,#347);
#212=LINE('',#2809,#348);
#213=LINE('',#2811,#349);
#214=LINE('',#2818,#350);
#215=LINE('',#2823,#351);
#216=LINE('',#2825,#352);
#217=LINE('',#2827,#353);
#218=LINE('',#2829,#354);
#219=LINE('',#2831,#355);
#220=LINE('',#2878,#356);
#221=LINE('',#2879,#357);
#222=LINE('',#2881,#358);
#223=LINE('',#2882,#359);
#224=LINE('',#2884,#360);
#225=LINE('',#2887,#361);
#226=LINE('',#2890,#362);
#227=LINE('',#2892,#363);
#228=LINE('',#2894,#364);
#229=LINE('',#2895,#365);
#230=LINE('',#2897,#366);
#231=LINE('',#2899,#367);
#232=LINE('',#2901,#368);
#233=LINE('',#2902,#369);
#234=LINE('',#2904,#370);
#235=LINE('',#2906,#371);
#236=LINE('',#2908,#372);
#237=LINE('',#2909,#373);
#238=LINE('',#2911,#374);
#239=LINE('',#2913,#375);
#240=LINE('',#2915,#376);
#241=LINE('',#2916,#377);
#242=LINE('',#2918,#378);
#243=LINE('',#2920,#379);
#244=LINE('',#2922,#380);
#245=LINE('',#2923,#381);
#246=LINE('',#2925,#382);
#247=LINE('',#2927,#383);
#248=LINE('',#2929,#384);
#249=LINE('',#2930,#385);
#250=LINE('',#2932,#386);
#251=LINE('',#2934,#387);
#252=LINE('',#2936,#388);
#253=LINE('',#2937,#389);
#254=VECTOR('',#1767,1.);
#255=VECTOR('',#1768,1.);
#256=VECTOR('',#1769,1.);
#257=VECTOR('',#1770,1.);
#258=VECTOR('',#1773,1.);
#259=VECTOR('',#1776,1.);
#260=VECTOR('',#1777,1.);
#261=VECTOR('',#1778,1.);
#262=VECTOR('',#1781,1.);
#263=VECTOR('',#1784,1.);
#264=VECTOR('',#1785,1.);
#265=VECTOR('',#1786,1.);
#266=VECTOR('',#1789,1.);
#267=VECTOR('',#1792,1.);
#268=VECTOR('',#1793,1.);
#269=VECTOR('',#1794,1.);
#270=VECTOR('',#1797,1.);
#271=VECTOR('',#1800,1.);
#272=VECTOR('',#1801,1.);
#273=VECTOR('',#1802,1.);
#274=VECTOR('',#1805,1.);
#275=VECTOR('',#1808,1.);
#276=VECTOR('',#1809,1.);
#277=VECTOR('',#1810,1.);
#278=VECTOR('',#1813,1.);
#279=VECTOR('',#1816,1.);
#280=VECTOR('',#1817,1.);
#281=VECTOR('',#1818,1.);
#282=VECTOR('',#1821,1.);
#283=VECTOR('',#1824,1.);
#284=VECTOR('',#1825,1.);
#285=VECTOR('',#1828,1.);
#286=VECTOR('',#1829,1.);
#287=VECTOR('',#1830,1.);
#288=VECTOR('',#1833,1.);
#289=VECTOR('',#1834,1.);
#290=VECTOR('',#1837,1.);
#291=VECTOR('',#1840,1.);
#292=VECTOR('',#1843,1.);
#293=VECTOR('',#1846,1.);
#294=VECTOR('',#1847,1.);
#295=VECTOR('',#1850,1.);
#296=VECTOR('',#1853,1.);
#297=VECTOR('',#1856,1.);
#298=VECTOR('',#1861,1.);
#299=VECTOR('',#1862,1.);
#300=VECTOR('',#1863,1.);
#301=VECTOR('',#1866,1.);
#302=VECTOR('',#1867,1.);
#303=VECTOR('',#1868,1.);
#304=VECTOR('',#1871,1.);
#305=VECTOR('',#1872,1.);
#306=VECTOR('',#1873,1.);
#307=VECTOR('',#1876,1.);
#308=VECTOR('',#1877,1.);
#309=VECTOR('',#1878,1.);
#310=VECTOR('',#1881,1.);
#311=VECTOR('',#1882,1.);
#312=VECTOR('',#1883,1.);
#313=VECTOR('',#1890,1.);
#314=VECTOR('',#1895,1.);
#315=VECTOR('',#1896,1.);
#316=VECTOR('',#1897,1.);
#317=VECTOR('',#1898,1.);
#318=VECTOR('',#1901,1.);
#319=VECTOR('',#1906,1.);
#320=VECTOR('',#1909,1.);
#321=VECTOR('',#1924,1.);
#322=VECTOR('',#1927,1.);
#323=VECTOR('',#1930,1.);
#324=VECTOR('',#1931,1.);
#325=VECTOR('',#1934,1.);
#326=VECTOR('',#1937,1.);
#327=VECTOR('',#1938,1.);
#328=VECTOR('',#1941,1.);
#329=VECTOR('',#1944,1.);
#330=VECTOR('',#1945,1.);
#331=VECTOR('',#1948,1.);
#332=VECTOR('',#1951,1.);
#333=VECTOR('',#1952,1.);
#334=VECTOR('',#1955,1.);
#335=VECTOR('',#1958,1.);
#336=VECTOR('',#1959,1.);
#337=VECTOR('',#1962,1.);
#338=VECTOR('',#1965,1.);
#339=VECTOR('',#1966,1.);
#340=VECTOR('',#1969,1.);
#341=VECTOR('',#1972,1.);
#342=VECTOR('',#1973,1.);
#343=VECTOR('',#1974,1.);
#344=VECTOR('',#1977,1.);
#345=VECTOR('',#1978,1.);
#346=VECTOR('',#1981,1.);
#347=VECTOR('',#1982,1.);
#348=VECTOR('',#1993,1.);
#349=VECTOR('',#1996,1.);
#350=VECTOR('',#2001,1.);
#351=VECTOR('',#2006,1.);
#352=VECTOR('',#2009,1.);
#353=VECTOR('',#2012,1.);
#354=VECTOR('',#2015,1.);
#355=VECTOR('',#2018,1.);
#356=VECTOR('',#2079,1.);
#357=VECTOR('',#2080,1.);
#358=VECTOR('',#2083,1.);
#359=VECTOR('',#2084,1.);
#360=VECTOR('',#2087,1.);
#361=VECTOR('',#2092,1.);
#362=VECTOR('',#2097,1.);
#363=VECTOR('',#2100,1.);
#364=VECTOR('',#2103,1.);
#365=VECTOR('',#2104,1.);
#366=VECTOR('',#2107,1.);
#367=VECTOR('',#2110,1.);
#368=VECTOR('',#2113,1.);
#369=VECTOR('',#2114,1.);
#370=VECTOR('',#2117,1.);
#371=VECTOR('',#2120,1.);
#372=VECTOR('',#2123,1.);
#373=VECTOR('',#2124,1.);
#374=VECTOR('',#2127,1.);
#375=VECTOR('',#2130,1.);
#376=VECTOR('',#2133,1.);
#377=VECTOR('',#2134,1.);
#378=VECTOR('',#2137,1.);
#379=VECTOR('',#2140,1.);
#380=VECTOR('',#2143,1.);
#381=VECTOR('',#2144,1.);
#382=VECTOR('',#2147,1.);
#383=VECTOR('',#2150,1.);
#384=VECTOR('',#2153,1.);
#385=VECTOR('',#2154,1.);
#386=VECTOR('',#2157,1.);
#387=VECTOR('',#2160,1.);
#388=VECTOR('',#2163,1.);
#389=VECTOR('',#2164,1.);
#390=PLANE('',#1617);
#391=PLANE('',#1632);
#392=PLANE('',#1633);
#393=PLANE('',#1642);
#394=PLANE('',#1643);
#395=PLANE('',#1644);
#396=PLANE('',#1645);
#397=PLANE('',#1646);
#398=PLANE('',#1647);
#399=PLANE('',#1652);
#400=PLANE('',#1661);
#401=PLANE('',#1662);
#402=PLANE('',#1677);
#403=PLANE('',#1678);
#404=PLANE('',#1684);
#405=PLANE('',#1690);
#406=PLANE('',#1692);
#407=PLANE('',#1696);
#408=PLANE('',#1700);
#409=PLANE('',#1704);
#410=PLANE('',#1708);
#411=PLANE('',#1722);
#412=PLANE('',#1723);
#413=PLANE('',#1728);
#414=PLANE('',#1729);
#415=PLANE('',#1730);
#416=PLANE('',#1731);
#417=PLANE('',#1732);
#418=PLANE('',#1733);
#419=PLANE('',#1734);
#420=PLANE('',#1735);
#421=PLANE('',#1736);
#422=PLANE('',#1737);
#423=PLANE('',#1738);
#424=PLANE('',#1739);
#425=PLANE('',#1740);
#426=PLANE('',#1741);
#427=PLANE('',#1742);
#428=PLANE('',#1743);
#429=PLANE('',#1744);
#430=PLANE('',#1745);
#431=PLANE('',#1746);
#432=PLANE('',#1747);
#433=PLANE('',#1748);
#434=(
BOUNDED_SURFACE()
B_SPLINE_SURFACE(5,3,((#2236,#2237,#2238,#2239),(#2240,#2241,#2242,#2243),
(#2244,#2245,#2246,#2247),(#2248,#2249,#2250,#2251),(#2252,#2253,#2254,
#2255),(#2256,#2257,#2258,#2259),(#2260,#2261,#2262,#2263),(#2264,#2265,
#2266,#2267)),.SURF_OF_REVOLUTION.,.F.,.F.,.F.)
B_SPLINE_SURFACE_WITH_KNOTS((6,2,6),(4,4),(0.,0.5,1.),(0.,1.),
 .UNSPECIFIED.)
GEOMETRIC_REPRESENTATION_ITEM()
RATIONAL_B_SPLINE_SURFACE(((1.,0.800297995232436,0.800297995232436,1.),
(1.,0.800297995232436,0.800297995232436,1.),(1.,0.800297995232436,0.800297995232436,
1.),(1.,0.800297995232436,0.800297995232436,1.),(1.,0.800297995232436,0.800297995232436,
1.),(1.,0.800297995232436,0.800297995232436,1.),(1.,0.800297995232436,0.800297995232436,
1.),(1.,0.800297995232436,0.800297995232436,1.)))
REPRESENTATION_ITEM('')
SURFACE()
);
#435=(
BOUNDED_SURFACE()
B_SPLINE_SURFACE(5,3,((#2320,#2321,#2322,#2323),(#2324,#2325,#2326,#2327),
(#2328,#2329,#2330,#2331),(#2332,#2333,#2334,#2335),(#2336,#2337,#2338,
#2339),(#2340,#2341,#2342,#2343),(#2344,#2345,#2346,#2347),(#2348,#2349,
#2350,#2351)),.SURF_OF_REVOLUTION.,.F.,.F.,.F.)
B_SPLINE_SURFACE_WITH_KNOTS((6,2,6),(4,4),(0.,0.5,1.),(0.,1.),
 .UNSPECIFIED.)
GEOMETRIC_REPRESENTATION_ITEM()
RATIONAL_B_SPLINE_SURFACE(((1.,0.800297995232476,0.800297995232476,1.),
(1.,0.800297995232476,0.800297995232476,1.),(1.,0.800297995232476,0.800297995232476,
1.),(1.,0.800297995232476,0.800297995232476,1.),(1.,0.800297995232476,0.800297995232476,
1.),(1.,0.800297995232476,0.800297995232476,1.),(1.,0.800297995232476,0.800297995232476,
1.),(1.,0.800297995232476,0.800297995232476,1.)))
REPRESENTATION_ITEM('')
SURFACE()
);
#436=(
BOUNDED_SURFACE()
B_SPLINE_SURFACE(5,3,((#2404,#2405,#2406,#2407),(#2408,#2409,#2410,#2411),
(#2412,#2413,#2414,#2415),(#2416,#2417,#2418,#2419),(#2420,#2421,#2422,
#2423),(#2424,#2425,#2426,#2427),(#2428,#2429,#2430,#2431),(#2432,#2433,
#2434,#2435)),.SURF_OF_REVOLUTION.,.F.,.F.,.F.)
B_SPLINE_SURFACE_WITH_KNOTS((6,2,6),(4,4),(0.,0.5,1.),(0.,1.),
 .UNSPECIFIED.)
GEOMETRIC_REPRESENTATION_ITEM()
RATIONAL_B_SPLINE_SURFACE(((1.,0.80029799523265,0.80029799523265,1.),(1.,
0.80029799523265,0.80029799523265,1.),(1.,0.80029799523265,0.80029799523265,
1.),(1.,0.80029799523265,0.80029799523265,1.),(1.,0.80029799523265,0.80029799523265,
1.),(1.,0.80029799523265,0.80029799523265,1.),(1.,0.80029799523265,0.80029799523265,
1.),(1.,0.80029799523265,0.80029799523265,1.)))
REPRESENTATION_ITEM('')
SURFACE()
);
#437=(
BOUNDED_SURFACE()
B_SPLINE_SURFACE(5,3,((#2488,#2489,#2490,#2491),(#2492,#2493,#2494,#2495),
(#2496,#2497,#2498,#2499),(#2500,#2501,#2502,#2503),(#2504,#2505,#2506,
#2507),(#2508,#2509,#2510,#2511),(#2512,#2513,#2514,#2515),(#2516,#2517,
#2518,#2519)),.SURF_OF_REVOLUTION.,.F.,.F.,.F.)
B_SPLINE_SURFACE_WITH_KNOTS((6,2,6),(4,4),(0.,0.5,1.),(0.,1.),
 .UNSPECIFIED.)
GEOMETRIC_REPRESENTATION_ITEM()
RATIONAL_B_SPLINE_SURFACE(((1.,0.800297995232514,0.800297995232514,1.),
(1.,0.800297995232514,0.800297995232514,1.),(1.,0.800297995232514,0.800297995232514,
1.),(1.,0.800297995232514,0.800297995232514,1.),(1.,0.800297995232514,0.800297995232514,
1.),(1.,0.800297995232514,0.800297995232514,1.),(1.,0.800297995232514,0.800297995232514,
1.),(1.,0.800297995232514,0.800297995232514,1.)))
REPRESENTATION_ITEM('')
SURFACE()
);
#438=ORIENTED_EDGE('',*,*,#886,.F.);
#439=ORIENTED_EDGE('',*,*,#887,.F.);
#440=ORIENTED_EDGE('',*,*,#888,.T.);
#441=ORIENTED_EDGE('',*,*,#889,.F.);
#442=ORIENTED_EDGE('',*,*,#888,.F.);
#443=ORIENTED_EDGE('',*,*,#890,.F.);
#444=ORIENTED_EDGE('',*,*,#891,.T.);
#445=ORIENTED_EDGE('',*,*,#892,.F.);
#446=ORIENTED_EDGE('',*,*,#891,.F.);
#447=ORIENTED_EDGE('',*,*,#893,.F.);
#448=ORIENTED_EDGE('',*,*,#894,.T.);
#449=ORIENTED_EDGE('',*,*,#895,.F.);
#450=ORIENTED_EDGE('',*,*,#894,.F.);
#451=ORIENTED_EDGE('',*,*,#896,.F.);
#452=ORIENTED_EDGE('',*,*,#897,.T.);
#453=ORIENTED_EDGE('',*,*,#898,.F.);
#454=ORIENTED_EDGE('',*,*,#897,.F.);
#455=ORIENTED_EDGE('',*,*,#899,.F.);
#456=ORIENTED_EDGE('',*,*,#900,.T.);
#457=ORIENTED_EDGE('',*,*,#901,.F.);
#458=ORIENTED_EDGE('',*,*,#900,.F.);
#459=ORIENTED_EDGE('',*,*,#902,.F.);
#460=ORIENTED_EDGE('',*,*,#903,.T.);
#461=ORIENTED_EDGE('',*,*,#904,.F.);
#462=ORIENTED_EDGE('',*,*,#903,.F.);
#463=ORIENTED_EDGE('',*,*,#905,.F.);
#464=ORIENTED_EDGE('',*,*,#906,.T.);
#465=ORIENTED_EDGE('',*,*,#907,.F.);
#466=ORIENTED_EDGE('',*,*,#908,.F.);
#467=ORIENTED_EDGE('',*,*,#886,.T.);
#468=ORIENTED_EDGE('',*,*,#909,.F.);
#469=ORIENTED_EDGE('',*,*,#906,.F.);
#470=ORIENTED_EDGE('',*,*,#910,.T.);
#471=ORIENTED_EDGE('',*,*,#889,.T.);
#472=ORIENTED_EDGE('',*,*,#911,.F.);
#473=ORIENTED_EDGE('',*,*,#912,.T.);
#474=ORIENTED_EDGE('',*,*,#913,.T.);
#475=ORIENTED_EDGE('',*,*,#914,.T.);
#476=ORIENTED_EDGE('',*,*,#915,.T.);
#477=ORIENTED_EDGE('',*,*,#916,.T.);
#478=ORIENTED_EDGE('',*,*,#917,.F.);
#479=ORIENTED_EDGE('',*,*,#918,.T.);
#480=ORIENTED_EDGE('',*,*,#919,.T.);
#481=ORIENTED_EDGE('',*,*,#920,.T.);
#482=ORIENTED_EDGE('',*,*,#921,.T.);
#483=ORIENTED_EDGE('',*,*,#922,.T.);
#484=ORIENTED_EDGE('',*,*,#923,.F.);
#485=ORIENTED_EDGE('',*,*,#924,.T.);
#486=ORIENTED_EDGE('',*,*,#925,.T.);
#487=ORIENTED_EDGE('',*,*,#926,.T.);
#488=ORIENTED_EDGE('',*,*,#927,.T.);
#489=ORIENTED_EDGE('',*,*,#928,.T.);
#490=ORIENTED_EDGE('',*,*,#929,.F.);
#491=ORIENTED_EDGE('',*,*,#930,.T.);
#492=ORIENTED_EDGE('',*,*,#931,.T.);
#493=ORIENTED_EDGE('',*,*,#932,.T.);
#494=ORIENTED_EDGE('',*,*,#933,.T.);
#495=ORIENTED_EDGE('',*,*,#934,.T.);
#496=ORIENTED_EDGE('',*,*,#935,.F.);
#497=ORIENTED_EDGE('',*,*,#936,.T.);
#498=ORIENTED_EDGE('',*,*,#937,.T.);
#499=ORIENTED_EDGE('',*,*,#938,.T.);
#500=ORIENTED_EDGE('',*,*,#939,.T.);
#501=ORIENTED_EDGE('',*,*,#940,.T.);
#502=ORIENTED_EDGE('',*,*,#941,.F.);
#503=ORIENTED_EDGE('',*,*,#942,.T.);
#504=ORIENTED_EDGE('',*,*,#943,.T.);
#505=ORIENTED_EDGE('',*,*,#944,.T.);
#506=ORIENTED_EDGE('',*,*,#945,.T.);
#507=ORIENTED_EDGE('',*,*,#946,.T.);
#508=ORIENTED_EDGE('',*,*,#947,.F.);
#509=ORIENTED_EDGE('',*,*,#948,.T.);
#510=ORIENTED_EDGE('',*,*,#949,.T.);
#511=ORIENTED_EDGE('',*,*,#950,.T.);
#512=ORIENTED_EDGE('',*,*,#951,.T.);
#513=ORIENTED_EDGE('',*,*,#952,.T.);
#514=ORIENTED_EDGE('',*,*,#953,.F.);
#515=ORIENTED_EDGE('',*,*,#954,.T.);
#516=ORIENTED_EDGE('',*,*,#955,.T.);
#517=ORIENTED_EDGE('',*,*,#956,.T.);
#518=ORIENTED_EDGE('',*,*,#948,.F.);
#519=ORIENTED_EDGE('',*,*,#957,.F.);
#520=ORIENTED_EDGE('',*,*,#954,.F.);
#521=ORIENTED_EDGE('',*,*,#958,.T.);
#522=ORIENTED_EDGE('',*,*,#959,.T.);
#523=ORIENTED_EDGE('',*,*,#960,.F.);
#524=ORIENTED_EDGE('',*,*,#961,.T.);
#525=ORIENTED_EDGE('',*,*,#962,.F.);
#526=ORIENTED_EDGE('',*,*,#963,.F.);
#527=ORIENTED_EDGE('',*,*,#964,.F.);
#528=ORIENTED_EDGE('',*,*,#965,.F.);
#529=ORIENTED_EDGE('',*,*,#966,.F.);
#530=ORIENTED_EDGE('',*,*,#967,.T.);
#531=ORIENTED_EDGE('',*,*,#968,.F.);
#532=ORIENTED_EDGE('',*,*,#912,.F.);
#533=ORIENTED_EDGE('',*,*,#969,.T.);
#534=ORIENTED_EDGE('',*,*,#970,.T.);
#535=ORIENTED_EDGE('',*,*,#971,.T.);
#536=ORIENTED_EDGE('',*,*,#972,.T.);
#537=ORIENTED_EDGE('',*,*,#973,.T.);
#538=ORIENTED_EDGE('',*,*,#974,.F.);
#539=ORIENTED_EDGE('',*,*,#975,.T.);
#540=ORIENTED_EDGE('',*,*,#976,.T.);
#541=ORIENTED_EDGE('',*,*,#977,.T.);
#542=ORIENTED_EDGE('',*,*,#942,.F.);
#543=ORIENTED_EDGE('',*,*,#978,.F.);
#544=ORIENTED_EDGE('',*,*,#979,.T.);
#545=ORIENTED_EDGE('',*,*,#980,.T.);
#546=ORIENTED_EDGE('',*,*,#936,.F.);
#547=ORIENTED_EDGE('',*,*,#981,.F.);
#548=ORIENTED_EDGE('',*,*,#982,.T.);
#549=ORIENTED_EDGE('',*,*,#983,.T.);
#550=ORIENTED_EDGE('',*,*,#930,.F.);
#551=ORIENTED_EDGE('',*,*,#984,.F.);
#552=ORIENTED_EDGE('',*,*,#985,.T.);
#553=ORIENTED_EDGE('',*,*,#986,.T.);
#554=ORIENTED_EDGE('',*,*,#924,.F.);
#555=ORIENTED_EDGE('',*,*,#987,.F.);
#556=ORIENTED_EDGE('',*,*,#988,.T.);
#557=ORIENTED_EDGE('',*,*,#989,.T.);
#558=ORIENTED_EDGE('',*,*,#918,.F.);
#559=ORIENTED_EDGE('',*,*,#990,.F.);
#560=ORIENTED_EDGE('',*,*,#991,.T.);
#561=ORIENTED_EDGE('',*,*,#992,.T.);
#562=ORIENTED_EDGE('',*,*,#993,.T.);
#563=ORIENTED_EDGE('',*,*,#994,.T.);
#564=ORIENTED_EDGE('',*,*,#995,.T.);
#565=ORIENTED_EDGE('',*,*,#996,.F.);
#566=ORIENTED_EDGE('',*,*,#965,.T.);
#567=ORIENTED_EDGE('',*,*,#997,.T.);
#568=ORIENTED_EDGE('',*,*,#998,.F.);
#569=ORIENTED_EDGE('',*,*,#999,.F.);
#570=ORIENTED_EDGE('',*,*,#1000,.F.);
#571=ORIENTED_EDGE('',*,*,#1001,.T.);
#572=ORIENTED_EDGE('',*,*,#998,.T.);
#573=ORIENTED_EDGE('',*,*,#1002,.T.);
#574=ORIENTED_EDGE('',*,*,#1003,.T.);
#575=ORIENTED_EDGE('',*,*,#1004,.T.);
#576=ORIENTED_EDGE('',*,*,#1005,.F.);
#577=ORIENTED_EDGE('',*,*,#1006,.T.);
#578=ORIENTED_EDGE('',*,*,#1007,.F.);
#579=ORIENTED_EDGE('',*,*,#1008,.F.);
#580=ORIENTED_EDGE('',*,*,#1009,.F.);
#581=ORIENTED_EDGE('',*,*,#1010,.F.);
#582=ORIENTED_EDGE('',*,*,#887,.T.);
#583=ORIENTED_EDGE('',*,*,#908,.T.);
#584=ORIENTED_EDGE('',*,*,#905,.T.);
#585=ORIENTED_EDGE('',*,*,#902,.T.);
#586=ORIENTED_EDGE('',*,*,#899,.T.);
#587=ORIENTED_EDGE('',*,*,#896,.T.);
#588=ORIENTED_EDGE('',*,*,#893,.T.);
#589=ORIENTED_EDGE('',*,*,#890,.T.);
#590=ORIENTED_EDGE('',*,*,#959,.F.);
#591=ORIENTED_EDGE('',*,*,#1011,.T.);
#592=ORIENTED_EDGE('',*,*,#1012,.T.);
#593=ORIENTED_EDGE('',*,*,#1013,.F.);
#594=ORIENTED_EDGE('',*,*,#1014,.T.);
#595=ORIENTED_EDGE('',*,*,#1015,.F.);
#596=ORIENTED_EDGE('',*,*,#955,.F.);
#597=ORIENTED_EDGE('',*,*,#1016,.T.);
#598=ORIENTED_EDGE('',*,*,#1017,.T.);
#599=ORIENTED_EDGE('',*,*,#1018,.F.);
#600=ORIENTED_EDGE('',*,*,#1019,.T.);
#601=ORIENTED_EDGE('',*,*,#1020,.F.);
#602=ORIENTED_EDGE('',*,*,#976,.F.);
#603=ORIENTED_EDGE('',*,*,#1021,.T.);
#604=ORIENTED_EDGE('',*,*,#1022,.T.);
#605=ORIENTED_EDGE('',*,*,#1023,.F.);
#606=ORIENTED_EDGE('',*,*,#1024,.T.);
#607=ORIENTED_EDGE('',*,*,#1025,.F.);
#608=ORIENTED_EDGE('',*,*,#979,.F.);
#609=ORIENTED_EDGE('',*,*,#1026,.T.);
#610=ORIENTED_EDGE('',*,*,#1027,.T.);
#611=ORIENTED_EDGE('',*,*,#1028,.F.);
#612=ORIENTED_EDGE('',*,*,#1029,.T.);
#613=ORIENTED_EDGE('',*,*,#1030,.F.);
#614=ORIENTED_EDGE('',*,*,#982,.F.);
#615=ORIENTED_EDGE('',*,*,#1031,.T.);
#616=ORIENTED_EDGE('',*,*,#1032,.T.);
#617=ORIENTED_EDGE('',*,*,#1033,.F.);
#618=ORIENTED_EDGE('',*,*,#1034,.T.);
#619=ORIENTED_EDGE('',*,*,#1035,.F.);
#620=ORIENTED_EDGE('',*,*,#985,.F.);
#621=ORIENTED_EDGE('',*,*,#1036,.T.);
#622=ORIENTED_EDGE('',*,*,#1037,.T.);
#623=ORIENTED_EDGE('',*,*,#1038,.F.);
#624=ORIENTED_EDGE('',*,*,#1039,.T.);
#625=ORIENTED_EDGE('',*,*,#1040,.F.);
#626=ORIENTED_EDGE('',*,*,#988,.F.);
#627=ORIENTED_EDGE('',*,*,#1041,.T.);
#628=ORIENTED_EDGE('',*,*,#1042,.T.);
#629=ORIENTED_EDGE('',*,*,#1043,.F.);
#630=ORIENTED_EDGE('',*,*,#1044,.T.);
#631=ORIENTED_EDGE('',*,*,#1045,.F.);
#632=ORIENTED_EDGE('',*,*,#967,.F.);
#633=ORIENTED_EDGE('',*,*,#1046,.T.);
#634=ORIENTED_EDGE('',*,*,#1000,.T.);
#635=ORIENTED_EDGE('',*,*,#1047,.F.);
#636=ORIENTED_EDGE('',*,*,#1003,.F.);
#637=ORIENTED_EDGE('',*,*,#1048,.F.);
#638=ORIENTED_EDGE('',*,*,#963,.T.);
#639=ORIENTED_EDGE('',*,*,#1049,.T.);
#640=ORIENTED_EDGE('',*,*,#1050,.T.);
#641=ORIENTED_EDGE('',*,*,#1005,.T.);
#642=ORIENTED_EDGE('',*,*,#1051,.F.);
#643=ORIENTED_EDGE('',*,*,#961,.F.);
#644=ORIENTED_EDGE('',*,*,#1001,.F.);
#645=ORIENTED_EDGE('',*,*,#1046,.F.);
#646=ORIENTED_EDGE('',*,*,#966,.T.);
#647=ORIENTED_EDGE('',*,*,#999,.T.);
#648=ORIENTED_EDGE('',*,*,#1006,.F.);
#649=ORIENTED_EDGE('',*,*,#1050,.F.);
#650=ORIENTED_EDGE('',*,*,#960,.T.);
#651=ORIENTED_EDGE('',*,*,#1047,.T.);
#652=ORIENTED_EDGE('',*,*,#1004,.F.);
#653=ORIENTED_EDGE('',*,*,#1049,.F.);
#654=ORIENTED_EDGE('',*,*,#962,.T.);
#655=ORIENTED_EDGE('',*,*,#1051,.T.);
#656=ORIENTED_EDGE('',*,*,#1002,.F.);
#657=ORIENTED_EDGE('',*,*,#997,.F.);
#658=ORIENTED_EDGE('',*,*,#964,.T.);
#659=ORIENTED_EDGE('',*,*,#1048,.T.);
#660=ORIENTED_EDGE('',*,*,#911,.T.);
#661=ORIENTED_EDGE('',*,*,#892,.T.);
#662=ORIENTED_EDGE('',*,*,#1052,.F.);
#663=ORIENTED_EDGE('',*,*,#969,.F.);
#664=ORIENTED_EDGE('',*,*,#1053,.F.);
#665=ORIENTED_EDGE('',*,*,#1054,.T.);
#666=ORIENTED_EDGE('',*,*,#1055,.T.);
#667=ORIENTED_EDGE('',*,*,#1056,.T.);
#668=ORIENTED_EDGE('',*,*,#1057,.T.);
#669=ORIENTED_EDGE('',*,*,#1058,.T.);
#670=ORIENTED_EDGE('',*,*,#1052,.T.);
#671=ORIENTED_EDGE('',*,*,#895,.T.);
#672=ORIENTED_EDGE('',*,*,#1059,.F.);
#673=ORIENTED_EDGE('',*,*,#970,.F.);
#674=ORIENTED_EDGE('',*,*,#1059,.T.);
#675=ORIENTED_EDGE('',*,*,#898,.T.);
#676=ORIENTED_EDGE('',*,*,#1060,.F.);
#677=ORIENTED_EDGE('',*,*,#971,.F.);
#678=ORIENTED_EDGE('',*,*,#1060,.T.);
#679=ORIENTED_EDGE('',*,*,#901,.T.);
#680=ORIENTED_EDGE('',*,*,#1061,.F.);
#681=ORIENTED_EDGE('',*,*,#972,.F.);
#682=ORIENTED_EDGE('',*,*,#1061,.T.);
#683=ORIENTED_EDGE('',*,*,#904,.T.);
#684=ORIENTED_EDGE('',*,*,#1062,.F.);
#685=ORIENTED_EDGE('',*,*,#973,.F.);
#686=ORIENTED_EDGE('',*,*,#1062,.T.);
#687=ORIENTED_EDGE('',*,*,#907,.T.);
#688=ORIENTED_EDGE('',*,*,#1063,.F.);
#689=ORIENTED_EDGE('',*,*,#974,.T.);
#690=ORIENTED_EDGE('',*,*,#1063,.T.);
#691=ORIENTED_EDGE('',*,*,#909,.T.);
#692=ORIENTED_EDGE('',*,*,#910,.F.);
#693=ORIENTED_EDGE('',*,*,#975,.F.);
#694=ORIENTED_EDGE('',*,*,#1007,.T.);
#695=ORIENTED_EDGE('',*,*,#1064,.F.);
#696=ORIENTED_EDGE('',*,*,#1065,.T.);
#697=ORIENTED_EDGE('',*,*,#1064,.T.);
#698=ORIENTED_EDGE('',*,*,#1008,.T.);
#699=ORIENTED_EDGE('',*,*,#1066,.F.);
#700=ORIENTED_EDGE('',*,*,#1067,.T.);
#701=ORIENTED_EDGE('',*,*,#1066,.T.);
#702=ORIENTED_EDGE('',*,*,#1009,.T.);
#703=ORIENTED_EDGE('',*,*,#1068,.F.);
#704=ORIENTED_EDGE('',*,*,#1069,.T.);
#705=ORIENTED_EDGE('',*,*,#1068,.T.);
#706=ORIENTED_EDGE('',*,*,#1010,.T.);
#707=ORIENTED_EDGE('',*,*,#1070,.F.);
#708=ORIENTED_EDGE('',*,*,#1071,.T.);
#709=ORIENTED_EDGE('',*,*,#1070,.T.);
#710=ORIENTED_EDGE('',*,*,#1072,.F.);
#711=ORIENTED_EDGE('',*,*,#1072,.T.);
#712=ORIENTED_EDGE('',*,*,#1071,.F.);
#713=ORIENTED_EDGE('',*,*,#1073,.F.);
#714=ORIENTED_EDGE('',*,*,#1073,.T.);
#715=ORIENTED_EDGE('',*,*,#1069,.F.);
#716=ORIENTED_EDGE('',*,*,#1074,.F.);
#717=ORIENTED_EDGE('',*,*,#1074,.T.);
#718=ORIENTED_EDGE('',*,*,#1067,.F.);
#719=ORIENTED_EDGE('',*,*,#1075,.F.);
#720=ORIENTED_EDGE('',*,*,#1075,.T.);
#721=ORIENTED_EDGE('',*,*,#1065,.F.);
#722=ORIENTED_EDGE('',*,*,#1053,.T.);
#723=ORIENTED_EDGE('',*,*,#1076,.T.);
#724=ORIENTED_EDGE('',*,*,#993,.F.);
#725=ORIENTED_EDGE('',*,*,#1077,.T.);
#726=ORIENTED_EDGE('',*,*,#1056,.F.);
#727=ORIENTED_EDGE('',*,*,#1078,.T.);
#728=ORIENTED_EDGE('',*,*,#996,.T.);
#729=ORIENTED_EDGE('',*,*,#1079,.T.);
#730=ORIENTED_EDGE('',*,*,#1077,.F.);
#731=ORIENTED_EDGE('',*,*,#992,.F.);
#732=ORIENTED_EDGE('',*,*,#1080,.F.);
#733=ORIENTED_EDGE('',*,*,#1054,.F.);
#734=ORIENTED_EDGE('',*,*,#991,.F.);
#735=ORIENTED_EDGE('',*,*,#1078,.F.);
#736=ORIENTED_EDGE('',*,*,#1055,.F.);
#737=ORIENTED_EDGE('',*,*,#1080,.T.);
#738=ORIENTED_EDGE('',*,*,#1081,.F.);
#739=ORIENTED_EDGE('',*,*,#994,.F.);
#740=ORIENTED_EDGE('',*,*,#1076,.F.);
#741=ORIENTED_EDGE('',*,*,#1058,.F.);
#742=ORIENTED_EDGE('',*,*,#995,.F.);
#743=ORIENTED_EDGE('',*,*,#1081,.T.);
#744=ORIENTED_EDGE('',*,*,#1057,.F.);
#745=ORIENTED_EDGE('',*,*,#1079,.F.);
#746=ORIENTED_EDGE('',*,*,#1045,.T.);
#747=ORIENTED_EDGE('',*,*,#1082,.T.);
#748=ORIENTED_EDGE('',*,*,#913,.F.);
#749=ORIENTED_EDGE('',*,*,#968,.T.);
#750=ORIENTED_EDGE('',*,*,#917,.T.);
#751=ORIENTED_EDGE('',*,*,#1083,.T.);
#752=ORIENTED_EDGE('',*,*,#1041,.F.);
#753=ORIENTED_EDGE('',*,*,#990,.T.);
#754=ORIENTED_EDGE('',*,*,#1043,.T.);
#755=ORIENTED_EDGE('',*,*,#1084,.T.);
#756=ORIENTED_EDGE('',*,*,#915,.F.);
#757=ORIENTED_EDGE('',*,*,#1085,.T.);
#758=ORIENTED_EDGE('',*,*,#1040,.T.);
#759=ORIENTED_EDGE('',*,*,#1086,.T.);
#760=ORIENTED_EDGE('',*,*,#919,.F.);
#761=ORIENTED_EDGE('',*,*,#989,.F.);
#762=ORIENTED_EDGE('',*,*,#923,.T.);
#763=ORIENTED_EDGE('',*,*,#1087,.T.);
#764=ORIENTED_EDGE('',*,*,#1036,.F.);
#765=ORIENTED_EDGE('',*,*,#987,.T.);
#766=ORIENTED_EDGE('',*,*,#921,.F.);
#767=ORIENTED_EDGE('',*,*,#1088,.T.);
#768=ORIENTED_EDGE('',*,*,#1038,.T.);
#769=ORIENTED_EDGE('',*,*,#1089,.T.);
#770=ORIENTED_EDGE('',*,*,#1035,.T.);
#771=ORIENTED_EDGE('',*,*,#1090,.T.);
#772=ORIENTED_EDGE('',*,*,#925,.F.);
#773=ORIENTED_EDGE('',*,*,#986,.F.);
#774=ORIENTED_EDGE('',*,*,#929,.T.);
#775=ORIENTED_EDGE('',*,*,#1091,.T.);
#776=ORIENTED_EDGE('',*,*,#1031,.F.);
#777=ORIENTED_EDGE('',*,*,#984,.T.);
#778=ORIENTED_EDGE('',*,*,#927,.F.);
#779=ORIENTED_EDGE('',*,*,#1092,.T.);
#780=ORIENTED_EDGE('',*,*,#1033,.T.);
#781=ORIENTED_EDGE('',*,*,#1093,.T.);
#782=ORIENTED_EDGE('',*,*,#1030,.T.);
#783=ORIENTED_EDGE('',*,*,#1094,.T.);
#784=ORIENTED_EDGE('',*,*,#931,.F.);
#785=ORIENTED_EDGE('',*,*,#983,.F.);
#786=ORIENTED_EDGE('',*,*,#935,.T.);
#787=ORIENTED_EDGE('',*,*,#1095,.T.);
#788=ORIENTED_EDGE('',*,*,#1026,.F.);
#789=ORIENTED_EDGE('',*,*,#981,.T.);
#790=ORIENTED_EDGE('',*,*,#1028,.T.);
#791=ORIENTED_EDGE('',*,*,#1096,.T.);
#792=ORIENTED_EDGE('',*,*,#933,.F.);
#793=ORIENTED_EDGE('',*,*,#1097,.T.);
#794=ORIENTED_EDGE('',*,*,#1025,.T.);
#795=ORIENTED_EDGE('',*,*,#1098,.T.);
#796=ORIENTED_EDGE('',*,*,#937,.F.);
#797=ORIENTED_EDGE('',*,*,#980,.F.);
#798=ORIENTED_EDGE('',*,*,#941,.T.);
#799=ORIENTED_EDGE('',*,*,#1099,.T.);
#800=ORIENTED_EDGE('',*,*,#1021,.F.);
#801=ORIENTED_EDGE('',*,*,#978,.T.);
#802=ORIENTED_EDGE('',*,*,#939,.F.);
#803=ORIENTED_EDGE('',*,*,#1100,.T.);
#804=ORIENTED_EDGE('',*,*,#1023,.T.);
#805=ORIENTED_EDGE('',*,*,#1101,.T.);
#806=ORIENTED_EDGE('',*,*,#1020,.T.);
#807=ORIENTED_EDGE('',*,*,#1102,.T.);
#808=ORIENTED_EDGE('',*,*,#943,.F.);
#809=ORIENTED_EDGE('',*,*,#977,.F.);
#810=ORIENTED_EDGE('',*,*,#947,.T.);
#811=ORIENTED_EDGE('',*,*,#1103,.T.);
#812=ORIENTED_EDGE('',*,*,#1016,.F.);
#813=ORIENTED_EDGE('',*,*,#957,.T.);
#814=ORIENTED_EDGE('',*,*,#1018,.T.);
#815=ORIENTED_EDGE('',*,*,#1104,.T.);
#816=ORIENTED_EDGE('',*,*,#945,.F.);
#817=ORIENTED_EDGE('',*,*,#1105,.T.);
#818=ORIENTED_EDGE('',*,*,#1015,.T.);
#819=ORIENTED_EDGE('',*,*,#1106,.T.);
#820=ORIENTED_EDGE('',*,*,#949,.F.);
#821=ORIENTED_EDGE('',*,*,#956,.F.);
#822=ORIENTED_EDGE('',*,*,#953,.T.);
#823=ORIENTED_EDGE('',*,*,#1107,.T.);
#824=ORIENTED_EDGE('',*,*,#1011,.F.);
#825=ORIENTED_EDGE('',*,*,#958,.F.);
#826=ORIENTED_EDGE('',*,*,#951,.F.);
#827=ORIENTED_EDGE('',*,*,#1108,.T.);
#828=ORIENTED_EDGE('',*,*,#1013,.T.);
#829=ORIENTED_EDGE('',*,*,#1109,.T.);
#830=ORIENTED_EDGE('',*,*,#950,.F.);
#831=ORIENTED_EDGE('',*,*,#1106,.F.);
#832=ORIENTED_EDGE('',*,*,#1014,.F.);
#833=ORIENTED_EDGE('',*,*,#1108,.F.);
#834=ORIENTED_EDGE('',*,*,#1012,.F.);
#835=ORIENTED_EDGE('',*,*,#1107,.F.);
#836=ORIENTED_EDGE('',*,*,#952,.F.);
#837=ORIENTED_EDGE('',*,*,#1109,.F.);
#838=ORIENTED_EDGE('',*,*,#946,.F.);
#839=ORIENTED_EDGE('',*,*,#1104,.F.);
#840=ORIENTED_EDGE('',*,*,#1017,.F.);
#841=ORIENTED_EDGE('',*,*,#1103,.F.);
#842=ORIENTED_EDGE('',*,*,#944,.F.);
#843=ORIENTED_EDGE('',*,*,#1102,.F.);
#844=ORIENTED_EDGE('',*,*,#1019,.F.);
#845=ORIENTED_EDGE('',*,*,#1105,.F.);
#846=ORIENTED_EDGE('',*,*,#938,.F.);
#847=ORIENTED_EDGE('',*,*,#1098,.F.);
#848=ORIENTED_EDGE('',*,*,#1024,.F.);
#849=ORIENTED_EDGE('',*,*,#1100,.F.);
#850=ORIENTED_EDGE('',*,*,#940,.F.);
#851=ORIENTED_EDGE('',*,*,#1101,.F.);
#852=ORIENTED_EDGE('',*,*,#1022,.F.);
#853=ORIENTED_EDGE('',*,*,#1099,.F.);
#854=ORIENTED_EDGE('',*,*,#934,.F.);
#855=ORIENTED_EDGE('',*,*,#1096,.F.);
#856=ORIENTED_EDGE('',*,*,#1027,.F.);
#857=ORIENTED_EDGE('',*,*,#1095,.F.);
#858=ORIENTED_EDGE('',*,*,#932,.F.);
#859=ORIENTED_EDGE('',*,*,#1094,.F.);
#860=ORIENTED_EDGE('',*,*,#1029,.F.);
#861=ORIENTED_EDGE('',*,*,#1097,.F.);
#862=ORIENTED_EDGE('',*,*,#926,.F.);
#863=ORIENTED_EDGE('',*,*,#1090,.F.);
#864=ORIENTED_EDGE('',*,*,#1034,.F.);
#865=ORIENTED_EDGE('',*,*,#1092,.F.);
#866=ORIENTED_EDGE('',*,*,#928,.F.);
#867=ORIENTED_EDGE('',*,*,#1093,.F.);
#868=ORIENTED_EDGE('',*,*,#1032,.F.);
#869=ORIENTED_EDGE('',*,*,#1091,.F.);
#870=ORIENTED_EDGE('',*,*,#916,.F.);
#871=ORIENTED_EDGE('',*,*,#1084,.F.);
#872=ORIENTED_EDGE('',*,*,#1042,.F.);
#873=ORIENTED_EDGE('',*,*,#1083,.F.);
#874=ORIENTED_EDGE('',*,*,#1044,.F.);
#875=ORIENTED_EDGE('',*,*,#1085,.F.);
#876=ORIENTED_EDGE('',*,*,#914,.F.);
#877=ORIENTED_EDGE('',*,*,#1082,.F.);
#878=ORIENTED_EDGE('',*,*,#920,.F.);
#879=ORIENTED_EDGE('',*,*,#1086,.F.);
#880=ORIENTED_EDGE('',*,*,#1039,.F.);
#881=ORIENTED_EDGE('',*,*,#1088,.F.);
#882=ORIENTED_EDGE('',*,*,#922,.F.);
#883=ORIENTED_EDGE('',*,*,#1089,.F.);
#884=ORIENTED_EDGE('',*,*,#1037,.F.);
#885=ORIENTED_EDGE('',*,*,#1087,.F.);
#886=EDGE_CURVE('',#1110,#1111,#1266,.F.);
#887=EDGE_CURVE('',#1112,#1110,#1267,.T.);
#888=EDGE_CURVE('',#1112,#1113,#1268,.T.);
#889=EDGE_CURVE('',#1111,#1113,#1269,.T.);
#890=EDGE_CURVE('',#1114,#1112,#1270,.T.);
#891=EDGE_CURVE('',#1114,#1115,#1271,.F.);
#892=EDGE_CURVE('',#1113,#1115,#1272,.T.);
#893=EDGE_CURVE('',#1116,#1114,#1273,.T.);
#894=EDGE_CURVE('',#1116,#1117,#1274,.T.);
#895=EDGE_CURVE('',#1115,#1117,#1275,.T.);
#896=EDGE_CURVE('',#1118,#1116,#1276,.T.);
#897=EDGE_CURVE('',#1118,#1119,#1277,.F.);
#898=EDGE_CURVE('',#1117,#1119,#1278,.T.);
#899=EDGE_CURVE('',#1120,#1118,#1279,.T.);
#900=EDGE_CURVE('',#1120,#1121,#1280,.T.);
#901=EDGE_CURVE('',#1119,#1121,#1281,.T.);
#902=EDGE_CURVE('',#1122,#1120,#1282,.T.);
#903=EDGE_CURVE('',#1122,#1123,#1283,.F.);
#904=EDGE_CURVE('',#1121,#1123,#1284,.T.);
#905=EDGE_CURVE('',#1124,#1122,#1285,.T.);
#906=EDGE_CURVE('',#1124,#1125,#1286,.T.);
#907=EDGE_CURVE('',#1123,#1125,#1287,.T.);
#908=EDGE_CURVE('',#1110,#1124,#1288,.T.);
#909=EDGE_CURVE('',#1125,#1111,#1289,.T.);
#910=EDGE_CURVE('',#1126,#1111,#118,.T.);
#911=EDGE_CURVE('',#1127,#1113,#119,.T.);
#912=EDGE_CURVE('',#1127,#1128,#120,.T.);
#913=EDGE_CURVE('',#1128,#1129,#121,.T.);
#914=EDGE_CURVE('',#1129,#1130,#54,.F.);
#915=EDGE_CURVE('',#1130,#1131,#122,.T.);
#916=EDGE_CURVE('',#1131,#1132,#55,.F.);
#917=EDGE_CURVE('',#1133,#1132,#123,.T.);
#918=EDGE_CURVE('',#1133,#1134,#124,.T.);
#919=EDGE_CURVE('',#1134,#1135,#125,.T.);
#920=EDGE_CURVE('',#1135,#1136,#56,.F.);
#921=EDGE_CURVE('',#1136,#1137,#126,.T.);
#922=EDGE_CURVE('',#1137,#1138,#57,.F.);
#923=EDGE_CURVE('',#1139,#1138,#127,.T.);
#924=EDGE_CURVE('',#1139,#1140,#128,.T.);
#925=EDGE_CURVE('',#1140,#1141,#129,.T.);
#926=EDGE_CURVE('',#1141,#1142,#58,.F.);
#927=EDGE_CURVE('',#1142,#1143,#130,.T.);
#928=EDGE_CURVE('',#1143,#1144,#59,.F.);
#929=EDGE_CURVE('',#1145,#1144,#131,.T.);
#930=EDGE_CURVE('',#1145,#1146,#132,.T.);
#931=EDGE_CURVE('',#1146,#1147,#133,.T.);
#932=EDGE_CURVE('',#1147,#1148,#60,.F.);
#933=EDGE_CURVE('',#1148,#1149,#134,.T.);
#934=EDGE_CURVE('',#1149,#1150,#61,.F.);
#935=EDGE_CURVE('',#1151,#1150,#135,.T.);
#936=EDGE_CURVE('',#1151,#1152,#136,.T.);
#937=EDGE_CURVE('',#1152,#1153,#137,.T.);
#938=EDGE_CURVE('',#1153,#1154,#62,.F.);
#939=EDGE_CURVE('',#1154,#1155,#138,.T.);
#940=EDGE_CURVE('',#1155,#1156,#63,.F.);
#941=EDGE_CURVE('',#1157,#1156,#139,.T.);
#942=EDGE_CURVE('',#1157,#1158,#140,.T.);
#943=EDGE_CURVE('',#1158,#1159,#141,.T.);
#944=EDGE_CURVE('',#1159,#1160,#64,.F.);
#945=EDGE_CURVE('',#1160,#1161,#142,.T.);
#946=EDGE_CURVE('',#1161,#1162,#65,.F.);
#947=EDGE_CURVE('',#1163,#1162,#143,.T.);
#948=EDGE_CURVE('',#1163,#1164,#144,.T.);
#949=EDGE_CURVE('',#1164,#1165,#145,.T.);
#950=EDGE_CURVE('',#1165,#1166,#66,.F.);
#951=EDGE_CURVE('',#1166,#1167,#146,.T.);
#952=EDGE_CURVE('',#1167,#1168,#67,.F.);
#953=EDGE_CURVE('',#1169,#1168,#147,.T.);
#954=EDGE_CURVE('',#1169,#1126,#148,.T.);
#955=EDGE_CURVE('',#1170,#1171,#149,.T.);
#956=EDGE_CURVE('',#1171,#1164,#150,.T.);
#957=EDGE_CURVE('',#1170,#1163,#151,.T.);
#958=EDGE_CURVE('',#1169,#1172,#152,.T.);
#959=EDGE_CURVE('',#1172,#1173,#153,.T.);
#960=EDGE_CURVE('',#1174,#1173,#68,.T.);
#961=EDGE_CURVE('',#1174,#1175,#154,.T.);
#962=EDGE_CURVE('',#1176,#1175,#69,.T.);
#963=EDGE_CURVE('',#1177,#1176,#155,.T.);
#964=EDGE_CURVE('',#1178,#1177,#70,.T.);
#965=EDGE_CURVE('',#1179,#1178,#156,.T.);
#966=EDGE_CURVE('',#1180,#1179,#71,.T.);
#967=EDGE_CURVE('',#1180,#1181,#157,.T.);
#968=EDGE_CURVE('',#1128,#1181,#158,.T.);
#969=EDGE_CURVE('',#1127,#1182,#72,.T.);
#970=EDGE_CURVE('',#1182,#1183,#159,.T.);
#971=EDGE_CURVE('',#1183,#1184,#73,.T.);
#972=EDGE_CURVE('',#1184,#1185,#160,.T.);
#973=EDGE_CURVE('',#1185,#1186,#74,.T.);
#974=EDGE_CURVE('',#1187,#1186,#161,.T.);
#975=EDGE_CURVE('',#1187,#1126,#75,.T.);
#976=EDGE_CURVE('',#1188,#1189,#162,.T.);
#977=EDGE_CURVE('',#1189,#1158,#163,.T.);
#978=EDGE_CURVE('',#1188,#1157,#164,.T.);
#979=EDGE_CURVE('',#1190,#1191,#165,.T.);
#980=EDGE_CURVE('',#1191,#1152,#166,.T.);
#981=EDGE_CURVE('',#1190,#1151,#167,.T.);
#982=EDGE_CURVE('',#1192,#1193,#168,.T.);
#983=EDGE_CURVE('',#1193,#1146,#169,.T.);
#984=EDGE_CURVE('',#1192,#1145,#170,.T.);
#985=EDGE_CURVE('',#1194,#1195,#171,.T.);
#986=EDGE_CURVE('',#1195,#1140,#172,.T.);
#987=EDGE_CURVE('',#1194,#1139,#173,.T.);
#988=EDGE_CURVE('',#1196,#1197,#174,.T.);
#989=EDGE_CURVE('',#1197,#1134,#175,.T.);
#990=EDGE_CURVE('',#1196,#1133,#176,.T.);
#991=EDGE_CURVE('',#1198,#1199,#76,.F.);
#992=EDGE_CURVE('',#1199,#1200,#77,.F.);
#993=EDGE_CURVE('',#1200,#1201,#177,.T.);
#994=EDGE_CURVE('',#1201,#1202,#78,.F.);
#995=EDGE_CURVE('',#1202,#1203,#79,.F.);
#996=EDGE_CURVE('',#1198,#1203,#178,.T.);
#997=EDGE_CURVE('',#1178,#1204,#179,.T.);
#998=EDGE_CURVE('',#1205,#1204,#180,.T.);
#999=EDGE_CURVE('',#1179,#1205,#181,.T.);
#1000=EDGE_CURVE('',#1206,#1207,#182,.T.);
#1001=EDGE_CURVE('',#1206,#1205,#80,.T.);
#1002=EDGE_CURVE('',#1204,#1208,#81,.T.);
#1003=EDGE_CURVE('',#1208,#1209,#183,.T.);
#1004=EDGE_CURVE('',#1209,#1210,#82,.T.);
#1005=EDGE_CURVE('',#1211,#1210,#184,.T.);
#1006=EDGE_CURVE('',#1211,#1207,#83,.T.);
#1007=EDGE_CURVE('',#1212,#1212,#84,.T.);
#1008=EDGE_CURVE('',#1213,#1213,#85,.T.);
#1009=EDGE_CURVE('',#1214,#1214,#86,.T.);
#1010=EDGE_CURVE('',#1215,#1215,#87,.T.);
#1011=EDGE_CURVE('',#1172,#1216,#185,.T.);
#1012=EDGE_CURVE('',#1216,#1217,#88,.T.);
#1013=EDGE_CURVE('',#1218,#1217,#186,.T.);
#1014=EDGE_CURVE('',#1218,#1219,#89,.T.);
#1015=EDGE_CURVE('',#1171,#1219,#187,.T.);
#1016=EDGE_CURVE('',#1170,#1220,#188,.T.);
#1017=EDGE_CURVE('',#1220,#1221,#90,.T.);
#1018=EDGE_CURVE('',#1222,#1221,#189,.T.);
#1019=EDGE_CURVE('',#1222,#1223,#91,.T.);
#1020=EDGE_CURVE('',#1189,#1223,#190,.T.);
#1021=EDGE_CURVE('',#1188,#1224,#191,.T.);
#1022=EDGE_CURVE('',#1224,#1225,#92,.T.);
#1023=EDGE_CURVE('',#1226,#1225,#192,.T.);
#1024=EDGE_CURVE('',#1226,#1227,#93,.T.);
#1025=EDGE_CURVE('',#1191,#1227,#193,.T.);
#1026=EDGE_CURVE('',#1190,#1228,#194,.T.);
#1027=EDGE_CURVE('',#1228,#1229,#94,.T.);
#1028=EDGE_CURVE('',#1230,#1229,#195,.T.);
#1029=EDGE_CURVE('',#1230,#1231,#95,.T.);
#1030=EDGE_CURVE('',#1193,#1231,#196,.T.);
#1031=EDGE_CURVE('',#1192,#1232,#197,.T.);
#1032=EDGE_CURVE('',#1232,#1233,#96,.T.);
#1033=EDGE_CURVE('',#1234,#1233,#198,.T.);
#1034=EDGE_CURVE('',#1234,#1235,#97,.T.);
#1035=EDGE_CURVE('',#1195,#1235,#199,.T.);
#1036=EDGE_CURVE('',#1194,#1236,#200,.T.);
#1037=EDGE_CURVE('',#1236,#1237,#98,.T.);
#1038=EDGE_CURVE('',#1238,#1237,#201,.T.);
#1039=EDGE_CURVE('',#1238,#1239,#99,.T.);
#1040=EDGE_CURVE('',#1197,#1239,#202,.T.);
#1041=EDGE_CURVE('',#1196,#1240,#203,.T.);
#1042=EDGE_CURVE('',#1240,#1241,#100,.T.);
#1043=EDGE_CURVE('',#1242,#1241,#204,.T.);
#1044=EDGE_CURVE('',#1242,#1243,#101,.T.);
#1045=EDGE_CURVE('',#1181,#1243,#205,.T.);
#1046=EDGE_CURVE('',#1180,#1206,#206,.T.);
#1047=EDGE_CURVE('',#1173,#1207,#207,.T.);
#1048=EDGE_CURVE('',#1177,#1208,#208,.T.);
#1049=EDGE_CURVE('',#1176,#1209,#209,.T.);
#1050=EDGE_CURVE('',#1174,#1211,#210,.T.);
#1051=EDGE_CURVE('',#1175,#1210,#211,.T.);
#1052=EDGE_CURVE('',#1182,#1115,#212,.T.);
#1053=EDGE_CURVE('',#1244,#1245,#213,.T.);
#1054=EDGE_CURVE('',#1244,#1246,#102,.T.);
#1055=EDGE_CURVE('',#1246,#1247,#103,.T.);
#1056=EDGE_CURVE('',#1247,#1248,#214,.T.);
#1057=EDGE_CURVE('',#1248,#1249,#104,.T.);
#1058=EDGE_CURVE('',#1249,#1245,#105,.T.);
#1059=EDGE_CURVE('',#1183,#1117,#215,.T.);
#1060=EDGE_CURVE('',#1184,#1119,#216,.T.);
#1061=EDGE_CURVE('',#1185,#1121,#217,.T.);
#1062=EDGE_CURVE('',#1186,#1123,#218,.T.);
#1063=EDGE_CURVE('',#1187,#1125,#219,.T.);
#1064=EDGE_CURVE('',#1250,#1250,#106,.T.);
#1065=EDGE_CURVE('',#1251,#1251,#107,.T.);
#1066=EDGE_CURVE('',#1252,#1252,#108,.T.);
#1067=EDGE_CURVE('',#1253,#1253,#109,.T.);
#1068=EDGE_CURVE('',#1254,#1254,#110,.T.);
#1069=EDGE_CURVE('',#1255,#1255,#111,.T.);
#1070=EDGE_CURVE('',#1256,#1256,#112,.T.);
#1071=EDGE_CURVE('',#1257,#1257,#113,.T.);
#1072=EDGE_CURVE('',#1259,#1259,#114,.T.);
#1073=EDGE_CURVE('',#1261,#1261,#115,.T.);
#1074=EDGE_CURVE('',#1263,#1263,#116,.T.);
#1075=EDGE_CURVE('',#1265,#1265,#117,.T.);
#1076=EDGE_CURVE('',#1245,#1201,#220,.F.);
#1077=EDGE_CURVE('',#1200,#1244,#221,.T.);
#1078=EDGE_CURVE('',#1247,#1198,#222,.F.);
#1079=EDGE_CURVE('',#1203,#1248,#223,.T.);
#1080=EDGE_CURVE('',#1246,#1199,#224,.T.);
#1081=EDGE_CURVE('',#1202,#1249,#225,.T.);
#1082=EDGE_CURVE('',#1243,#1129,#226,.T.);
#1083=EDGE_CURVE('',#1132,#1240,#227,.T.);
#1084=EDGE_CURVE('',#1241,#1131,#228,.F.);
#1085=EDGE_CURVE('',#1130,#1242,#229,.F.);
#1086=EDGE_CURVE('',#1239,#1135,#230,.F.);
#1087=EDGE_CURVE('',#1138,#1236,#231,.T.);
#1088=EDGE_CURVE('',#1136,#1238,#232,.T.);
#1089=EDGE_CURVE('',#1237,#1137,#233,.F.);
#1090=EDGE_CURVE('',#1235,#1141,#234,.F.);
#1091=EDGE_CURVE('',#1144,#1232,#235,.T.);
#1092=EDGE_CURVE('',#1142,#1234,#236,.T.);
#1093=EDGE_CURVE('',#1233,#1143,#237,.F.);
#1094=EDGE_CURVE('',#1231,#1147,#238,.F.);
#1095=EDGE_CURVE('',#1150,#1228,#239,.T.);
#1096=EDGE_CURVE('',#1229,#1149,#240,.F.);
#1097=EDGE_CURVE('',#1148,#1230,#241,.T.);
#1098=EDGE_CURVE('',#1227,#1153,#242,.F.);
#1099=EDGE_CURVE('',#1156,#1224,#243,.T.);
#1100=EDGE_CURVE('',#1154,#1226,#244,.T.);
#1101=EDGE_CURVE('',#1225,#1155,#245,.F.);
#1102=EDGE_CURVE('',#1223,#1159,#246,.F.);
#1103=EDGE_CURVE('',#1162,#1220,#247,.T.);
#1104=EDGE_CURVE('',#1221,#1161,#248,.F.);
#1105=EDGE_CURVE('',#1160,#1222,#249,.T.);
#1106=EDGE_CURVE('',#1219,#1165,#250,.F.);
#1107=EDGE_CURVE('',#1168,#1216,#251,.F.);
#1108=EDGE_CURVE('',#1166,#1218,#252,.T.);
#1109=EDGE_CURVE('',#1217,#1167,#253,.T.);
#1110=VERTEX_POINT('',#2217);
#1111=VERTEX_POINT('',#2218);
#1112=VERTEX_POINT('',#2223);
#1113=VERTEX_POINT('',#2231);
#1114=VERTEX_POINT('',#2273);
#1115=VERTEX_POINT('',#2281);
#1116=VERTEX_POINT('',#2307);
#1117=VERTEX_POINT('',#2315);
#1118=VERTEX_POINT('',#2357);
#1119=VERTEX_POINT('',#2365);
#1120=VERTEX_POINT('',#2391);
#1121=VERTEX_POINT('',#2399);
#1122=VERTEX_POINT('',#2441);
#1123=VERTEX_POINT('',#2449);
#1124=VERTEX_POINT('',#2475);
#1125=VERTEX_POINT('',#2483);
#1126=VERTEX_POINT('',#2532);
#1127=VERTEX_POINT('',#2534);
#1128=VERTEX_POINT('',#2536);
#1129=VERTEX_POINT('',#2538);
#1130=VERTEX_POINT('',#2540);
#1131=VERTEX_POINT('',#2542);
#1132=VERTEX_POINT('',#2544);
#1133=VERTEX_POINT('',#2546);
#1134=VERTEX_POINT('',#2548);
#1135=VERTEX_POINT('',#2550);
#1136=VERTEX_POINT('',#2552);
#1137=VERTEX_POINT('',#2554);
#1138=VERTEX_POINT('',#2556);
#1139=VERTEX_POINT('',#2558);
#1140=VERTEX_POINT('',#2560);
#1141=VERTEX_POINT('',#2562);
#1142=VERTEX_POINT('',#2564);
#1143=VERTEX_POINT('',#2566);
#1144=VERTEX_POINT('',#2568);
#1145=VERTEX_POINT('',#2570);
#1146=VERTEX_POINT('',#2572);
#1147=VERTEX_POINT('',#2574);
#1148=VERTEX_POINT('',#2576);
#1149=VERTEX_POINT('',#2578);
#1150=VERTEX_POINT('',#2580);
#1151=VERTEX_POINT('',#2582);
#1152=VERTEX_POINT('',#2584);
#1153=VERTEX_POINT('',#2586);
#1154=VERTEX_POINT('',#2588);
#1155=VERTEX_POINT('',#2590);
#1156=VERTEX_POINT('',#2592);
#1157=VERTEX_POINT('',#2594);
#1158=VERTEX_POINT('',#2596);
#1159=VERTEX_POINT('',#2598);
#1160=VERTEX_POINT('',#2600);
#1161=VERTEX_POINT('',#2602);
#1162=VERTEX_POINT('',#2604);
#1163=VERTEX_POINT('',#2606);
#1164=VERTEX_POINT('',#2608);
#1165=VERTEX_POINT('',#2610);
#1166=VERTEX_POINT('',#2612);
#1167=VERTEX_POINT('',#2614);
#1168=VERTEX_POINT('',#2616);
#1169=VERTEX_POINT('',#2618);
#1170=VERTEX_POINT('',#2622);
#1171=VERTEX_POINT('',#2623);
#1172=VERTEX_POINT('',#2628);
#1173=VERTEX_POINT('',#2630);
#1174=VERTEX_POINT('',#2632);
#1175=VERTEX_POINT('',#2634);
#1176=VERTEX_POINT('',#2636);
#1177=VERTEX_POINT('',#2638);
#1178=VERTEX_POINT('',#2640);
#1179=VERTEX_POINT('',#2642);
#1180=VERTEX_POINT('',#2644);
#1181=VERTEX_POINT('',#2646);
#1182=VERTEX_POINT('',#2649);
#1183=VERTEX_POINT('',#2651);
#1184=VERTEX_POINT('',#2653);
#1185=VERTEX_POINT('',#2655);
#1186=VERTEX_POINT('',#2657);
#1187=VERTEX_POINT('',#2659);
#1188=VERTEX_POINT('',#2663);
#1189=VERTEX_POINT('',#2664);
#1190=VERTEX_POINT('',#2669);
#1191=VERTEX_POINT('',#2670);
#1192=VERTEX_POINT('',#2675);
#1193=VERTEX_POINT('',#2676);
#1194=VERTEX_POINT('',#2681);
#1195=VERTEX_POINT('',#2682);
#1196=VERTEX_POINT('',#2687);
#1197=VERTEX_POINT('',#2688);
#1198=VERTEX_POINT('',#2693);
#1199=VERTEX_POINT('',#2694);
#1200=VERTEX_POINT('',#2696);
#1201=VERTEX_POINT('',#2698);
#1202=VERTEX_POINT('',#2700);
#1203=VERTEX_POINT('',#2702);
#1204=VERTEX_POINT('',#2705);
#1205=VERTEX_POINT('',#2707);
#1206=VERTEX_POINT('',#2711);
#1207=VERTEX_POINT('',#2712);
#1208=VERTEX_POINT('',#2715);
#1209=VERTEX_POINT('',#2717);
#1210=VERTEX_POINT('',#2719);
#1211=VERTEX_POINT('',#2721);
#1212=VERTEX_POINT('',#2724);
#1213=VERTEX_POINT('',#2726);
#1214=VERTEX_POINT('',#2728);
#1215=VERTEX_POINT('',#2730);
#1216=VERTEX_POINT('',#2734);
#1217=VERTEX_POINT('',#2736);
#1218=VERTEX_POINT('',#2738);
#1219=VERTEX_POINT('',#2740);
#1220=VERTEX_POINT('',#2743);
#1221=VERTEX_POINT('',#2745);
#1222=VERTEX_POINT('',#2747);
#1223=VERTEX_POINT('',#2749);
#1224=VERTEX_POINT('',#2752);
#1225=VERTEX_POINT('',#2754);
#1226=VERTEX_POINT('',#2756);
#1227=VERTEX_POINT('',#2758);
#1228=VERTEX_POINT('',#2761);
#1229=VERTEX_POINT('',#2763);
#1230=VERTEX_POINT('',#2765);
#1231=VERTEX_POINT('',#2767);
#1232=VERTEX_POINT('',#2770);
#1233=VERTEX_POINT('',#2772);
#1234=VERTEX_POINT('',#2774);
#1235=VERTEX_POINT('',#2776);
#1236=VERTEX_POINT('',#2779);
#1237=VERTEX_POINT('',#2781);
#1238=VERTEX_POINT('',#2783);
#1239=VERTEX_POINT('',#2785);
#1240=VERTEX_POINT('',#2788);
#1241=VERTEX_POINT('',#2790);
#1242=VERTEX_POINT('',#2792);
#1243=VERTEX_POINT('',#2794);
#1244=VERTEX_POINT('',#2812);
#1245=VERTEX_POINT('',#2813);
#1246=VERTEX_POINT('',#2815);
#1247=VERTEX_POINT('',#2817);
#1248=VERTEX_POINT('',#2819);
#1249=VERTEX_POINT('',#2821);
#1250=VERTEX_POINT('',#2835);
#1251=VERTEX_POINT('',#2838);
#1252=VERTEX_POINT('',#2841);
#1253=VERTEX_POINT('',#2844);
#1254=VERTEX_POINT('',#2847);
#1255=VERTEX_POINT('',#2850);
#1256=VERTEX_POINT('',#2853);
#1257=VERTEX_POINT('',#2856);
#1258=VERTEX_POINT('',#2858);
#1259=VERTEX_POINT('',#2860);
#1260=VERTEX_POINT('',#2863);
#1261=VERTEX_POINT('',#2865);
#1262=VERTEX_POINT('',#2868);
#1263=VERTEX_POINT('',#2870);
#1264=VERTEX_POINT('',#2873);
#1265=VERTEX_POINT('',#2875);
#1266=B_SPLINE_CURVE_WITH_KNOTS('',3,(#2210,#2211,#2212,#2213,#2214,#2215,
#2216),.UNSPECIFIED.,.F.,.F.,(4,1,1,1,4),(0.,0.25,0.5,0.75,1.),
 .UNSPECIFIED.);
#1267=B_SPLINE_CURVE_WITH_KNOTS('',3,(#2219,#2220,#2221,#2222),
 .UNSPECIFIED.,.F.,.F.,(4,4),(0.,1.),.UNSPECIFIED.);
#1268=B_SPLINE_CURVE_WITH_KNOTS('',3,(#2224,#2225,#2226,#2227,#2228,#2229,
#2230),.UNSPECIFIED.,.F.,.F.,(4,1,1,1,4),(0.,0.25,0.5,0.75,1.),
 .UNSPECIFIED.);
#1269=B_SPLINE_CURVE_WITH_KNOTS('',3,(#2232,#2233,#2234,#2235),
 .UNSPECIFIED.,.F.,.F.,(4,4),(0.,1.),.UNSPECIFIED.);
#1270=B_SPLINE_CURVE_WITH_KNOTS('',3,(#2268,#2269,#2270,#2271,#2272),
 .UNSPECIFIED.,.F.,.F.,(4,1,4),(0.,0.5,1.),.UNSPECIFIED.);
#1271=B_SPLINE_CURVE_WITH_KNOTS('',3,(#2274,#2275,#2276,#2277,#2278,#2279,
#2280),.UNSPECIFIED.,.F.,.F.,(4,1,1,1,4),(0.,0.25,0.5,0.75,1.),
 .UNSPECIFIED.);
#1272=B_SPLINE_CURVE_WITH_KNOTS('',3,(#2282,#2283,#2284,#2285,#2286),
 .UNSPECIFIED.,.F.,.F.,(4,1,4),(0.,0.5,1.),.UNSPECIFIED.);
#1273=B_SPLINE_CURVE_WITH_KNOTS('',3,(#2303,#2304,#2305,#2306),
 .UNSPECIFIED.,.F.,.F.,(4,4),(0.,1.),.UNSPECIFIED.);
#1274=B_SPLINE_CURVE_WITH_KNOTS('',3,(#2308,#2309,#2310,#2311,#2312,#2313,
#2314),.UNSPECIFIED.,.F.,.F.,(4,1,1,1,4),(0.,0.25,0.5,0.75,1.),
 .UNSPECIFIED.);
#1275=B_SPLINE_CURVE_WITH_KNOTS('',3,(#2316,#2317,#2318,#2319),
 .UNSPECIFIED.,.F.,.F.,(4,4),(0.,1.),.UNSPECIFIED.);
#1276=B_SPLINE_CURVE_WITH_KNOTS('',3,(#2352,#2353,#2354,#2355,#2356),
 .UNSPECIFIED.,.F.,.F.,(4,1,4),(0.,0.5,1.),.UNSPECIFIED.);
#1277=B_SPLINE_CURVE_WITH_KNOTS('',3,(#2358,#2359,#2360,#2361,#2362,#2363,
#2364),.UNSPECIFIED.,.F.,.F.,(4,1,1,1,4),(0.,0.25,0.5,0.75,1.),
 .UNSPECIFIED.);
#1278=B_SPLINE_CURVE_WITH_KNOTS('',3,(#2366,#2367,#2368,#2369,#2370),
 .UNSPECIFIED.,.F.,.F.,(4,1,4),(0.,0.5,1.),.UNSPECIFIED.);
#1279=B_SPLINE_CURVE_WITH_KNOTS('',3,(#2387,#2388,#2389,#2390),
 .UNSPECIFIED.,.F.,.F.,(4,4),(0.,1.),.UNSPECIFIED.);
#1280=B_SPLINE_CURVE_WITH_KNOTS('',3,(#2392,#2393,#2394,#2395,#2396,#2397,
#2398),.UNSPECIFIED.,.F.,.F.,(4,1,1,1,4),(0.,0.25,0.5,0.75,1.),
 .UNSPECIFIED.);
#1281=B_SPLINE_CURVE_WITH_KNOTS('',3,(#2400,#2401,#2402,#2403),
 .UNSPECIFIED.,.F.,.F.,(4,4),(0.,1.),.UNSPECIFIED.);
#1282=B_SPLINE_CURVE_WITH_KNOTS('',3,(#2436,#2437,#2438,#2439,#2440),
 .UNSPECIFIED.,.F.,.F.,(4,1,4),(0.,0.5,1.),.UNSPECIFIED.);
#1283=B_SPLINE_CURVE_WITH_KNOTS('',3,(#2442,#2443,#2444,#2445,#2446,#2447,
#2448),.UNSPECIFIED.,.F.,.F.,(4,1,1,1,4),(0.,0.25,0.5,0.75,1.),
 .UNSPECIFIED.);
#1284=B_SPLINE_CURVE_WITH_KNOTS('',3,(#2450,#2451,#2452,#2453,#2454),
 .UNSPECIFIED.,.F.,.F.,(4,1,4),(0.,0.5,1.),.UNSPECIFIED.);
#1285=B_SPLINE_CURVE_WITH_KNOTS('',3,(#2471,#2472,#2473,#2474),
 .UNSPECIFIED.,.F.,.F.,(4,4),(0.,1.),.UNSPECIFIED.);
#1286=B_SPLINE_CURVE_WITH_KNOTS('',3,(#2476,#2477,#2478,#2479,#2480,#2481,
#2482),.UNSPECIFIED.,.F.,.F.,(4,1,1,1,4),(0.,0.25,0.5,0.75,1.),
 .UNSPECIFIED.);
#1287=B_SPLINE_CURVE_WITH_KNOTS('',3,(#2484,#2485,#2486,#2487),
 .UNSPECIFIED.,.F.,.F.,(4,4),(0.,1.),.UNSPECIFIED.);
#1288=B_SPLINE_CURVE_WITH_KNOTS('',3,(#2520,#2521,#2522,#2523,#2524),
 .UNSPECIFIED.,.F.,.F.,(4,1,4),(0.,0.5,1.),.UNSPECIFIED.);
#1289=B_SPLINE_CURVE_WITH_KNOTS('',3,(#2525,#2526,#2527,#2528,#2529),
 .UNSPECIFIED.,.F.,.F.,(4,1,4),(0.,0.5,1.),.UNSPECIFIED.);
#1290=EDGE_LOOP('',(#438,#439,#440,#441));
#1291=EDGE_LOOP('',(#442,#443,#444,#445));
#1292=EDGE_LOOP('',(#446,#447,#448,#449));
#1293=EDGE_LOOP('',(#450,#451,#452,#453));
#1294=EDGE_LOOP('',(#454,#455,#456,#457));
#1295=EDGE_LOOP('',(#458,#459,#460,#461));
#1296=EDGE_LOOP('',(#462,#463,#464,#465));
#1297=EDGE_LOOP('',(#466,#467,#468,#469));
#1298=EDGE_LOOP('',(#470,#471,#472,#473,#474,#475,#476,#477,#478,#479,#480,
#481,#482,#483,#484,#485,#486,#487,#488,#489,#490,#491,#492,#493,#494,#495,
#496,#497,#498,#499,#500,#501,#502,#503,#504,#505,#506,#507,#508,#509,#510,
#511,#512,#513,#514,#515));
#1299=EDGE_LOOP('',(#516,#517,#518,#519));
#1300=EDGE_LOOP('',(#520,#521,#522,#523,#524,#525,#526,#527,#528,#529,#530,
#531,#532,#533,#534,#535,#536,#537,#538,#539));
#1301=EDGE_LOOP('',(#540,#541,#542,#543));
#1302=EDGE_LOOP('',(#544,#545,#546,#547));
#1303=EDGE_LOOP('',(#548,#549,#550,#551));
#1304=EDGE_LOOP('',(#552,#553,#554,#555));
#1305=EDGE_LOOP('',(#556,#557,#558,#559));
#1306=EDGE_LOOP('',(#560,#561,#562,#563,#564,#565));
#1307=EDGE_LOOP('',(#566,#567,#568,#569));
#1308=EDGE_LOOP('',(#570,#571,#572,#573,#574,#575,#576,#577));
#1309=EDGE_LOOP('',(#578));
#1310=EDGE_LOOP('',(#579));
#1311=EDGE_LOOP('',(#580));
#1312=EDGE_LOOP('',(#581));
#1313=EDGE_LOOP('',(#582,#583,#584,#585,#586,#587,#588,#589));
#1314=EDGE_LOOP('',(#590,#591,#592,#593,#594,#595,#596,#597,#598,#599,#600,
#601,#602,#603,#604,#605,#606,#607,#608,#609,#610,#611,#612,#613,#614,#615,
#616,#617,#618,#619,#620,#621,#622,#623,#624,#625,#626,#627,#628,#629,#630,
#631,#632,#633,#634,#635));
#1315=EDGE_LOOP('',(#636,#637,#638,#639));
#1316=EDGE_LOOP('',(#640,#641,#642,#643));
#1317=EDGE_LOOP('',(#644,#645,#646,#647));
#1318=EDGE_LOOP('',(#648,#649,#650,#651));
#1319=EDGE_LOOP('',(#652,#653,#654,#655));
#1320=EDGE_LOOP('',(#656,#657,#658,#659));
#1321=EDGE_LOOP('',(#660,#661,#662,#663));
#1322=EDGE_LOOP('',(#664,#665,#666,#667,#668,#669));
#1323=EDGE_LOOP('',(#670,#671,#672,#673));
#1324=EDGE_LOOP('',(#674,#675,#676,#677));
#1325=EDGE_LOOP('',(#678,#679,#680,#681));
#1326=EDGE_LOOP('',(#682,#683,#684,#685));
#1327=EDGE_LOOP('',(#686,#687,#688,#689));
#1328=EDGE_LOOP('',(#690,#691,#692,#693));
#1329=EDGE_LOOP('',(#694));
#1330=EDGE_LOOP('',(#695));
#1331=EDGE_LOOP('',(#696));
#1332=EDGE_LOOP('',(#697));
#1333=EDGE_LOOP('',(#698));
#1334=EDGE_LOOP('',(#699));
#1335=EDGE_LOOP('',(#700));
#1336=EDGE_LOOP('',(#701));
#1337=EDGE_LOOP('',(#702));
#1338=EDGE_LOOP('',(#703));
#1339=EDGE_LOOP('',(#704));
#1340=EDGE_LOOP('',(#705));
#1341=EDGE_LOOP('',(#706));
#1342=EDGE_LOOP('',(#707));
#1343=EDGE_LOOP('',(#708));
#1344=EDGE_LOOP('',(#709));
#1345=EDGE_LOOP('',(#710));
#1346=EDGE_LOOP('',(#711));
#1347=EDGE_LOOP('',(#712));
#1348=EDGE_LOOP('',(#713));
#1349=EDGE_LOOP('',(#714));
#1350=EDGE_LOOP('',(#715));
#1351=EDGE_LOOP('',(#716));
#1352=EDGE_LOOP('',(#717));
#1353=EDGE_LOOP('',(#718));
#1354=EDGE_LOOP('',(#719));
#1355=EDGE_LOOP('',(#720));
#1356=EDGE_LOOP('',(#721));
#1357=EDGE_LOOP('',(#722,#723,#724,#725));
#1358=EDGE_LOOP('',(#726,#727,#728,#729));
#1359=EDGE_LOOP('',(#730,#731,#732,#733));
#1360=EDGE_LOOP('',(#734,#735,#736,#737));
#1361=EDGE_LOOP('',(#738,#739,#740,#741));
#1362=EDGE_LOOP('',(#742,#743,#744,#745));
#1363=EDGE_LOOP('',(#746,#747,#748,#749));
#1364=EDGE_LOOP('',(#750,#751,#752,#753));
#1365=EDGE_LOOP('',(#754,#755,#756,#757));
#1366=EDGE_LOOP('',(#758,#759,#760,#761));
#1367=EDGE_LOOP('',(#762,#763,#764,#765));
#1368=EDGE_LOOP('',(#766,#767,#768,#769));
#1369=EDGE_LOOP('',(#770,#771,#772,#773));
#1370=EDGE_LOOP('',(#774,#775,#776,#777));
#1371=EDGE_LOOP('',(#778,#779,#780,#781));
#1372=EDGE_LOOP('',(#782,#783,#784,#785));
#1373=EDGE_LOOP('',(#786,#787,#788,#789));
#1374=EDGE_LOOP('',(#790,#791,#792,#793));
#1375=EDGE_LOOP('',(#794,#795,#796,#797));
#1376=EDGE_LOOP('',(#798,#799,#800,#801));
#1377=EDGE_LOOP('',(#802,#803,#804,#805));
#1378=EDGE_LOOP('',(#806,#807,#808,#809));
#1379=EDGE_LOOP('',(#810,#811,#812,#813));
#1380=EDGE_LOOP('',(#814,#815,#816,#817));
#1381=EDGE_LOOP('',(#818,#819,#820,#821));
#1382=EDGE_LOOP('',(#822,#823,#824,#825));
#1383=EDGE_LOOP('',(#826,#827,#828,#829));
#1384=EDGE_LOOP('',(#830,#831,#832,#833));
#1385=EDGE_LOOP('',(#834,#835,#836,#837));
#1386=EDGE_LOOP('',(#838,#839,#840,#841));
#1387=EDGE_LOOP('',(#842,#843,#844,#845));
#1388=EDGE_LOOP('',(#846,#847,#848,#849));
#1389=EDGE_LOOP('',(#850,#851,#852,#853));
#1390=EDGE_LOOP('',(#854,#855,#856,#857));
#1391=EDGE_LOOP('',(#858,#859,#860,#861));
#1392=EDGE_LOOP('',(#862,#863,#864,#865));
#1393=EDGE_LOOP('',(#866,#867,#868,#869));
#1394=EDGE_LOOP('',(#870,#871,#872,#873));
#1395=EDGE_LOOP('',(#874,#875,#876,#877));
#1396=EDGE_LOOP('',(#878,#879,#880,#881));
#1397=EDGE_LOOP('',(#882,#883,#884,#885));
#1398=FACE_BOUND('',#1290,.T.);
#1399=FACE_BOUND('',#1291,.T.);
#1400=FACE_BOUND('',#1292,.T.);
#1401=FACE_BOUND('',#1293,.T.);
#1402=FACE_BOUND('',#1294,.T.);
#1403=FACE_BOUND('',#1295,.T.);
#1404=FACE_BOUND('',#1296,.T.);
#1405=FACE_BOUND('',#1297,.T.);
#1406=FACE_BOUND('',#1298,.T.);
#1407=FACE_BOUND('',#1299,.T.);
#1408=FACE_BOUND('',#1300,.T.);
#1409=FACE_BOUND('',#1301,.T.);
#1410=FACE_BOUND('',#1302,.T.);
#1411=FACE_BOUND('',#1303,.T.);
#1412=FACE_BOUND('',#1304,.T.);
#1413=FACE_BOUND('',#1305,.T.);
#1414=FACE_BOUND('',#1306,.T.);
#1415=FACE_BOUND('',#1307,.T.);
#1416=FACE_BOUND('',#1308,.T.);
#1417=FACE_BOUND('',#1309,.T.);
#1418=FACE_BOUND('',#1310,.T.);
#1419=FACE_BOUND('',#1311,.T.);
#1420=FACE_BOUND('',#1312,.T.);
#1421=FACE_BOUND('',#1313,.T.);
#1422=FACE_BOUND('',#1314,.T.);
#1423=FACE_BOUND('',#1315,.T.);
#1424=FACE_BOUND('',#1316,.T.);
#1425=FACE_BOUND('',#1317,.T.);
#1426=FACE_BOUND('',#1318,.T.);
#1427=FACE_BOUND('',#1319,.T.);
#1428=FACE_BOUND('',#1320,.T.);
#1429=FACE_BOUND('',#1321,.T.);
#1430=FACE_BOUND('',#1322,.T.);
#1431=FACE_BOUND('',#1323,.T.);
#1432=FACE_BOUND('',#1324,.T.);
#1433=FACE_BOUND('',#1325,.T.);
#1434=FACE_BOUND('',#1326,.T.);
#1435=FACE_BOUND('',#1327,.T.);
#1436=FACE_BOUND('',#1328,.T.);
#1437=FACE_BOUND('',#1329,.T.);
#1438=FACE_BOUND('',#1330,.T.);
#1439=FACE_BOUND('',#1331,.T.);
#1440=FACE_BOUND('',#1332,.T.);
#1441=FACE_BOUND('',#1333,.T.);
#1442=FACE_BOUND('',#1334,.T.);
#1443=FACE_BOUND('',#1335,.T.);
#1444=FACE_BOUND('',#1336,.T.);
#1445=FACE_BOUND('',#1337,.T.);
#1446=FACE_BOUND('',#1338,.T.);
#1447=FACE_BOUND('',#1339,.T.);
#1448=FACE_BOUND('',#1340,.T.);
#1449=FACE_BOUND('',#1341,.T.);
#1450=FACE_BOUND('',#1342,.T.);
#1451=FACE_BOUND('',#1343,.T.);
#1452=FACE_BOUND('',#1344,.T.);
#1453=FACE_BOUND('',#12,.T.);
#1454=FACE_BOUND('',#1345,.T.);
#1455=FACE_BOUND('',#1346,.T.);
#1456=FACE_BOUND('',#1347,.T.);
#1457=FACE_BOUND('',#13,.T.);
#1458=FACE_BOUND('',#1348,.T.);
#1459=FACE_BOUND('',#1349,.T.);
#1460=FACE_BOUND('',#1350,.T.);
#1461=FACE_BOUND('',#14,.T.);
#1462=FACE_BOUND('',#1351,.T.);
#1463=FACE_BOUND('',#1352,.T.);
#1464=FACE_BOUND('',#1353,.T.);
#1465=FACE_BOUND('',#15,.T.);
#1466=FACE_BOUND('',#1354,.T.);
#1467=FACE_BOUND('',#1355,.T.);
#1468=FACE_BOUND('',#1356,.T.);
#1469=FACE_BOUND('',#1357,.T.);
#1470=FACE_BOUND('',#1358,.T.);
#1471=FACE_BOUND('',#1359,.T.);
#1472=FACE_BOUND('',#1360,.T.);
#1473=FACE_BOUND('',#1361,.T.);
#1474=FACE_BOUND('',#1362,.T.);
#1475=FACE_BOUND('',#1363,.T.);
#1476=FACE_BOUND('',#1364,.T.);
#1477=FACE_BOUND('',#1365,.T.);
#1478=FACE_BOUND('',#1366,.T.);
#1479=FACE_BOUND('',#1367,.T.);
#1480=FACE_BOUND('',#1368,.T.);
#1481=FACE_BOUND('',#1369,.T.);
#1482=FACE_BOUND('',#1370,.T.);
#1483=FACE_BOUND('',#1371,.T.);
#1484=FACE_BOUND('',#1372,.T.);
#1485=FACE_BOUND('',#1373,.T.);
#1486=FACE_BOUND('',#1374,.T.);
#1487=FACE_BOUND('',#1375,.T.);
#1488=FACE_BOUND('',#1376,.T.);
#1489=FACE_BOUND('',#1377,.T.);
#1490=FACE_BOUND('',#1378,.T.);
#1491=FACE_BOUND('',#1379,.T.);
#1492=FACE_BOUND('',#1380,.T.);
#1493=FACE_BOUND('',#1381,.T.);
#1494=FACE_BOUND('',#1382,.T.);
#1495=FACE_BOUND('',#1383,.T.);
#1496=FACE_BOUND('',#1384,.T.);
#1497=FACE_BOUND('',#1385,.T.);
#1498=FACE_BOUND('',#1386,.T.);
#1499=FACE_BOUND('',#1387,.T.);
#1500=FACE_BOUND('',#1388,.T.);
#1501=FACE_BOUND('',#1389,.T.);
#1502=FACE_BOUND('',#1390,.T.);
#1503=FACE_BOUND('',#1391,.T.);
#1504=FACE_BOUND('',#1392,.T.);
#1505=FACE_BOUND('',#1393,.T.);
#1506=FACE_BOUND('',#1394,.T.);
#1507=FACE_BOUND('',#1395,.T.);
#1508=FACE_BOUND('',#1396,.T.);
#1509=FACE_BOUND('',#1397,.T.);
#1510=B_SPLINE_SURFACE_WITH_KNOTS('',5,1,((#2194,#2195),(#2196,#2197),(#2198,
#2199),(#2200,#2201),(#2202,#2203),(#2204,#2205),(#2206,#2207),(#2208,#2209)),
 .SURF_OF_LINEAR_EXTRUSION.,.F.,.F.,.F.,(6,2,6),(2,2),(0.,0.5,1.),(0.,1.),
 .UNSPECIFIED.);
#1511=B_SPLINE_SURFACE_WITH_KNOTS('',5,1,((#2287,#2288),(#2289,#2290),(#2291,
#2292),(#2293,#2294),(#2295,#2296),(#2297,#2298),(#2299,#2300),(#2301,#2302)),
 .SURF_OF_LINEAR_EXTRUSION.,.F.,.F.,.F.,(6,2,6),(2,2),(0.,0.5,1.),(0.,1.),
 .UNSPECIFIED.);
#1512=B_SPLINE_SURFACE_WITH_KNOTS('',5,1,((#2371,#2372),(#2373,#2374),(#2375,
#2376),(#2377,#2378),(#2379,#2380),(#2381,#2382),(#2383,#2384),(#2385,#2386)),
 .SURF_OF_LINEAR_EXTRUSION.,.F.,.F.,.F.,(6,2,6),(2,2),(0.,0.5,0.999999999988113),
(0.,1.),.UNSPECIFIED.);
#1513=B_SPLINE_SURFACE_WITH_KNOTS('',5,1,((#2455,#2456),(#2457,#2458),(#2459,
#2460),(#2461,#2462),(#2463,#2464),(#2465,#2466),(#2467,#2468),(#2469,#2470)),
 .SURF_OF_LINEAR_EXTRUSION.,.F.,.F.,.F.,(6,2,6),(2,2),(0.,0.5,0.999999999977516),
(0.,1.),.UNSPECIFIED.);
#1514=ADVANCED_FACE('',(#1398),#1510,.T.);
#1515=ADVANCED_FACE('',(#1399),#434,.T.);
#1516=ADVANCED_FACE('',(#1400),#1511,.T.);
#1517=ADVANCED_FACE('',(#1401),#435,.T.);
#1518=ADVANCED_FACE('',(#1402),#1512,.T.);
#1519=ADVANCED_FACE('',(#1403),#436,.T.);
#1520=ADVANCED_FACE('',(#1404),#1513,.T.);
#1521=ADVANCED_FACE('',(#1405),#437,.T.);
#1522=ADVANCED_FACE('',(#1406),#390,.T.);
#1523=ADVANCED_FACE('',(#1407),#391,.T.);
#1524=ADVANCED_FACE('',(#1408),#392,.T.);
#1525=ADVANCED_FACE('',(#1409),#393,.T.);
#1526=ADVANCED_FACE('',(#1410),#394,.T.);
#1527=ADVANCED_FACE('',(#1411),#395,.T.);
#1528=ADVANCED_FACE('',(#1412),#396,.T.);
#1529=ADVANCED_FACE('',(#1413),#397,.T.);
#1530=ADVANCED_FACE('',(#1414,#1415),#398,.T.);
#1531=ADVANCED_FACE('',(#1416,#1417,#1418,#1419,#1420),#399,.T.);
#1532=ADVANCED_FACE('',(#1421),#400,.F.);
#1533=ADVANCED_FACE('',(#1422),#401,.F.);
#1534=ADVANCED_FACE('',(#1423),#402,.T.);
#1535=ADVANCED_FACE('',(#1424),#403,.F.);
#1536=ADVANCED_FACE('',(#1425),#20,.F.);
#1537=ADVANCED_FACE('',(#1426),#21,.F.);
#1538=ADVANCED_FACE('',(#1427),#22,.F.);
#1539=ADVANCED_FACE('',(#1428),#23,.F.);
#1540=ADVANCED_FACE('',(#1429),#24,.T.);
#1541=ADVANCED_FACE('',(#1430,#1431),#404,.F.);
#1542=ADVANCED_FACE('',(#1432),#25,.T.);
#1543=ADVANCED_FACE('',(#1433),#405,.F.);
#1544=ADVANCED_FACE('',(#1434),#26,.T.);
#1545=ADVANCED_FACE('',(#1435),#406,.T.);
#1546=ADVANCED_FACE('',(#1436),#27,.T.);
#1547=ADVANCED_FACE('',(#1437,#1438),#28,.T.);
#1548=ADVANCED_FACE('',(#1439,#1440),#407,.T.);
#1549=ADVANCED_FACE('',(#1441,#1442),#29,.T.);
#1550=ADVANCED_FACE('',(#1443,#1444),#408,.T.);
#1551=ADVANCED_FACE('',(#1445,#1446),#30,.T.);
#1552=ADVANCED_FACE('',(#1447,#1448),#409,.T.);
#1553=ADVANCED_FACE('',(#1449,#1450),#31,.T.);
#1554=ADVANCED_FACE('',(#1451,#1452),#410,.T.);
#1555=ADVANCED_FACE('',(#1453,#1454),#16,.F.);
#1556=ADVANCED_FACE('',(#1455,#1456),#32,.F.);
#1557=ADVANCED_FACE('',(#1457,#1458),#17,.F.);
#1558=ADVANCED_FACE('',(#1459,#1460),#33,.F.);
#1559=ADVANCED_FACE('',(#1461,#1462),#18,.F.);
#1560=ADVANCED_FACE('',(#1463,#1464),#34,.F.);
#1561=ADVANCED_FACE('',(#1465,#1466),#19,.F.);
#1562=ADVANCED_FACE('',(#1467,#1468),#35,.F.);
#1563=ADVANCED_FACE('',(#1469),#411,.T.);
#1564=ADVANCED_FACE('',(#1470),#412,.F.);
#1565=ADVANCED_FACE('',(#1471),#36,.F.);
#1566=ADVANCED_FACE('',(#1472),#37,.F.);
#1567=ADVANCED_FACE('',(#1473),#38,.F.);
#1568=ADVANCED_FACE('',(#1474),#39,.F.);
#1569=ADVANCED_FACE('',(#1475),#413,.F.);
#1570=ADVANCED_FACE('',(#1476),#414,.F.);
#1571=ADVANCED_FACE('',(#1477),#415,.T.);
#1572=ADVANCED_FACE('',(#1478),#416,.T.);
#1573=ADVANCED_FACE('',(#1479),#417,.F.);
#1574=ADVANCED_FACE('',(#1480),#418,.T.);
#1575=ADVANCED_FACE('',(#1481),#419,.T.);
#1576=ADVANCED_FACE('',(#1482),#420,.F.);
#1577=ADVANCED_FACE('',(#1483),#421,.T.);
#1578=ADVANCED_FACE('',(#1484),#422,.T.);
#1579=ADVANCED_FACE('',(#1485),#423,.F.);
#1580=ADVANCED_FACE('',(#1486),#424,.T.);
#1581=ADVANCED_FACE('',(#1487),#425,.T.);
#1582=ADVANCED_FACE('',(#1488),#426,.F.);
#1583=ADVANCED_FACE('',(#1489),#427,.T.);
#1584=ADVANCED_FACE('',(#1490),#428,.T.);
#1585=ADVANCED_FACE('',(#1491),#429,.F.);
#1586=ADVANCED_FACE('',(#1492),#430,.T.);
#1587=ADVANCED_FACE('',(#1493),#431,.T.);
#1588=ADVANCED_FACE('',(#1494),#432,.T.);
#1589=ADVANCED_FACE('',(#1495),#433,.T.);
#1590=ADVANCED_FACE('',(#1496),#40,.F.);
#1591=ADVANCED_FACE('',(#1497),#41,.F.);
#1592=ADVANCED_FACE('',(#1498),#42,.F.);
#1593=ADVANCED_FACE('',(#1499),#43,.F.);
#1594=ADVANCED_FACE('',(#1500),#44,.F.);
#1595=ADVANCED_FACE('',(#1501),#45,.F.);
#1596=ADVANCED_FACE('',(#1502),#46,.F.);
#1597=ADVANCED_FACE('',(#1503),#47,.F.);
#1598=ADVANCED_FACE('',(#1504),#48,.F.);
#1599=ADVANCED_FACE('',(#1505),#49,.F.);
#1600=ADVANCED_FACE('',(#1506),#50,.F.);
#1601=ADVANCED_FACE('',(#1507),#51,.F.);
#1602=ADVANCED_FACE('',(#1508),#52,.F.);
#1603=ADVANCED_FACE('',(#1509),#53,.F.);
#1604=CLOSED_SHELL('',(#1514,#1515,#1516,#1517,#1518,#1519,#1520,#1521,
#1522,#1523,#1524,#1525,#1526,#1527,#1528,#1529,#1530,#1531,#1532,#1533,
#1534,#1535,#1536,#1537,#1538,#1539,#1540,#1541,#1542,#1543,#1544,#1545,
#1546,#1547,#1548,#1549,#1550,#1551,#1552,#1553,#1554,#1555,#1556,#1557,
#1558,#1559,#1560,#1561,#1562,#1563,#1564,#1565,#1566,#1567,#1568,#1569,
#1570,#1571,#1572,#1573,#1574,#1575,#1576,#1577,#1578,#1579,#1580,#1581,
#1582,#1583,#1584,#1585,#1586,#1587,#1588,#1589,#1590,#1591,#1592,#1593,
#1594,#1595,#1596,#1597,#1598,#1599,#1600,#1601,#1602,#1603));
#1605=STYLED_ITEM('',(#1606),#1613);
#1606=PRESENTATION_STYLE_ASSIGNMENT((#1607));
#1607=SURFACE_STYLE_USAGE(.BOTH.,#1608);
#1608=SURFACE_SIDE_STYLE('',(#1609));
#1609=SURFACE_STYLE_FILL_AREA(#1610);
#1610=FILL_AREA_STYLE('',(#1611));
#1611=FILL_AREA_STYLE_COLOUR('',#1612);
#1612=COLOUR_RGB('',0.262745098039216,0.282352941176471,0.301960784313725);
#1613=MANIFOLD_SOLID_BREP('Bottom Case',#1604);
#1614=SHAPE_DEFINITION_REPRESENTATION(#2958,#1615);
#1615=SHAPE_REPRESENTATION('Bottom Case',(#1616),#2953);
#1616=AXIS2_PLACEMENT_3D('',#2193,#1763,#1764);
#1617=AXIS2_PLACEMENT_3D('',#2530,#1765,#1766);
#1618=AXIS2_PLACEMENT_3D('',#2539,#1771,#1772);
#1619=AXIS2_PLACEMENT_3D('',#2543,#1774,#1775);
#1620=AXIS2_PLACEMENT_3D('',#2551,#1779,#1780);
#1621=AXIS2_PLACEMENT_3D('',#2555,#1782,#1783);
#1622=AXIS2_PLACEMENT_3D('',#2563,#1787,#1788);
#1623=AXIS2_PLACEMENT_3D('',#2567,#1790,#1791);
#1624=AXIS2_PLACEMENT_3D('',#2575,#1795,#1796);
#1625=AXIS2_PLACEMENT_3D('',#2579,#1798,#1799);
#1626=AXIS2_PLACEMENT_3D('',#2587,#1803,#1804);
#1627=AXIS2_PLACEMENT_3D('',#2591,#1806,#1807);
#1628=AXIS2_PLACEMENT_3D('',#2599,#1811,#1812);
#1629=AXIS2_PLACEMENT_3D('',#2603,#1814,#1815);
#1630=AXIS2_PLACEMENT_3D('',#2611,#1819,#1820);
#1631=AXIS2_PLACEMENT_3D('',#2615,#1822,#1823);
#1632=AXIS2_PLACEMENT_3D('',#2620,#1826,#1827);
#1633=AXIS2_PLACEMENT_3D('',#2626,#1831,#1832);
#1634=AXIS2_PLACEMENT_3D('',#2631,#1835,#1836);
#1635=AXIS2_PLACEMENT_3D('',#2635,#1838,#1839);
#1636=AXIS2_PLACEMENT_3D('',#2639,#1841,#1842);
#1637=AXIS2_PLACEMENT_3D('',#2643,#1844,#1845);
#1638=AXIS2_PLACEMENT_3D('',#2648,#1848,#1849);
#1639=AXIS2_PLACEMENT_3D('',#2652,#1851,#1852);
#1640=AXIS2_PLACEMENT_3D('',#2656,#1854,#1855);
#1641=AXIS2_PLACEMENT_3D('',#2660,#1857,#1858);
#1642=AXIS2_PLACEMENT_3D('',#2661,#1859,#1860);
#1643=AXIS2_PLACEMENT_3D('',#2667,#1864,#1865);
#1644=AXIS2_PLACEMENT_3D('',#2673,#1869,#1870);
#1645=AXIS2_PLACEMENT_3D('',#2679,#1874,#1875);
#1646=AXIS2_PLACEMENT_3D('',#2685,#1879,#1880);
#1647=AXIS2_PLACEMENT_3D('',#2691,#1884,#1885);
#1648=AXIS2_PLACEMENT_3D('',#2692,#1886,#1887);
#1649=AXIS2_PLACEMENT_3D('',#2695,#1888,#1889);
#1650=AXIS2_PLACEMENT_3D('',#2699,#1891,#1892);
#1651=AXIS2_PLACEMENT_3D('',#2701,#1893,#1894);
#1652=AXIS2_PLACEMENT_3D('',#2709,#1899,#1900);
#1653=AXIS2_PLACEMENT_3D('',#2713,#1902,#1903);
#1654=AXIS2_PLACEMENT_3D('',#2714,#1904,#1905);
#1655=AXIS2_PLACEMENT_3D('',#2718,#1907,#1908);
#1656=AXIS2_PLACEMENT_3D('',#2722,#1910,#1911);
#1657=AXIS2_PLACEMENT_3D('',#2723,#1912,#1913);
#1658=AXIS2_PLACEMENT_3D('',#2725,#1914,#1915);
#1659=AXIS2_PLACEMENT_3D('',#2727,#1916,#1917);
#1660=AXIS2_PLACEMENT_3D('',#2729,#1918,#1919);
#1661=AXIS2_PLACEMENT_3D('',#2731,#1920,#1921);
#1662=AXIS2_PLACEMENT_3D('',#2732,#1922,#1923);
#1663=AXIS2_PLACEMENT_3D('',#2735,#1925,#1926);
#1664=AXIS2_PLACEMENT_3D('',#2739,#1928,#1929);
#1665=AXIS2_PLACEMENT_3D('',#2744,#1932,#1933);
#1666=AXIS2_PLACEMENT_3D('',#2748,#1935,#1936);
#1667=AXIS2_PLACEMENT_3D('',#2753,#1939,#1940);
#1668=AXIS2_PLACEMENT_3D('',#2757,#1942,#1943);
#1669=AXIS2_PLACEMENT_3D('',#2762,#1946,#1947);
#1670=AXIS2_PLACEMENT_3D('',#2766,#1949,#1950);
#1671=AXIS2_PLACEMENT_3D('',#2771,#1953,#1954);
#1672=AXIS2_PLACEMENT_3D('',#2775,#1956,#1957);
#1673=AXIS2_PLACEMENT_3D('',#2780,#1960,#1961);
#1674=AXIS2_PLACEMENT_3D('',#2784,#1963,#1964);
#1675=AXIS2_PLACEMENT_3D('',#2789,#1967,#1968);
#1676=AXIS2_PLACEMENT_3D('',#2793,#1970,#1971);
#1677=AXIS2_PLACEMENT_3D('',#2798,#1975,#1976);
#1678=AXIS2_PLACEMENT_3D('',#2801,#1979,#1980);
#1679=AXIS2_PLACEMENT_3D('',#2804,#1983,#1984);
#1680=AXIS2_PLACEMENT_3D('',#2805,#1985,#1986);
#1681=AXIS2_PLACEMENT_3D('',#2806,#1987,#1988);
#1682=AXIS2_PLACEMENT_3D('',#2807,#1989,#1990);
#1683=AXIS2_PLACEMENT_3D('',#2808,#1991,#1992);
#1684=AXIS2_PLACEMENT_3D('',#2810,#1994,#1995);
#1685=AXIS2_PLACEMENT_3D('',#2814,#1997,#1998);
#1686=AXIS2_PLACEMENT_3D('',#2816,#1999,#2000);
#1687=AXIS2_PLACEMENT_3D('',#2820,#2002,#2003);
#1688=AXIS2_PLACEMENT_3D('',#2822,#2004,#2005);
#1689=AXIS2_PLACEMENT_3D('',#2824,#2007,#2008);
#1690=AXIS2_PLACEMENT_3D('',#2826,#2010,#2011);
#1691=AXIS2_PLACEMENT_3D('',#2828,#2013,#2014);
#1692=AXIS2_PLACEMENT_3D('',#2830,#2016,#2017);
#1693=AXIS2_PLACEMENT_3D('',#2832,#2019,#2020);
#1694=AXIS2_PLACEMENT_3D('',#2833,#2021,#2022);
#1695=AXIS2_PLACEMENT_3D('',#2834,#2023,#2024);
#1696=AXIS2_PLACEMENT_3D('',#2836,#2025,#2026);
#1697=AXIS2_PLACEMENT_3D('',#2837,#2027,#2028);
#1698=AXIS2_PLACEMENT_3D('',#2839,#2029,#2030);
#1699=AXIS2_PLACEMENT_3D('',#2840,#2031,#2032);
#1700=AXIS2_PLACEMENT_3D('',#2842,#2033,#2034);
#1701=AXIS2_PLACEMENT_3D('',#2843,#2035,#2036);
#1702=AXIS2_PLACEMENT_3D('',#2845,#2037,#2038);
#1703=AXIS2_PLACEMENT_3D('',#2846,#2039,#2040);
#1704=AXIS2_PLACEMENT_3D('',#2848,#2041,#2042);
#1705=AXIS2_PLACEMENT_3D('',#2849,#2043,#2044);
#1706=AXIS2_PLACEMENT_3D('',#2851,#2045,#2046);
#1707=AXIS2_PLACEMENT_3D('',#2852,#2047,#2048);
#1708=AXIS2_PLACEMENT_3D('',#2854,#2049,#2050);
#1709=AXIS2_PLACEMENT_3D('',#2855,#2051,#2052);
#1710=AXIS2_PLACEMENT_3D('',#2857,#2053,#2054);
#1711=AXIS2_PLACEMENT_3D('',#2859,#2055,#2056);
#1712=AXIS2_PLACEMENT_3D('',#2861,#2057,#2058);
#1713=AXIS2_PLACEMENT_3D('',#2862,#2059,#2060);
#1714=AXIS2_PLACEMENT_3D('',#2864,#2061,#2062);
#1715=AXIS2_PLACEMENT_3D('',#2866,#2063,#2064);
#1716=AXIS2_PLACEMENT_3D('',#2867,#2065,#2066);
#1717=AXIS2_PLACEMENT_3D('',#2869,#2067,#2068);
#1718=AXIS2_PLACEMENT_3D('',#2871,#2069,#2070);
#1719=AXIS2_PLACEMENT_3D('',#2872,#2071,#2072);
#1720=AXIS2_PLACEMENT_3D('',#2874,#2073,#2074);
#1721=AXIS2_PLACEMENT_3D('',#2876,#2075,#2076);
#1722=AXIS2_PLACEMENT_3D('',#2877,#2077,#2078);
#1723=AXIS2_PLACEMENT_3D('',#2880,#2081,#2082);
#1724=AXIS2_PLACEMENT_3D('',#2883,#2085,#2086);
#1725=AXIS2_PLACEMENT_3D('',#2885,#2088,#2089);
#1726=AXIS2_PLACEMENT_3D('',#2886,#2090,#2091);
#1727=AXIS2_PLACEMENT_3D('',#2888,#2093,#2094);
#1728=AXIS2_PLACEMENT_3D('',#2889,#2095,#2096);
#1729=AXIS2_PLACEMENT_3D('',#2891,#2098,#2099);
#1730=AXIS2_PLACEMENT_3D('',#2893,#2101,#2102);
#1731=AXIS2_PLACEMENT_3D('',#2896,#2105,#2106);
#1732=AXIS2_PLACEMENT_3D('',#2898,#2108,#2109);
#1733=AXIS2_PLACEMENT_3D('',#2900,#2111,#2112);
#1734=AXIS2_PLACEMENT_3D('',#2903,#2115,#2116);
#1735=AXIS2_PLACEMENT_3D('',#2905,#2118,#2119);
#1736=AXIS2_PLACEMENT_3D('',#2907,#2121,#2122);
#1737=AXIS2_PLACEMENT_3D('',#2910,#2125,#2126);
#1738=AXIS2_PLACEMENT_3D('',#2912,#2128,#2129);
#1739=AXIS2_PLACEMENT_3D('',#2914,#2131,#2132);
#1740=AXIS2_PLACEMENT_3D('',#2917,#2135,#2136);
#1741=AXIS2_PLACEMENT_3D('',#2919,#2138,#2139);
#1742=AXIS2_PLACEMENT_3D('',#2921,#2141,#2142);
#1743=AXIS2_PLACEMENT_3D('',#2924,#2145,#2146);
#1744=AXIS2_PLACEMENT_3D('',#2926,#2148,#2149);
#1745=AXIS2_PLACEMENT_3D('',#2928,#2151,#2152);
#1746=AXIS2_PLACEMENT_3D('',#2931,#2155,#2156);
#1747=AXIS2_PLACEMENT_3D('',#2933,#2158,#2159);
#1748=AXIS2_PLACEMENT_3D('',#2935,#2161,#2162);
#1749=AXIS2_PLACEMENT_3D('',#2938,#2165,#2166);
#1750=AXIS2_PLACEMENT_3D('',#2939,#2167,#2168);
#1751=AXIS2_PLACEMENT_3D('',#2940,#2169,#2170);
#1752=AXIS2_PLACEMENT_3D('',#2941,#2171,#2172);
#1753=AXIS2_PLACEMENT_3D('',#2942,#2173,#2174);
#1754=AXIS2_PLACEMENT_3D('',#2943,#2175,#2176);
#1755=AXIS2_PLACEMENT_3D('',#2944,#2177,#2178);
#1756=AXIS2_PLACEMENT_3D('',#2945,#2179,#2180);
#1757=AXIS2_PLACEMENT_3D('',#2946,#2181,#2182);
#1758=AXIS2_PLACEMENT_3D('',#2947,#2183,#2184);
#1759=AXIS2_PLACEMENT_3D('',#2948,#2185,#2186);
#1760=AXIS2_PLACEMENT_3D('',#2949,#2187,#2188);
#1761=AXIS2_PLACEMENT_3D('',#2950,#2189,#2190);
#1762=AXIS2_PLACEMENT_3D('',#2951,#2191,#2192);
#1763=DIRECTION('',(0.,0.,1.));
#1764=DIRECTION('',(1.,0.,0.));
#1765=DIRECTION('',(-2.40151840208445E-16,1.,0.));
#1766=DIRECTION('',(-1.,-2.40151840208445E-16,0.));
#1767=DIRECTION('',(0.,0.,-1.));
#1768=DIRECTION('',(0.,0.,-1.));
#1769=DIRECTION('',(1.,2.40151840208445E-16,0.));
#1770=DIRECTION('',(0.,0.,-1.));
#1771=DIRECTION('',(-2.40151840208445E-16,1.,0.));
#1772=DIRECTION('',(-1.,-2.40151840208445E-16,0.));
#1773=DIRECTION('',(1.,2.04037106089956E-16,0.));
#1774=DIRECTION('',(-2.40151840208445E-16,1.,0.));
#1775=DIRECTION('',(-1.,-2.40151840208445E-16,0.));
#1776=DIRECTION('',(0.,0.,-1.));
#1777=DIRECTION('',(1.,2.40151840208445E-16,0.));
#1778=DIRECTION('',(0.,0.,-1.));
#1779=DIRECTION('',(-2.40151840208445E-16,1.,0.));
#1780=DIRECTION('',(-1.,-2.40151840208445E-16,0.));
#1781=DIRECTION('',(1.,2.03941156357489E-16,0.));
#1782=DIRECTION('',(-2.40151840208445E-16,1.,0.));
#1783=DIRECTION('',(-1.,-2.40151840208445E-16,0.));
#1784=DIRECTION('',(0.,0.,-1.));
#1785=DIRECTION('',(1.,2.40151840208445E-16,0.));
#1786=DIRECTION('',(0.,0.,-1.));
#1787=DIRECTION('',(-2.40151840208445E-16,1.,0.));
#1788=DIRECTION('',(-1.,-2.40151840208445E-16,0.));
#1789=DIRECTION('',(1.,2.03941156357489E-16,0.));
#1790=DIRECTION('',(-2.40151840208445E-16,1.,0.));
#1791=DIRECTION('',(-1.,-2.40151840208445E-16,0.));
#1792=DIRECTION('',(0.,0.,-1.));
#1793=DIRECTION('',(1.,2.40151840208445E-16,0.));
#1794=DIRECTION('',(0.,0.,-1.));
#1795=DIRECTION('',(-2.40151840208445E-16,1.,0.));
#1796=DIRECTION('',(-1.,-2.40151840208445E-16,0.));
#1797=DIRECTION('',(1.,2.03941156357489E-16,0.));
#1798=DIRECTION('',(-2.40151840208445E-16,1.,0.));
#1799=DIRECTION('',(-1.,-2.40151840208445E-16,0.));
#1800=DIRECTION('',(0.,0.,-1.));
#1801=DIRECTION('',(1.,2.40151840208445E-16,0.));
#1802=DIRECTION('',(0.,0.,-1.));
#1803=DIRECTION('',(-2.40151840208445E-16,1.,0.));
#1804=DIRECTION('',(-1.,-2.40151840208445E-16,0.));
#1805=DIRECTION('',(1.,2.03941156357489E-16,0.));
#1806=DIRECTION('',(-2.40151840208445E-16,1.,0.));
#1807=DIRECTION('',(-1.,-2.40151840208445E-16,0.));
#1808=DIRECTION('',(0.,0.,-1.));
#1809=DIRECTION('',(1.,2.40151840208445E-16,0.));
#1810=DIRECTION('',(0.,0.,-1.));
#1811=DIRECTION('',(-2.40151840208445E-16,1.,0.));
#1812=DIRECTION('',(-1.,-2.40151840208445E-16,0.));
#1813=DIRECTION('',(1.,4.07882312714979E-16,0.));
#1814=DIRECTION('',(-2.40151840208445E-16,1.,0.));
#1815=DIRECTION('',(-1.,-2.40151840208445E-16,0.));
#1816=DIRECTION('',(0.,0.,-1.));
#1817=DIRECTION('',(1.,2.40151840208445E-16,0.));
#1818=DIRECTION('',(0.,0.,-1.));
#1819=DIRECTION('',(-2.40151840208445E-16,1.,0.));
#1820=DIRECTION('',(-1.,-2.40151840208445E-16,0.));
#1821=DIRECTION('',(1.,2.03941156357489E-16,0.));
#1822=DIRECTION('',(-2.40151840208445E-16,1.,0.));
#1823=DIRECTION('',(-1.,-2.40151840208445E-16,0.));
#1824=DIRECTION('',(0.,0.,-1.));
#1825=DIRECTION('',(1.,2.40151840208445E-16,0.));
#1826=DIRECTION('',(0.,0.,1.));
#1827=DIRECTION('',(1.,0.,0.));
#1828=DIRECTION('',(1.,2.47774377232408E-16,0.));
#1829=DIRECTION('',(0.,1.,0.));
#1830=DIRECTION('',(0.,1.,0.));
#1831=DIRECTION('',(0.,0.,1.));
#1832=DIRECTION('',(1.,0.,0.));
#1833=DIRECTION('',(0.,-1.,0.));
#1834=DIRECTION('',(1.,2.47774377232408E-16,0.));
#1835=DIRECTION('',(0.,0.,1.));
#1836=DIRECTION('',(1.,0.,0.));
#1837=DIRECTION('',(6.30808536718839E-16,-1.,0.));
#1838=DIRECTION('',(0.,0.,1.));
#1839=DIRECTION('',(1.,0.,0.));
#1840=DIRECTION('',(1.,2.4093381610789E-16,0.));
#1841=DIRECTION('',(0.,0.,1.));
#1842=DIRECTION('',(1.,0.,0.));
#1843=DIRECTION('',(8.16340459283204E-16,-1.,0.));
#1844=DIRECTION('',(0.,0.,1.));
#1845=DIRECTION('',(1.,0.,0.));
#1846=DIRECTION('',(1.,2.47774377232408E-16,0.));
#1847=DIRECTION('',(4.33680868994202E-16,-1.,0.));
#1848=DIRECTION('',(0.,0.,1.));
#1849=DIRECTION('',(1.,0.,0.));
#1850=DIRECTION('',(0.,-1.,0.));
#1851=DIRECTION('',(0.,0.,1.));
#1852=DIRECTION('',(1.,0.,0.));
#1853=DIRECTION('',(1.,2.37633352873536E-16,0.));
#1854=DIRECTION('',(0.,0.,1.));
#1855=DIRECTION('',(1.,0.,0.));
#1856=DIRECTION('',(3.01691039300315E-16,-1.,0.));
#1857=DIRECTION('',(0.,0.,1.));
#1858=DIRECTION('',(1.,0.,0.));
#1859=DIRECTION('',(0.,0.,1.));
#1860=DIRECTION('',(1.,0.,0.));
#1861=DIRECTION('',(1.,2.47774377232408E-16,0.));
#1862=DIRECTION('',(0.,1.,0.));
#1863=DIRECTION('',(-1.73472347597681E-15,1.,0.));
#1864=DIRECTION('',(0.,0.,1.));
#1865=DIRECTION('',(1.,0.,0.));
#1866=DIRECTION('',(1.,2.47774377232408E-16,0.));
#1867=DIRECTION('',(-1.73472347597681E-15,1.,0.));
#1868=DIRECTION('',(-1.73472347597681E-15,1.,0.));
#1869=DIRECTION('',(0.,0.,1.));
#1870=DIRECTION('',(1.,0.,0.));
#1871=DIRECTION('',(1.,2.47774377232408E-16,0.));
#1872=DIRECTION('',(-1.73472347597681E-15,1.,0.));
#1873=DIRECTION('',(-1.73472347597681E-15,1.,0.));
#1874=DIRECTION('',(0.,0.,1.));
#1875=DIRECTION('',(1.,0.,0.));
#1876=DIRECTION('',(1.,2.47774377232408E-16,0.));
#1877=DIRECTION('',(-1.73472347597681E-15,1.,0.));
#1878=DIRECTION('',(0.,1.,0.));
#1879=DIRECTION('',(0.,0.,1.));
#1880=DIRECTION('',(1.,0.,0.));
#1881=DIRECTION('',(1.,2.47774377232408E-16,0.));
#1882=DIRECTION('',(0.,1.,0.));
#1883=DIRECTION('',(0.,1.,0.));
#1884=DIRECTION('',(1.,8.16340459283204E-16,0.));
#1885=DIRECTION('',(-8.16340459283204E-16,1.,0.));
#1886=DIRECTION('',(1.,8.16340459283204E-16,0.));
#1887=DIRECTION('',(-8.16340459283204E-16,1.,0.));
#1888=DIRECTION('',(1.,8.16340459283204E-16,0.));
#1889=DIRECTION('',(-8.16340459283204E-16,1.,0.));
#1890=DIRECTION('',(0.,-1.,0.));
#1891=DIRECTION('',(1.,8.16340459283204E-16,0.));
#1892=DIRECTION('',(-8.16340459283204E-16,1.,0.));
#1893=DIRECTION('',(1.,8.16340459283204E-16,0.));
#1894=DIRECTION('',(-8.16340459283204E-16,1.,0.));
#1895=DIRECTION('',(0.,-1.,0.));
#1896=DIRECTION('',(0.,0.,-1.));
#1897=DIRECTION('',(8.16340459283203E-16,-1.,0.));
#1898=DIRECTION('',(0.,0.,-1.));
#1899=DIRECTION('',(0.,0.,1.));
#1900=DIRECTION('',(1.,0.,0.));
#1901=DIRECTION('',(1.,3.06055659134934E-16,0.));
#1902=DIRECTION('',(0.,0.,1.));
#1903=DIRECTION('',(1.,0.,0.));
#1904=DIRECTION('',(0.,0.,1.));
#1905=DIRECTION('',(1.,0.,0.));
#1906=DIRECTION('',(1.,2.4093381610789E-16,0.));
#1907=DIRECTION('',(0.,0.,1.));
#1908=DIRECTION('',(1.,0.,0.));
#1909=DIRECTION('',(6.30808536718839E-16,-1.,0.));
#1910=DIRECTION('',(0.,0.,1.));
#1911=DIRECTION('',(1.,0.,0.));
#1912=DIRECTION('',(0.,0.,1.));
#1913=DIRECTION('',(1.,0.,0.));
#1914=DIRECTION('',(0.,0.,1.));
#1915=DIRECTION('',(1.,0.,0.));
#1916=DIRECTION('',(0.,0.,1.));
#1917=DIRECTION('',(1.,0.,0.));
#1918=DIRECTION('',(0.,0.,1.));
#1919=DIRECTION('',(1.,0.,0.));
#1920=DIRECTION('',(0.,0.,1.));
#1921=DIRECTION('',(1.,0.,0.));
#1922=DIRECTION('',(-2.47774377232408E-16,1.,0.));
#1923=DIRECTION('',(-1.,-2.47774377232408E-16,0.));
#1924=DIRECTION('',(0.,0.,-1.));
#1925=DIRECTION('',(-2.47774377232408E-16,1.,0.));
#1926=DIRECTION('',(-1.,-2.47774377232408E-16,0.));
#1927=DIRECTION('',(1.,2.03941156357489E-16,0.));
#1928=DIRECTION('',(-2.47774377232408E-16,1.,0.));
#1929=DIRECTION('',(-1.,-2.47774377232408E-16,0.));
#1930=DIRECTION('',(0.,0.,-1.));
#1931=DIRECTION('',(0.,0.,-1.));
#1932=DIRECTION('',(-2.47774377232408E-16,1.,0.));
#1933=DIRECTION('',(-1.,-2.47774377232408E-16,0.));
#1934=DIRECTION('',(1.,2.03941156357489E-16,0.));
#1935=DIRECTION('',(-2.47774377232408E-16,1.,0.));
#1936=DIRECTION('',(-1.,-2.47774377232408E-16,0.));
#1937=DIRECTION('',(0.,0.,-1.));
#1938=DIRECTION('',(0.,0.,-1.));
#1939=DIRECTION('',(-2.47774377232408E-16,1.,0.));
#1940=DIRECTION('',(-1.,-2.47774377232408E-16,0.));
#1941=DIRECTION('',(1.,3.05911734536234E-16,0.));
#1942=DIRECTION('',(-2.47774377232408E-16,1.,0.));
#1943=DIRECTION('',(-1.,-2.47774377232408E-16,0.));
#1944=DIRECTION('',(0.,0.,-1.));
#1945=DIRECTION('',(0.,0.,-1.));
#1946=DIRECTION('',(-2.47774377232408E-16,1.,0.));
#1947=DIRECTION('',(-1.,-2.47774377232408E-16,0.));
#1948=DIRECTION('',(1.,3.05911734536234E-16,0.));
#1949=DIRECTION('',(-2.47774377232408E-16,1.,0.));
#1950=DIRECTION('',(-1.,-2.47774377232408E-16,0.));
#1951=DIRECTION('',(0.,0.,-1.));
#1952=DIRECTION('',(0.,0.,-1.));
#1953=DIRECTION('',(-2.47774377232408E-16,1.,0.));
#1954=DIRECTION('',(-1.,-2.47774377232408E-16,0.));
#1955=DIRECTION('',(1.,2.0394115635749E-16,0.));
#1956=DIRECTION('',(-2.47774377232408E-16,1.,0.));
#1957=DIRECTION('',(-1.,-2.47774377232408E-16,0.));
#1958=DIRECTION('',(0.,0.,-1.));
#1959=DIRECTION('',(0.,0.,-1.));
#1960=DIRECTION('',(-2.47774377232408E-16,1.,0.));
#1961=DIRECTION('',(-1.,-2.47774377232408E-16,0.));
#1962=DIRECTION('',(1.,2.03941156357489E-16,0.));
#1963=DIRECTION('',(-2.47774377232408E-16,1.,0.));
#1964=DIRECTION('',(-1.,-2.47774377232408E-16,0.));
#1965=DIRECTION('',(0.,0.,-1.));
#1966=DIRECTION('',(0.,0.,-1.));
#1967=DIRECTION('',(-2.47774377232408E-16,1.,0.));
#1968=DIRECTION('',(-1.,-2.47774377232408E-16,0.));
#1969=DIRECTION('',(1.,3.06055659134934E-16,0.));
#1970=DIRECTION('',(-2.47774377232408E-16,1.,0.));
#1971=DIRECTION('',(-1.,-2.47774377232408E-16,0.));
#1972=DIRECTION('',(0.,0.,-1.));
#1973=DIRECTION('',(0.,0.,-1.));
#1974=DIRECTION('',(0.,0.,-1.));
#1975=DIRECTION('',(-2.4093381610789E-16,1.,0.));
#1976=DIRECTION('',(-1.,-2.4093381610789E-16,0.));
#1977=DIRECTION('',(0.,0.,-1.));
#1978=DIRECTION('',(0.,0.,-1.));
#1979=DIRECTION('',(1.,6.30808536718839E-16,0.));
#1980=DIRECTION('',(-6.30808536718839E-16,1.,0.));
#1981=DIRECTION('',(0.,0.,-1.));
#1982=DIRECTION('',(0.,0.,-1.));
#1983=DIRECTION('',(0.,0.,-1.));
#1984=DIRECTION('',(-1.,0.,0.));
#1985=DIRECTION('',(0.,0.,-1.));
#1986=DIRECTION('',(-1.,0.,0.));
#1987=DIRECTION('',(0.,0.,-1.));
#1988=DIRECTION('',(-1.,0.,0.));
#1989=DIRECTION('',(0.,0.,-1.));
#1990=DIRECTION('',(-1.,0.,0.));
#1991=DIRECTION('',(0.,0.,-1.));
#1992=DIRECTION('',(-1.,0.,0.));
#1993=DIRECTION('',(0.,0.,-1.));
#1994=DIRECTION('',(1.,0.,0.));
#1995=DIRECTION('',(0.,0.,-1.));
#1996=DIRECTION('',(1.38777878078145E-15,-1.,0.));
#1997=DIRECTION('',(1.,0.,0.));
#1998=DIRECTION('',(0.,0.,-1.));
#1999=DIRECTION('',(1.,0.,0.));
#2000=DIRECTION('',(0.,0.,-1.));
#2001=DIRECTION('',(1.38777878078145E-15,-1.,0.));
#2002=DIRECTION('',(1.,0.,0.));
#2003=DIRECTION('',(0.,0.,-1.));
#2004=DIRECTION('',(1.,0.,0.));
#2005=DIRECTION('',(0.,0.,-1.));
#2006=DIRECTION('',(0.,0.,-1.));
#2007=DIRECTION('',(0.,0.,-1.));
#2008=DIRECTION('',(-1.,0.,0.));
#2009=DIRECTION('',(0.,0.,-1.));
#2010=DIRECTION('',(-2.37633352873536E-16,1.,0.));
#2011=DIRECTION('',(-1.,-2.37633352873536E-16,0.));
#2012=DIRECTION('',(0.,0.,-1.));
#2013=DIRECTION('',(0.,0.,-1.));
#2014=DIRECTION('',(-1.,0.,0.));
#2015=DIRECTION('',(0.,0.,-1.));
#2016=DIRECTION('',(1.,3.01691039300315E-16,0.));
#2017=DIRECTION('',(-3.01691039300315E-16,1.,0.));
#2018=DIRECTION('',(0.,0.,-1.));
#2019=DIRECTION('',(0.,0.,-1.));
#2020=DIRECTION('',(-1.,0.,0.));
#2021=DIRECTION('',(0.,0.,-1.));
#2022=DIRECTION('',(-1.,0.,0.));
#2023=DIRECTION('',(0.,0.,1.));
#2024=DIRECTION('',(1.,0.,0.));
#2025=DIRECTION('',(0.,0.,1.));
#2026=DIRECTION('',(1.,0.,0.));
#2027=DIRECTION('',(0.,0.,-1.));
#2028=DIRECTION('',(-1.,0.,0.));
#2029=DIRECTION('',(0.,0.,-1.));
#2030=DIRECTION('',(-1.,0.,0.));
#2031=DIRECTION('',(0.,0.,1.));
#2032=DIRECTION('',(1.,0.,0.));
#2033=DIRECTION('',(0.,0.,1.));
#2034=DIRECTION('',(1.,0.,0.));
#2035=DIRECTION('',(0.,0.,-1.));
#2036=DIRECTION('',(-1.,0.,0.));
#2037=DIRECTION('',(0.,0.,-1.));
#2038=DIRECTION('',(-1.,0.,0.));
#2039=DIRECTION('',(0.,0.,1.));
#2040=DIRECTION('',(1.,0.,0.));
#2041=DIRECTION('',(0.,0.,1.));
#2042=DIRECTION('',(1.,0.,0.));
#2043=DIRECTION('',(0.,0.,-1.));
#2044=DIRECTION('',(-1.,0.,0.));
#2045=DIRECTION('',(0.,0.,-1.));
#2046=DIRECTION('',(-1.,0.,0.));
#2047=DIRECTION('',(0.,0.,1.));
#2048=DIRECTION('',(1.,0.,0.));
#2049=DIRECTION('',(0.,0.,1.));
#2050=DIRECTION('',(1.,0.,0.));
#2051=DIRECTION('',(0.,0.,-1.));
#2052=DIRECTION('',(-1.,0.,0.));
#2053=DIRECTION('',(0.,0.,1.));
#2054=DIRECTION('',(1.,0.,0.));
#2055=DIRECTION('',(0.,0.,-1.));
#2056=DIRECTION('',(-1.,0.,0.));
#2057=DIRECTION('',(0.,0.,-1.));
#2058=DIRECTION('',(-1.,0.,0.));
#2059=DIRECTION('',(0.,0.,1.));
#2060=DIRECTION('',(1.,0.,0.));
#2061=DIRECTION('',(0.,0.,-1.));
#2062=DIRECTION('',(-1.,0.,0.));
#2063=DIRECTION('',(0.,0.,-1.));
#2064=DIRECTION('',(-1.,0.,0.));
#2065=DIRECTION('',(0.,0.,1.));
#2066=DIRECTION('',(1.,0.,0.));
#2067=DIRECTION('',(0.,0.,-1.));
#2068=DIRECTION('',(-1.,0.,0.));
#2069=DIRECTION('',(0.,0.,-1.));
#2070=DIRECTION('',(-1.,0.,0.));
#2071=DIRECTION('',(0.,0.,1.));
#2072=DIRECTION('',(1.,0.,0.));
#2073=DIRECTION('',(0.,0.,-1.));
#2074=DIRECTION('',(-1.,0.,0.));
#2075=DIRECTION('',(0.,0.,-1.));
#2076=DIRECTION('',(-1.,0.,0.));
#2077=DIRECTION('',(0.,0.,1.));
#2078=DIRECTION('',(1.,0.,0.));
#2079=DIRECTION('',(-1.,0.,0.));
#2080=DIRECTION('',(-1.,0.,0.));
#2081=DIRECTION('',(0.,0.,1.));
#2082=DIRECTION('',(1.,0.,0.));
#2083=DIRECTION('',(-1.,0.,0.));
#2084=DIRECTION('',(-1.,0.,0.));
#2085=DIRECTION('',(1.,0.,0.));
#2086=DIRECTION('',(0.,0.,-1.));
#2087=DIRECTION('',(1.,0.,0.));
#2088=DIRECTION('',(-1.,0.,0.));
#2089=DIRECTION('',(0.,0.,1.));
#2090=DIRECTION('',(-1.,0.,0.));
#2091=DIRECTION('',(0.,0.,1.));
#2092=DIRECTION('',(-1.,0.,0.));
#2093=DIRECTION('',(1.,0.,0.));
#2094=DIRECTION('',(0.,0.,-1.));
#2095=DIRECTION('',(-1.,-4.33680868994202E-16,0.));
#2096=DIRECTION('',(4.33680868994202E-16,-1.,0.));
#2097=DIRECTION('',(-4.33680868994202E-16,1.,0.));
#2098=DIRECTION('',(1.,0.,0.));
#2099=DIRECTION('',(0.,0.,-1.));
#2100=DIRECTION('',(0.,-1.,0.));
#2101=DIRECTION('',(0.,0.,1.));
#2102=DIRECTION('',(1.,0.,0.));
#2103=DIRECTION('',(0.,-1.,0.));
#2104=DIRECTION('',(-4.33680868994202E-16,1.,0.));
#2105=DIRECTION('',(1.,0.,0.));
#2106=DIRECTION('',(0.,0.,-1.));
#2107=DIRECTION('',(0.,-1.,0.));
#2108=DIRECTION('',(1.,0.,0.));
#2109=DIRECTION('',(0.,0.,-1.));
#2110=DIRECTION('',(0.,-1.,0.));
#2111=DIRECTION('',(0.,0.,1.));
#2112=DIRECTION('',(1.,0.,0.));
#2113=DIRECTION('',(0.,-1.,0.));
#2114=DIRECTION('',(0.,-1.,0.));
#2115=DIRECTION('',(1.,1.73472347597681E-15,0.));
#2116=DIRECTION('',(-1.73472347597681E-15,1.,0.));
#2117=DIRECTION('',(1.73472347597681E-15,-1.,0.));
#2118=DIRECTION('',(1.,1.73472347597681E-15,0.));
#2119=DIRECTION('',(-1.73472347597681E-15,1.,0.));
#2120=DIRECTION('',(1.73472347597681E-15,-1.,0.));
#2121=DIRECTION('',(0.,0.,1.));
#2122=DIRECTION('',(1.,0.,0.));
#2123=DIRECTION('',(1.73472347597681E-15,-1.,0.));
#2124=DIRECTION('',(1.73472347597681E-15,-1.,0.));
#2125=DIRECTION('',(1.,1.73472347597681E-15,0.));
#2126=DIRECTION('',(-1.73472347597681E-15,1.,0.));
#2127=DIRECTION('',(1.73472347597681E-15,-1.,0.));
#2128=DIRECTION('',(1.,1.73472347597681E-15,0.));
#2129=DIRECTION('',(-1.73472347597681E-15,1.,0.));
#2130=DIRECTION('',(1.73472347597681E-15,-1.,0.));
#2131=DIRECTION('',(0.,0.,1.));
#2132=DIRECTION('',(1.,0.,0.));
#2133=DIRECTION('',(1.73472347597681E-15,-1.,0.));
#2134=DIRECTION('',(1.73472347597681E-15,-1.,0.));
#2135=DIRECTION('',(1.,1.73472347597681E-15,0.));
#2136=DIRECTION('',(-1.73472347597681E-15,1.,0.));
#2137=DIRECTION('',(1.73472347597681E-15,-1.,0.));
#2138=DIRECTION('',(1.,1.73472347597681E-15,0.));
#2139=DIRECTION('',(-1.73472347597681E-15,1.,0.));
#2140=DIRECTION('',(1.73472347597681E-15,-1.,0.));
#2141=DIRECTION('',(0.,0.,1.));
#2142=DIRECTION('',(1.,0.,0.));
#2143=DIRECTION('',(1.73472347597681E-15,-1.,0.));
#2144=DIRECTION('',(1.73472347597681E-15,-1.,0.));
#2145=DIRECTION('',(1.,0.,0.));
#2146=DIRECTION('',(0.,0.,-1.));
#2147=DIRECTION('',(0.,-1.,0.));
#2148=DIRECTION('',(1.,0.,0.));
#2149=DIRECTION('',(0.,0.,-1.));
#2150=DIRECTION('',(0.,-1.,0.));
#2151=DIRECTION('',(0.,0.,1.));
#2152=DIRECTION('',(1.,0.,0.));
#2153=DIRECTION('',(0.,-1.,0.));
#2154=DIRECTION('',(0.,-1.,0.));
#2155=DIRECTION('',(1.,0.,0.));
#2156=DIRECTION('',(0.,0.,-1.));
#2157=DIRECTION('',(0.,-1.,0.));
#2158=DIRECTION('',(-1.,0.,0.));
#2159=DIRECTION('',(0.,0.,1.));
#2160=DIRECTION('',(0.,1.,0.));
#2161=DIRECTION('',(0.,0.,1.));
#2162=DIRECTION('',(1.,0.,0.));
#2163=DIRECTION('',(0.,-1.,0.));
#2164=DIRECTION('',(0.,1.,0.));
#2165=DIRECTION('',(0.,1.,0.));
#2166=DIRECTION('',(0.,0.,1.));
#2167=DIRECTION('',(0.,-1.,0.));
#2168=DIRECTION('',(0.,0.,-1.));
#2169=DIRECTION('',(0.,-1.,0.));
#2170=DIRECTION('',(0.,0.,-1.));
#2171=DIRECTION('',(0.,1.,0.));
#2172=DIRECTION('',(0.,0.,1.));
#2173=DIRECTION('',(-1.73472347597681E-15,1.,0.));
#2174=DIRECTION('',(-1.,-1.73472347597681E-15,0.));
#2175=DIRECTION('',(1.73472347597681E-15,-1.,0.));
#2176=DIRECTION('',(1.,1.73472347597681E-15,0.));
#2177=DIRECTION('',(1.73472347597681E-15,-1.,0.));
#2178=DIRECTION('',(1.,1.73472347597681E-15,0.));
#2179=DIRECTION('',(-1.73472347597681E-15,1.,0.));
#2180=DIRECTION('',(-1.,-1.73472347597681E-15,0.));
#2181=DIRECTION('',(-1.73472347597681E-15,1.,0.));
#2182=DIRECTION('',(-1.,-1.73472347597681E-15,0.));
#2183=DIRECTION('',(1.73472347597681E-15,-1.,0.));
#2184=DIRECTION('',(1.,1.73472347597681E-15,0.));
#2185=DIRECTION('',(0.,-1.,0.));
#2186=DIRECTION('',(0.,0.,-1.));
#2187=DIRECTION('',(-4.33680868994202E-16,1.,0.));
#2188=DIRECTION('',(-1.,-4.33680868994202E-16,0.));
#2189=DIRECTION('',(0.,1.,0.));
#2190=DIRECTION('',(0.,0.,1.));
#2191=DIRECTION('',(0.,-1.,0.));
#2192=DIRECTION('',(0.,0.,-1.));
#2193=CARTESIAN_POINT('',(0.,0.,0.));
#2194=CARTESIAN_POINT('',(0.0743128648650646,0.00468231465069573,0.00353553390593274));
#2195=CARTESIAN_POINT('',(-0.0716871351349354,0.0046823146506957,0.00353553390593274));
#2196=CARTESIAN_POINT('',(0.0743128648650646,0.00468231465067198,0.00300520382004283));
#2197=CARTESIAN_POINT('',(-0.0716871351349354,0.00468231465067195,0.00300520382004283));
#2198=CARTESIAN_POINT('',(0.0743128648650646,0.00468231465067198,0.00247487373415292));
#2199=CARTESIAN_POINT('',(-0.0716871351349354,0.00468231465067195,0.00247487373415292));
#2200=CARTESIAN_POINT('',(0.0743128648650646,0.0043287612600787,0.00117851130198943));
#2201=CARTESIAN_POINT('',(-0.0716871351349354,0.00432876126007867,0.00117851130198943));
#2202=CARTESIAN_POINT('',(0.0743128648650646,0.00350380334867065,0.000353553390587323));
#2203=CARTESIAN_POINT('',(-0.0716871351349354,0.00350380334867062,0.000353553390587323));
#2204=CARTESIAN_POINT('',(0.0743128648650646,0.00220744091653091,4.4458083264251E-15));
#2205=CARTESIAN_POINT('',(-0.0716871351349354,0.00220744091653089,4.4458083264251E-15));
#2206=CARTESIAN_POINT('',(0.0743128648650646,0.00167711083065288,-1.48271267701838E-28));
#2207=CARTESIAN_POINT('',(-0.0716871351349354,0.00167711083065285,-1.48271267701838E-28));
#2208=CARTESIAN_POINT('',(0.0743128648650646,0.00114678074476297,0.));
#2209=CARTESIAN_POINT('',(-0.0716871351349354,0.00114678074476294,0.));
#2210=CARTESIAN_POINT('',(0.0743128648650646,0.00468231465069573,0.00353553390593274));
#2211=CARTESIAN_POINT('',(0.0743128648650646,0.00468231465067594,0.00309359216769115));
#2212=CARTESIAN_POINT('',(0.0743128648650646,0.0046362790529394,0.00214525885438477));
#2213=CARTESIAN_POINT('',(0.0743128648650646,0.0039043130489642,0.000778001601698995));
#2214=CARTESIAN_POINT('',(0.0743128648650646,0.00253705579629216,4.60355977351347E-5));
#2215=CARTESIAN_POINT('',(0.0743128648650646,0.00158872248300458,0.));
#2216=CARTESIAN_POINT('',(0.0743128648650646,0.00114678074476299,0.));
#2217=CARTESIAN_POINT('',(0.0743128648650646,0.00114678074476299,0.));
#2218=CARTESIAN_POINT('',(0.0743128648650646,0.00468231465069576,0.00353553390593275));
#2219=CARTESIAN_POINT('',(-0.0716871351349354,0.00114678074476295,0.));
#2220=CARTESIAN_POINT('',(-0.0230204684682687,0.00114678074476297,0.));
#2221=CARTESIAN_POINT('',(0.025646198198398,0.00114678074476298,0.));
#2222=CARTESIAN_POINT('',(0.0743128648650646,0.001146780744763,0.));
#2223=CARTESIAN_POINT('',(-0.0716871351349354,0.00114678074476296,0.));
#2224=CARTESIAN_POINT('',(-0.0716871351349354,0.00114678074476287,4.93189366053241E-41));
#2225=CARTESIAN_POINT('',(-0.0716871351349354,0.00158872248300447,-4.93257035557052E-28));
#2226=CARTESIAN_POINT('',(-0.0716871351349354,0.002537055796292,4.60355977350976E-5));
#2227=CARTESIAN_POINT('',(-0.0716871351349354,0.00390431304896413,0.000778001601698938));
#2228=CARTESIAN_POINT('',(-0.0716871351349354,0.00463627905293937,0.00214525885438475));
#2229=CARTESIAN_POINT('',(-0.0716871351349354,0.00468231465067591,0.00309359216769114));
#2230=CARTESIAN_POINT('',(-0.0716871351349354,0.0046823146506957,0.00353553390593274));
#2231=CARTESIAN_POINT('',(-0.0716871351349354,0.00468231465069569,0.00353553390593275));
#2232=CARTESIAN_POINT('',(0.0743128648650646,0.00468231465069573,0.00353553390593274));
#2233=CARTESIAN_POINT('',(0.0256461981983979,0.00468231465069572,0.00353553390593274));
#2234=CARTESIAN_POINT('',(-0.0230204684682687,0.00468231465069571,0.00353553390593274));
#2235=CARTESIAN_POINT('',(-0.0716871351349354,0.0046823146506957,0.00353553390593274));
#2236=CARTESIAN_POINT('',(-0.0716400116072122,0.00468219770876701,0.00353553390593275));
#2237=CARTESIAN_POINT('',(-0.0746127507517384,0.00471006664497338,0.00353553390593274));
#2238=CARTESIAN_POINT('',(-0.0767148871292128,0.00260793026749867,0.00353553390593273));
#2239=CARTESIAN_POINT('',(-0.076687018193006,-0.000364808877027542,0.00353553390593272));
#2240=CARTESIAN_POINT('',(-0.0716400116072122,0.004682197708767,0.00300520382004283));
#2241=CARTESIAN_POINT('',(-0.0746127507517384,0.00471006664497338,0.00300520382004283));
#2242=CARTESIAN_POINT('',(-0.0767148871292128,0.00260793026749868,0.00300520382004282));
#2243=CARTESIAN_POINT('',(-0.076687018193006,-0.000364808877027514,0.00300520382004281));
#2244=CARTESIAN_POINT('',(-0.0716400116072122,0.004682197708767,0.00247487373415293));
#2245=CARTESIAN_POINT('',(-0.0746127507517384,0.00471006664497338,0.00247487373415292));
#2246=CARTESIAN_POINT('',(-0.0767148871292128,0.00260793026749868,0.00247487373415291));
#2247=CARTESIAN_POINT('',(-0.076687018193006,-0.000364808877027514,0.0024748737341529));
#2248=CARTESIAN_POINT('',(-0.0716433259659409,0.00432865985361394,0.00117851130197759));
#2249=CARTESIAN_POINT('',(-0.0744058754610216,0.00435455829673401,0.00117851130197758));
#2250=CARTESIAN_POINT('',(-0.0763593787809734,0.0024010549767819,0.00117851130197757));
#2251=CARTESIAN_POINT('',(-0.0763334803378529,-0.000361494518298797,0.00117851130197757));
#2252=CARTESIAN_POINT('',(-0.0716510594696413,0.00350373819159018,0.000353553390593281));
#2253=CARTESIAN_POINT('',(-0.0739231664493492,0.00352503881750885,0.000353553390593278));
#2254=CARTESIAN_POINT('',(-0.0755298593017483,0.00191834596510939,0.000353553390593271));
#2255=CARTESIAN_POINT('',(-0.0755085586758292,-0.000353761014598497,0.000353553390593265));
#2256=CARTESIAN_POINT('',(-0.0716632121183133,0.00220743272269564,4.71322990255883E-18));
#2257=CARTESIAN_POINT('',(-0.073164623716721,0.00222150820729785,2.61514621020144E-18));
#2258=CARTESIAN_POINT('',(-0.0742263286915373,0.0011598032324812,-1.8101564319171E-18));
#2259=CARTESIAN_POINT('',(-0.0742122532069346,-0.000341608365926532,-5.97159315350877E-18));
#2260=CARTESIAN_POINT('',(-0.0716681836564064,0.0016771259399661,3.67474824044094E-18));
#2261=CARTESIAN_POINT('',(-0.0728543107806459,0.00168824568493883,2.01724540839331E-18));
#2262=CARTESIAN_POINT('',(-0.0736930661691783,0.000849490296406023,-1.46976394973124E-18));
#2263=CARTESIAN_POINT('',(-0.0736819464242051,-0.000336636827833484,-4.75733211326532E-18));
#2264=CARTESIAN_POINT('',(-0.0716731551944995,0.00114681915723652,2.70131870867208E-18));
#2265=CARTESIAN_POINT('',(-0.0725439978445708,0.00115498316257978,1.48439673693427E-18));
#2266=CARTESIAN_POINT('',(-0.0731598036468193,0.000539177360330862,-1.0643193371962E-18));
#2267=CARTESIAN_POINT('',(-0.0731516396414755,-0.000331665289740407,-3.47801894267267E-18));
#2268=CARTESIAN_POINT('',(-0.0731516012290027,-0.000317685349304302,0.));
#2269=CARTESIAN_POINT('',(-0.0731516012290027,7.03228999529004E-5,0.));
#2270=CARTESIAN_POINT('',(-0.0728315620934137,0.000827145290898894,0.));
#2271=CARTESIAN_POINT('',(-0.0720759507476423,0.0011467807447629,0.));
#2272=CARTESIAN_POINT('',(-0.0716871351349354,0.0011467807447629,0.));
#2273=CARTESIAN_POINT('',(-0.0731516012290026,-0.000317685349304351,0.));
#2274=CARTESIAN_POINT('',(-0.0766871351349354,-0.000317685344204503,0.00353553390593274));
#2275=CARTESIAN_POINT('',(-0.0766871351349354,-0.000317685344346206,0.0030935921676911));
#2276=CARTESIAN_POINT('',(-0.0766410995372019,-0.000317685344629607,0.00214525885438088));
#2277=CARTESIAN_POINT('',(-0.075909133533239,-0.000317685345054734,0.000778001601695907));
#2278=CARTESIAN_POINT('',(-0.0745418762805539,-0.000317685345479812,4.60355977333567E-5));
#2279=CARTESIAN_POINT('',(-0.0735935429672438,-0.000317685345763243,3.17691561636601E-29));
#2280=CARTESIAN_POINT('',(-0.0731516012290022,-0.000317685345904949,-1.20452715669842E-41));
#2281=CARTESIAN_POINT('',(-0.0766871351349354,-0.00031768534930435,0.00353553390593277));
#2282=CARTESIAN_POINT('',(-0.0716871351349354,0.00468231465069565,0.00353553390593274));
#2283=CARTESIAN_POINT('',(-0.0729961320739312,0.00468231465069565,0.00353553390593274));
#2284=CARTESIAN_POINT('',(-0.075603704477303,0.00359888399306325,0.00353553390593274));
#2285=CARTESIAN_POINT('',(-0.0766871351349354,0.000991311589691396,0.00353553390593274));
#2286=CARTESIAN_POINT('',(-0.0766871351349354,-0.00031768534930435,0.00353553390593274));
#2287=CARTESIAN_POINT('',(-0.0731516012290025,-0.0463176853493044,0.));
#2288=CARTESIAN_POINT('',(-0.0731516012290025,-0.000317685344204503,0.));
#2289=CARTESIAN_POINT('',(-0.0736819313148924,-0.0463176853493044,1.16445055460516E-31));
#2290=CARTESIAN_POINT('',(-0.0736819313148924,-0.000317685344204503,1.16445055460516E-31));
#2291=CARTESIAN_POINT('',(-0.0742122614007823,-0.0463176853493044,-3.39269445823455E-17));
#2292=CARTESIAN_POINT('',(-0.0742122614007823,-0.000317685344204496,-3.39269445823455E-17));
#2293=CARTESIAN_POINT('',(-0.0755086238329577,-0.0463176853493044,0.000353553390593195));
#2294=CARTESIAN_POINT('',(-0.0755086238329577,-0.000317685344204496,0.000353553390593195));
#2295=CARTESIAN_POINT('',(-0.0763335817443421,-0.0463176853493044,0.00117851130197748));
#2296=CARTESIAN_POINT('',(-0.0763335817443421,-0.000317685344204496,0.00117851130197748));
#2297=CARTESIAN_POINT('',(-0.0766871351349354,-0.0463176853493044,0.00247487373415294));
#2298=CARTESIAN_POINT('',(-0.0766871351349354,-0.000317685344204503,0.00247487373415294));
#2299=CARTESIAN_POINT('',(-0.0766871351349354,-0.0463176853493044,0.00300520382004285));
#2300=CARTESIAN_POINT('',(-0.0766871351349354,-0.000317685344204503,0.00300520382004285));
#2301=CARTESIAN_POINT('',(-0.0766871351349354,-0.0463176853493044,0.00353553390593275));
#2302=CARTESIAN_POINT('',(-0.0766871351349354,-0.000317685344204503,0.00353553390593275));
#2303=CARTESIAN_POINT('',(-0.0731516012290027,-0.0463176853493043,0.));
#2304=CARTESIAN_POINT('',(-0.0731516012290027,-0.030984352015971,0.));
#2305=CARTESIAN_POINT('',(-0.0731516012290027,-0.0156510186826376,0.));
#2306=CARTESIAN_POINT('',(-0.0731516012290027,-0.000317685349304302,0.));
#2307=CARTESIAN_POINT('',(-0.0731516012290026,-0.0463176853493044,0.));
#2308=CARTESIAN_POINT('',(-0.0731516012290026,-0.0463176853493044,0.));
#2309=CARTESIAN_POINT('',(-0.0735935429672442,-0.0463176853493044,0.));
#2310=CARTESIAN_POINT('',(-0.0745418762805543,-0.0463176853493044,4.60355977335011E-5));
#2311=CARTESIAN_POINT('',(-0.0759091335332392,-0.0463176853493044,0.000778001601696143));
#2312=CARTESIAN_POINT('',(-0.0766410995372019,-0.0463176853493044,0.00214525885438107));
#2313=CARTESIAN_POINT('',(-0.0766871351349354,-0.0463176853493044,0.00309359216769115));
#2314=CARTESIAN_POINT('',(-0.0766871351349354,-0.0463176853493044,0.00353553390593274));
#2315=CARTESIAN_POINT('',(-0.0766871351349354,-0.0463176853493044,0.00353553390593275));
#2316=CARTESIAN_POINT('',(-0.0766871351349354,-0.000317685349304354,0.00353553390593274));
#2317=CARTESIAN_POINT('',(-0.0766871351349354,-0.0156510186826377,0.00353553390593274));
#2318=CARTESIAN_POINT('',(-0.0766871351349354,-0.030984352015971,0.00353553390593274));
#2319=CARTESIAN_POINT('',(-0.0766871351349354,-0.0463176853493044,0.00353553390593274));
#2320=CARTESIAN_POINT('',(-0.0766870181930064,-0.0462705618215812,0.0035355339059327));
#2321=CARTESIAN_POINT('',(-0.0767148871292128,-0.0492433009661073,0.00353553390593262));
#2322=CARTESIAN_POINT('',(-0.0746127507517384,-0.0513454373435819,0.00353553390593275));
#2323=CARTESIAN_POINT('',(-0.0716400116072122,-0.0513175684073757,0.00353553390593302));
#2324=CARTESIAN_POINT('',(-0.0766870181930064,-0.0462705618215812,0.00300520382004279));
#2325=CARTESIAN_POINT('',(-0.0767148871292128,-0.0492433009661074,0.00300520382004271));
#2326=CARTESIAN_POINT('',(-0.0746127507517383,-0.051345437343582,0.00300520382004284));
#2327=CARTESIAN_POINT('',(-0.0716400116072122,-0.0513175684073757,0.00300520382004311));
#2328=CARTESIAN_POINT('',(-0.0766870181930064,-0.0462705618215811,0.00247487373415288));
#2329=CARTESIAN_POINT('',(-0.0767148871292128,-0.0492433009661073,0.0024748737341528));
#2330=CARTESIAN_POINT('',(-0.0746127507517383,-0.051345437343582,0.00247487373415293));
#2331=CARTESIAN_POINT('',(-0.0716400116072121,-0.0513175684073757,0.0024748737341532));
#2332=CARTESIAN_POINT('',(-0.0763334803378534,-0.0462738761803098,0.00117851130197755));
#2333=CARTESIAN_POINT('',(-0.0763593787809735,-0.0490364256753906,0.00117851130197747));
#2334=CARTESIAN_POINT('',(-0.0744058754610215,-0.0509899289953427,0.00117851130197759));
#2335=CARTESIAN_POINT('',(-0.0716433259659407,-0.0509640305522227,0.00117851130197784));
#2336=CARTESIAN_POINT('',(-0.0755085586758296,-0.0462816096840099,0.000353553390593249));
#2337=CARTESIAN_POINT('',(-0.0755298593017484,-0.048553716663718,0.000353553390593185));
#2338=CARTESIAN_POINT('',(-0.0739231664493492,-0.0501604095161175,0.000353553390593286));
#2339=CARTESIAN_POINT('',(-0.0716510594696411,-0.050139108890199,0.000353553390593491));
#2340=CARTESIAN_POINT('',(-0.0742122532069351,-0.0462937623326817,-1.71996541333823E-17));
#2341=CARTESIAN_POINT('',(-0.0742263286915376,-0.0477951739310898,-5.94717328137968E-17));
#2342=CARTESIAN_POINT('',(-0.073164623716721,-0.0488568789059066,7.27114618077162E-18));
#2343=CARTESIAN_POINT('',(-0.0716632121183129,-0.0488428034213045,1.42982379016727E-16));
#2344=CARTESIAN_POINT('',(-0.0736819464242055,-0.0462987338707748,-1.36108911083517E-17));
#2345=CARTESIAN_POINT('',(-0.0736930661691786,-0.0474848609950146,-4.70061700405327E-17));
#2346=CARTESIAN_POINT('',(-0.0728543107806459,-0.0483236163835477,5.7303114973168E-18));
#2347=CARTESIAN_POINT('',(-0.071668183656406,-0.048312496638575,1.12943266626633E-16));
#2348=CARTESIAN_POINT('',(-0.0731516396414759,-0.0463037054088678,-9.98960201815041E-18));
#2349=CARTESIAN_POINT('',(-0.0731598036468196,-0.0471745480589395,-3.45080812020952E-17));
#2350=CARTESIAN_POINT('',(-0.0725439978445707,-0.0477903538611887,4.22200287903795E-18));
#2351=CARTESIAN_POINT('',(-0.071673155194499,-0.0477821898558454,8.29366803017152E-17));
#2352=CARTESIAN_POINT('',(-0.0716871351349354,-0.0477821514433716,0.));
#2353=CARTESIAN_POINT('',(-0.0720751433842118,-0.0477821514433716,0.));
#2354=CARTESIAN_POINT('',(-0.0728319657751289,-0.0474621123077785,0.));
#2355=CARTESIAN_POINT('',(-0.0731516012290027,-0.0467065009620198,0.));
#2356=CARTESIAN_POINT('',(-0.0731516012290027,-0.0463176853493043,0.));
#2357=CARTESIAN_POINT('',(-0.0716871351349354,-0.0477821514433716,0.));
#2358=CARTESIAN_POINT('',(-0.0716871351400352,-0.0513176853493043,0.00353553390593301));
#2359=CARTESIAN_POINT('',(-0.0716871351398935,-0.0513176853493043,0.0030935921677626));
#2360=CARTESIAN_POINT('',(-0.0716871351396101,-0.0512716497513943,0.00214525885445457));
#2361=CARTESIAN_POINT('',(-0.071687135139185,-0.0505396837467954,0.000778001601637956));
#2362=CARTESIAN_POINT('',(-0.0716871351387599,-0.0491724264951635,4.60355978410792E-5));
#2363=CARTESIAN_POINT('',(-0.0716871351384765,-0.0482240931818186,-2.24476296066974E-26));
#2364=CARTESIAN_POINT('',(-0.0716871351383348,-0.0477821514433711,1.09294270874083E-38));
#2365=CARTESIAN_POINT('',(-0.0716871351349354,-0.0513176853493043,0.00353553390597235));
#2366=CARTESIAN_POINT('',(-0.0766871351349354,-0.0463176853493044,0.00353553390593274));
#2367=CARTESIAN_POINT('',(-0.0766871351349354,-0.0476266822883001,0.00353553390593274));
#2368=CARTESIAN_POINT('',(-0.075603704477303,-0.050234254691672,0.00353553390593274));
#2369=CARTESIAN_POINT('',(-0.0729961320739311,-0.0513176853493044,0.00353553390593274));
#2370=CARTESIAN_POINT('',(-0.0716871351349354,-0.0513176853493044,0.00353553390593274));
#2371=CARTESIAN_POINT('',(0.0743128648650647,-0.0477821514433715,0.));
#2372=CARTESIAN_POINT('',(-0.0716871351400352,-0.0477821514433715,0.));
#2373=CARTESIAN_POINT('',(0.0743128648650647,-0.0483124815295147,-6.74126843424437E-27));
#2374=CARTESIAN_POINT('',(-0.0716871351400352,-0.0483124815295147,-6.74126843424437E-27));
#2375=CARTESIAN_POINT('',(0.0743128648650647,-0.0488428116156578,4.15227501656774E-14));
#2376=CARTESIAN_POINT('',(-0.0716871351400352,-0.0488428116156578,4.15227501656774E-14));
#2377=CARTESIAN_POINT('',(0.0743128648650647,-0.0501391740465669,0.000353553390791072));
#2378=CARTESIAN_POINT('',(-0.0716871351400352,-0.0501391740465669,0.000353553390791072));
#2379=CARTESIAN_POINT('',(0.0743128648650647,-0.0509641319579512,0.00117851130172421));
#2380=CARTESIAN_POINT('',(-0.0716871351400352,-0.0509641319579512,0.00117851130172421));
#2381=CARTESIAN_POINT('',(0.0743128648650647,-0.0513176853493043,0.00247487373440618));
#2382=CARTESIAN_POINT('',(-0.0716871351400352,-0.0513176853493043,0.00247487373440618));
#2383=CARTESIAN_POINT('',(0.0743128648650647,-0.0513176853493043,0.00300520382018529));
#2384=CARTESIAN_POINT('',(-0.0716871351400352,-0.0513176853493043,0.00300520382018529));
#2385=CARTESIAN_POINT('',(0.0743128648650647,-0.0513176853493043,0.00353553390599605));
#2386=CARTESIAN_POINT('',(-0.0716871351400352,-0.0513176853493043,0.00353553390599605));
#2387=CARTESIAN_POINT('',(0.0743128648650646,-0.0477821514433716,0.));
#2388=CARTESIAN_POINT('',(0.025646198198398,-0.0477821514433716,0.));
#2389=CARTESIAN_POINT('',(-0.0230204684682687,-0.0477821514433716,0.));
#2390=CARTESIAN_POINT('',(-0.0716871351349354,-0.0477821514433716,0.));
#2391=CARTESIAN_POINT('',(0.0743128648650646,-0.0477821514433715,0.));
#2392=CARTESIAN_POINT('',(0.0743128648650647,-0.0477821514433715,5.58791032781919E-40));
#2393=CARTESIAN_POINT('',(0.0743128648650647,-0.0482240931818189,-5.0784207129744E-27));
#2394=CARTESIAN_POINT('',(0.0743128648650647,-0.0491724264951637,4.60355978411624E-5));
#2395=CARTESIAN_POINT('',(0.0743128648650647,-0.0505396837467954,0.000778001601638005));
#2396=CARTESIAN_POINT('',(0.0743128648650647,-0.0512716497513943,0.00214525885445443));
#2397=CARTESIAN_POINT('',(0.0743128648650647,-0.0513176853493043,0.00309359216776237));
#2398=CARTESIAN_POINT('',(0.0743128648650647,-0.0513176853493043,0.00353553390593274));
#2399=CARTESIAN_POINT('',(0.0743128648650646,-0.0513176853493043,0.00353553390593275));
#2400=CARTESIAN_POINT('',(-0.0716871351349354,-0.0513176853493043,0.00353553390593274));
#2401=CARTESIAN_POINT('',(-0.0230204684682687,-0.0513176853493043,0.00353553390593274));
#2402=CARTESIAN_POINT('',(0.025646198198398,-0.0513176853493043,0.00353553390593274));
#2403=CARTESIAN_POINT('',(0.0743128648650646,-0.0513176853493043,0.00353553390593274));
#2404=CARTESIAN_POINT('',(0.0742657413373414,-0.0513175684073759,0.0035355339059327));
#2405=CARTESIAN_POINT('',(0.0772384804818675,-0.0513454373435814,0.00353553390593274));
#2406=CARTESIAN_POINT('',(0.079340616859342,-0.0492433009661071,0.00353553390593275));
#2407=CARTESIAN_POINT('',(0.079312747923137,-0.046270561821581,0.00353553390593272));
#2408=CARTESIAN_POINT('',(0.0742657413373414,-0.0513175684073759,0.00300520382004279));
#2409=CARTESIAN_POINT('',(0.0772384804818674,-0.0513454373435814,0.00300520382004283));
#2410=CARTESIAN_POINT('',(0.079340616859342,-0.0492433009661071,0.00300520382004284));
#2411=CARTESIAN_POINT('',(0.079312747923137,-0.0462705618215811,0.00300520382004281));
#2412=CARTESIAN_POINT('',(0.0742657413373414,-0.0513175684073759,0.00247487373415288));
#2413=CARTESIAN_POINT('',(0.0772384804818674,-0.0513454373435814,0.00247487373415292));
#2414=CARTESIAN_POINT('',(0.079340616859342,-0.0492433009661071,0.00247487373415293));
#2415=CARTESIAN_POINT('',(0.079312747923137,-0.0462705618215811,0.0024748737341529));
#2416=CARTESIAN_POINT('',(0.07426905569607,-0.0509640305522228,0.00117851130197754));
#2417=CARTESIAN_POINT('',(0.0770316051911507,-0.0509899289953421,0.00117851130197759));
#2418=CARTESIAN_POINT('',(0.0789851085111027,-0.0490364256753903,0.00117851130197759));
#2419=CARTESIAN_POINT('',(0.0789592100679839,-0.0462738761803096,0.00117851130197756));
#2420=CARTESIAN_POINT('',(0.0742767891997699,-0.0501391088901991,0.000353553390593245));
#2421=CARTESIAN_POINT('',(0.0765488961794781,-0.0501604095161172,0.000353553390593279));
#2422=CARTESIAN_POINT('',(0.0781555890318778,-0.0485537166637179,0.000353553390593286));
#2423=CARTESIAN_POINT('',(0.0781342884059602,-0.0462816096840097,0.000353553390593261));
#2424=CARTESIAN_POINT('',(0.0742889418484413,-0.0488428034213045,-1.96589966287957E-17));
#2425=CARTESIAN_POINT('',(0.0757903534468499,-0.0488568789059066,2.8003417162532E-18));
#2426=CARTESIAN_POINT('',(0.0768520584216671,-0.0477951739310897,7.18735761740685E-18));
#2427=CARTESIAN_POINT('',(0.0768379829370656,-0.0462937623326811,-9.18443832246389E-18));
#2428=CARTESIAN_POINT('',(0.0742939133865341,-0.048312496638575,-1.49371940771376E-17));
#2429=CARTESIAN_POINT('',(0.0754800405107747,-0.0483236163835477,2.80586214528399E-18));
#2430=CARTESIAN_POINT('',(0.0763187958993082,-0.0474848609950145,6.28036402346789E-18));
#2431=CARTESIAN_POINT('',(0.076307676154336,-0.0462987338707739,-6.65348520041877E-18));
#2432=CARTESIAN_POINT('',(0.074298884924627,-0.0477821898558454,-1.09634910244948E-17));
#2433=CARTESIAN_POINT('',(0.0751697275746995,-0.0477903538611888,2.06328307529965E-18));
#2434=CARTESIAN_POINT('',(0.0757855333769493,-0.0471745480589393,4.62527093051413E-18));
#2435=CARTESIAN_POINT('',(0.0757773693716065,-0.0463037054088668,-4.87063157738822E-18));
#2436=CARTESIAN_POINT('',(0.0757773309591319,-0.0463176853493043,0.));
#2437=CARTESIAN_POINT('',(0.0757773309591319,-0.0467056935985717,0.));
#2438=CARTESIAN_POINT('',(0.0754572918235445,-0.0474625159895024,0.));
#2439=CARTESIAN_POINT('',(0.0747016804777688,-0.0477821514433715,0.));
#2440=CARTESIAN_POINT('',(0.0743128648650646,-0.0477821514433715,0.));
#2441=CARTESIAN_POINT('',(0.0757773309591319,-0.0463176853493042,0.));
#2442=CARTESIAN_POINT('',(0.0793128648650646,-0.046317685354404,0.00353553390593273));
#2443=CARTESIAN_POINT('',(0.0793128648649649,-0.0463176853542623,0.00309359216773225));
#2444=CARTESIAN_POINT('',(0.0792668292671765,-0.046317685353979,0.00214525885449954));
#2445=CARTESIAN_POINT('',(0.0785348632632373,-0.0463176853535538,0.000778001601734326));
#2446=CARTESIAN_POINT('',(0.0771676060104746,-0.0463176853531287,4.60355977419566E-5));
#2447=CARTESIAN_POINT('',(0.0762192726972634,-0.0463176853528453,1.78717610473102E-24));
#2448=CARTESIAN_POINT('',(0.0757773309591314,-0.0463176853527036,1.60725028459011E-34));
#2449=CARTESIAN_POINT('',(0.0793128648650646,-0.0463176853493042,0.00353553390597189));
#2450=CARTESIAN_POINT('',(0.0743128648650646,-0.0513176853493042,0.00353553390593274));
#2451=CARTESIAN_POINT('',(0.0756218618040603,-0.0513176853493042,0.00353553390593274));
#2452=CARTESIAN_POINT('',(0.0782294342074322,-0.0502342546916718,0.00353553390593274));
#2453=CARTESIAN_POINT('',(0.0793128648650646,-0.0476266822883,0.00353553390593274));
#2454=CARTESIAN_POINT('',(0.0793128648650646,-0.0463176853493042,0.00353553390593274));
#2455=CARTESIAN_POINT('',(0.0793128648650646,-0.046317685354404,0.00353553390593275));
#2456=CARTESIAN_POINT('',(0.0793128648650646,-0.000317685349304236,0.00353553390593275));
#2457=CARTESIAN_POINT('',(0.0793128648649449,-0.046317685354404,0.00300520382008025));
#2458=CARTESIAN_POINT('',(0.0793128648649449,-0.000317685349304236,0.00300520382008025));
#2459=CARTESIAN_POINT('',(0.0793128648649449,-0.046317685354404,0.00247487373422775));
#2460=CARTESIAN_POINT('',(0.0793128648649449,-0.000317685349304229,0.00247487373422775));
#2461=CARTESIAN_POINT('',(0.078959311474232,-0.046317685354404,0.0011785113020337));
#2462=CARTESIAN_POINT('',(0.078959311474232,-0.000317685349304229,0.0011785113020337));
#2463=CARTESIAN_POINT('',(0.0781343535629674,-0.046317685354404,0.000353553390512857));
#2464=CARTESIAN_POINT('',(0.0781343535629674,-0.000317685349304229,0.000353553390512857));
#2465=CARTESIAN_POINT('',(0.0768379911305526,-0.046317685354404,-6.17995238316738E-19));
#2466=CARTESIAN_POINT('',(0.0768379911305526,-0.000317685349304236,-6.17995238316738E-19));
#2467=CARTESIAN_POINT('',(0.0763076610447824,-0.046317685354404,0.));
#2468=CARTESIAN_POINT('',(0.0763076610447824,-0.000317685349304236,0.));
#2469=CARTESIAN_POINT('',(0.0757773309590122,-0.046317685354404,0.));
#2470=CARTESIAN_POINT('',(0.0757773309590122,-0.000317685349304236,0.));
#2471=CARTESIAN_POINT('',(0.0757773309591319,-0.000317685349304302,0.));
#2472=CARTESIAN_POINT('',(0.0757773309591319,-0.0156510186826376,0.));
#2473=CARTESIAN_POINT('',(0.0757773309591319,-0.030984352015971,0.));
#2474=CARTESIAN_POINT('',(0.0757773309591319,-0.0463176853493043,0.));
#2475=CARTESIAN_POINT('',(0.0757773309591319,-0.000317685349304244,0.));
#2476=CARTESIAN_POINT('',(0.0757773309591319,-0.000317685349304257,1.62658960198797E-34));
#2477=CARTESIAN_POINT('',(0.0762192726972638,-0.000317685349304256,1.80148369631857E-24));
#2478=CARTESIAN_POINT('',(0.077167606010475,-0.000317685349304255,4.60355977420855E-5));
#2479=CARTESIAN_POINT('',(0.0785348632632374,-0.000317685349304246,0.000778001601734526));
#2480=CARTESIAN_POINT('',(0.0792668292671765,-0.000317685349304244,0.00214525885449963));
#2481=CARTESIAN_POINT('',(0.0793128648649649,-0.000317685349304241,0.00309359216773229));
#2482=CARTESIAN_POINT('',(0.0793128648650646,-0.00031768534930424,0.00353553390593273));
#2483=CARTESIAN_POINT('',(0.0793128648650646,-0.00031768534930424,0.00353553390593275));
#2484=CARTESIAN_POINT('',(0.0793128648650646,-0.0463176853493042,0.00353553390593274));
#2485=CARTESIAN_POINT('',(0.0793128648650646,-0.0309843520159709,0.00353553390593274));
#2486=CARTESIAN_POINT('',(0.0793128648650646,-0.0156510186826376,0.00353553390593274));
#2487=CARTESIAN_POINT('',(0.0793128648650646,-0.000317685349304254,0.00353553390593274));
#2488=CARTESIAN_POINT('',(0.0793127479231361,-0.000364808877027438,0.00353553390593272));
#2489=CARTESIAN_POINT('',(0.0793406168593421,0.00260793026749874,0.00353553390593273));
#2490=CARTESIAN_POINT('',(0.0772384804818676,0.00471006664497325,0.00353553390593274));
#2491=CARTESIAN_POINT('',(0.0742657413373414,0.00468219770876713,0.00353553390593274));
#2492=CARTESIAN_POINT('',(0.0793127479231361,-0.000364808877027438,0.00300520382004281));
#2493=CARTESIAN_POINT('',(0.0793406168593421,0.00260793026749873,0.00300520382004282));
#2494=CARTESIAN_POINT('',(0.0772384804818676,0.00471006664497323,0.00300520382004283));
#2495=CARTESIAN_POINT('',(0.0742657413373414,0.00468219770876711,0.00300520382004283));
#2496=CARTESIAN_POINT('',(0.0793127479231361,-0.000364808877027438,0.0024748737341529));
#2497=CARTESIAN_POINT('',(0.0793406168593421,0.00260793026749873,0.00247487373415291));
#2498=CARTESIAN_POINT('',(0.0772384804818676,0.00471006664497323,0.00247487373415292));
#2499=CARTESIAN_POINT('',(0.0742657413373414,0.00468219770876711,0.00247487373415292));
#2500=CARTESIAN_POINT('',(0.078959210067983,-0.000361494518298755,0.00117851130197756));
#2501=CARTESIAN_POINT('',(0.0789851085111028,0.00240105497678196,0.00117851130197757));
#2502=CARTESIAN_POINT('',(0.0770316051911508,0.0043545582967339,0.00117851130197758));
#2503=CARTESIAN_POINT('',(0.07426905569607,0.00432865985361404,0.00117851130197758));
#2504=CARTESIAN_POINT('',(0.0781342884059592,-0.000353761014598553,0.000353553390593264));
#2505=CARTESIAN_POINT('',(0.0781555890318777,0.00191834596510947,0.000353553390593271));
#2506=CARTESIAN_POINT('',(0.0765488961794783,0.00352503881750884,0.000353553390593278));
#2507=CARTESIAN_POINT('',(0.0742767891997703,0.00350373819159028,0.00035355339059328));
#2508=CARTESIAN_POINT('',(0.0768379829370647,-0.000341608365926803,-7.56828161039597E-18));
#2509=CARTESIAN_POINT('',(0.0768520584216669,0.00115980323248129,-2.83568509543523E-18));
#2510=CARTESIAN_POINT('',(0.0757903534468501,0.00222150820729798,1.61762889339908E-18));
#2511=CARTESIAN_POINT('',(0.074288941848442,0.00220743272269576,3.1234226251846E-18));
#2512=CARTESIAN_POINT('',(0.0763076761543351,-0.000336636827833803,-5.49095894916602E-18));
#2513=CARTESIAN_POINT('',(0.0763187958993079,0.000849490296406122,-1.75216999853442E-18));
#2514=CARTESIAN_POINT('',(0.075480040510775,0.00168824568493901,1.76601808857613E-18));
#2515=CARTESIAN_POINT('',(0.074293913386535,0.00167712593996619,2.95560713309592E-18));
#2516=CARTESIAN_POINT('',(0.0757773693716056,-0.000331665289740816,-3.76121930177252E-18));
#2517=CARTESIAN_POINT('',(0.0757855333769489,0.00053917736033096,-1.01623791547002E-18));
#2518=CARTESIAN_POINT('',(0.0751697275746998,0.00115498316258003,1.5668242699168E-18));
#2519=CARTESIAN_POINT('',(0.074298884924628,0.00114681915723662,2.44020862717091E-18));
#2520=CARTESIAN_POINT('',(0.0743128648650646,0.001146780744763,0.));
#2521=CARTESIAN_POINT('',(0.0747008731143184,0.001146780744763,0.));
#2522=CARTESIAN_POINT('',(0.0754576955052695,0.000826741609169346,0.));
#2523=CARTESIAN_POINT('',(0.0757773309591319,7.1130263412298E-5,0.));
#2524=CARTESIAN_POINT('',(0.0757773309591319,-0.000317685349304302,0.));
#2525=CARTESIAN_POINT('',(0.0793128648650646,-0.000317685349304246,0.00353553390593274));
#2526=CARTESIAN_POINT('',(0.0793128648650646,0.0009913115896915,0.00353553390593274));
#2527=CARTESIAN_POINT('',(0.0782294342074322,0.00359888399306335,0.00353553390593274));
#2528=CARTESIAN_POINT('',(0.0756218618040603,0.00468231465069574,0.00353553390593274));
#2529=CARTESIAN_POINT('',(0.0743128648650646,0.00468231465069574,0.00353553390593274));
#2530=CARTESIAN_POINT('',(0.0580601148650646,0.00468231465069573,0.0146));
#2531=CARTESIAN_POINT('',(0.0743128648650646,0.00468231465069576,0.0146));
#2532=CARTESIAN_POINT('',(0.0743128648650646,0.00468231465069576,0.0146));
#2533=CARTESIAN_POINT('',(-0.0716871351349354,0.00468231465069569,0.0146));
#2534=CARTESIAN_POINT('',(-0.0716871351349354,0.00468231465069569,0.0146));
#2535=CARTESIAN_POINT('',(0.0580601148650646,0.00468231465069573,0.0146));
#2536=CARTESIAN_POINT('',(0.00454586486506462,0.00468231465069572,0.0146));
#2537=CARTESIAN_POINT('',(0.00454586486506462,0.00468231465069572,0.0156));
#2538=CARTESIAN_POINT('',(0.00454586486506462,0.00468231465069572,0.0121));
#2539=CARTESIAN_POINT('',(0.00604586486506462,0.00468231465069571,0.0121));
#2540=CARTESIAN_POINT('',(0.00604586486506462,0.00468231465069571,0.0106));
#2541=CARTESIAN_POINT('',(0.00667136486506462,0.00468231465069571,0.0106));
#2542=CARTESIAN_POINT('',(0.00729686486506462,0.00468231465069571,0.0106));
#2543=CARTESIAN_POINT('',(0.00729686486506462,0.00468231465069571,0.0121));
#2544=CARTESIAN_POINT('',(0.00879686486506462,0.00468231465069571,0.0121));
#2545=CARTESIAN_POINT('',(0.00879686486506462,0.00468231465069571,0.0156));
#2546=CARTESIAN_POINT('',(0.00879686486506462,0.00468231465069571,0.0146));
#2547=CARTESIAN_POINT('',(0.0580601148650646,0.00468231465069573,0.0146));
#2548=CARTESIAN_POINT('',(0.00962386486506462,0.00468231465069571,0.0146));
#2549=CARTESIAN_POINT('',(0.00962386486506462,0.00468231465069571,0.0156));
#2550=CARTESIAN_POINT('',(0.00962386486506462,0.00468231465069571,0.0121));
#2551=CARTESIAN_POINT('',(0.0111238648650646,0.00468231465069572,0.0121));
#2552=CARTESIAN_POINT('',(0.0111238648650646,0.00468231465069571,0.0106));
#2553=CARTESIAN_POINT('',(0.0117503648650646,0.00468231465069571,0.0106));
#2554=CARTESIAN_POINT('',(0.0123768648650646,0.00468231465069571,0.0106));
#2555=CARTESIAN_POINT('',(0.0123768648650646,0.00468231465069571,0.0121));
#2556=CARTESIAN_POINT('',(0.0138768648650646,0.00468231465069571,0.0121));
#2557=CARTESIAN_POINT('',(0.0138768648650646,0.00468231465069571,0.0156));
#2558=CARTESIAN_POINT('',(0.0138768648650646,0.00468231465069571,0.0146));
#2559=CARTESIAN_POINT('',(0.0580601148650646,0.00468231465069573,0.0146));
#2560=CARTESIAN_POINT('',(0.0157898648650646,0.00468231465069571,0.0146));
#2561=CARTESIAN_POINT('',(0.0157898648650646,0.00468231465069571,0.0156));
#2562=CARTESIAN_POINT('',(0.0157898648650646,0.00468231465069571,0.0121));
#2563=CARTESIAN_POINT('',(0.0172898648650646,0.00468231465069572,0.0121));
#2564=CARTESIAN_POINT('',(0.0172898648650646,0.00468231465069571,0.0106));
#2565=CARTESIAN_POINT('',(0.0179163648650646,0.00468231465069571,0.0106));
#2566=CARTESIAN_POINT('',(0.0185428648650646,0.00468231465069571,0.0106));
#2567=CARTESIAN_POINT('',(0.0185428648650646,0.00468231465069572,0.0121));
#2568=CARTESIAN_POINT('',(0.0200428648650646,0.00468231465069572,0.0121));
#2569=CARTESIAN_POINT('',(0.0200428648650646,0.00468231465069572,0.0156));
#2570=CARTESIAN_POINT('',(0.0200428648650646,0.00468231465069572,0.0146));
#2571=CARTESIAN_POINT('',(0.0580601148650646,0.00468231465069573,0.0146));
#2572=CARTESIAN_POINT('',(0.0208698648650646,0.00468231465069572,0.0146));
#2573=CARTESIAN_POINT('',(0.0208698648650646,0.00468231465069572,0.0156));
#2574=CARTESIAN_POINT('',(0.0208698648650646,0.00468231465069572,0.0121));
#2575=CARTESIAN_POINT('',(0.0223698648650646,0.00468231465069572,0.0121));
#2576=CARTESIAN_POINT('',(0.0223698648650646,0.00468231465069572,0.0106));
#2577=CARTESIAN_POINT('',(0.0229963648650646,0.00468231465069572,0.0106));
#2578=CARTESIAN_POINT('',(0.0236228648650646,0.00468231465069572,0.0106));
#2579=CARTESIAN_POINT('',(0.0236228648650646,0.00468231465069572,0.0121));
#2580=CARTESIAN_POINT('',(0.0251228648650646,0.00468231465069572,0.0121));
#2581=CARTESIAN_POINT('',(0.0251228648650646,0.00468231465069572,0.0156));
#2582=CARTESIAN_POINT('',(0.0251228648650646,0.00468231465069572,0.0146));
#2583=CARTESIAN_POINT('',(0.0580601148650646,0.00468231465069573,0.0146));
#2584=CARTESIAN_POINT('',(0.0259498648650646,0.00468231465069572,0.0146));
#2585=CARTESIAN_POINT('',(0.0259498648650646,0.00468231465069572,0.0156));
#2586=CARTESIAN_POINT('',(0.0259498648650646,0.00468231465069572,0.0121));
#2587=CARTESIAN_POINT('',(0.0274498648650646,0.00468231465069572,0.0121));
#2588=CARTESIAN_POINT('',(0.0274498648650646,0.00468231465069572,0.0106));
#2589=CARTESIAN_POINT('',(0.0280763648650646,0.00468231465069572,0.0106));
#2590=CARTESIAN_POINT('',(0.0287028648650646,0.00468231465069572,0.0106));
#2591=CARTESIAN_POINT('',(0.0287028648650646,0.00468231465069572,0.0121));
#2592=CARTESIAN_POINT('',(0.0302028648650646,0.00468231465069572,0.0121));
#2593=CARTESIAN_POINT('',(0.0302028648650646,0.00468231465069572,0.0156));
#2594=CARTESIAN_POINT('',(0.0302028648650646,0.00468231465069572,0.0146));
#2595=CARTESIAN_POINT('',(0.0580601148650646,0.00468231465069573,0.0146));
#2596=CARTESIAN_POINT('',(0.0320608648650646,0.00468231465069572,0.0146));
#2597=CARTESIAN_POINT('',(0.0320608648650646,0.00468231465069572,0.0156));
#2598=CARTESIAN_POINT('',(0.0320608648650646,0.00468231465069572,0.0121));
#2599=CARTESIAN_POINT('',(0.0335608648650646,0.00468231465069572,0.0121));
#2600=CARTESIAN_POINT('',(0.0335608648650646,0.00468231465069572,0.0106));
#2601=CARTESIAN_POINT('',(0.0341873648650646,0.00468231465069572,0.0106));
#2602=CARTESIAN_POINT('',(0.0348138648650646,0.00468231465069572,0.0106));
#2603=CARTESIAN_POINT('',(0.0348138648650646,0.00468231465069572,0.0121));
#2604=CARTESIAN_POINT('',(0.0363138648650646,0.00468231465069572,0.0121));
#2605=CARTESIAN_POINT('',(0.0363138648650646,0.00468231465069572,0.0156));
#2606=CARTESIAN_POINT('',(0.0363138648650646,0.00468231465069572,0.0146));
#2607=CARTESIAN_POINT('',(0.0580601148650646,0.00468231465069573,0.0146));
#2608=CARTESIAN_POINT('',(0.0371408648650646,0.00468231465069572,0.0146));
#2609=CARTESIAN_POINT('',(0.0371408648650646,0.00468231465069572,0.0156));
#2610=CARTESIAN_POINT('',(0.0371408648650646,0.00468231465069572,0.0121));
#2611=CARTESIAN_POINT('',(0.0386408648650646,0.00468231465069572,0.0121));
#2612=CARTESIAN_POINT('',(0.0386408648650646,0.00468231465069572,0.0106));
#2613=CARTESIAN_POINT('',(0.0392673648650646,0.00468231465069572,0.0106));
#2614=CARTESIAN_POINT('',(0.0398938648650646,0.00468231465069572,0.0106));
#2615=CARTESIAN_POINT('',(0.0398938648650646,0.00468231465069572,0.0121));
#2616=CARTESIAN_POINT('',(0.0413938648650646,0.00468231465069572,0.0121));
#2617=CARTESIAN_POINT('',(0.0413938648650646,0.00468231465069572,0.0156));
#2618=CARTESIAN_POINT('',(0.0413938648650646,0.00468231465069572,0.0146));
#2619=CARTESIAN_POINT('',(0.0580601148650646,0.00468231465069573,0.0146));
#2620=CARTESIAN_POINT('',(0.00131286486506464,-0.0233176853493043,0.0146));
#2621=CARTESIAN_POINT('',(0.0575601148650646,0.00268231465069573,0.0146));
#2622=CARTESIAN_POINT('',(0.0363138648650646,0.00268231465069572,0.0146));
#2623=CARTESIAN_POINT('',(0.0371408648650646,0.00268231465069572,0.0146));
#2624=CARTESIAN_POINT('',(0.0371408648650646,-0.0233176853493043,0.0146));
#2625=CARTESIAN_POINT('',(0.0363138648650646,-0.0233176853493043,0.0146));
#2626=CARTESIAN_POINT('',(0.00131286486506464,-0.0233176853493043,0.0146));
#2627=CARTESIAN_POINT('',(0.0413938648650646,-0.0233176853493043,0.0146));
#2628=CARTESIAN_POINT('',(0.0413938648650646,0.00268231465069572,0.0146));
#2629=CARTESIAN_POINT('',(0.0575601148650646,0.00268231465069573,0.0146));
#2630=CARTESIAN_POINT('',(0.0733128648650646,0.00268231465069576,0.0146));
#2631=CARTESIAN_POINT('',(0.0733128648650646,-0.00131768534930424,0.0146));
#2632=CARTESIAN_POINT('',(0.0773128648650646,-0.00131768534930424,0.0146));
#2633=CARTESIAN_POINT('',(0.0773128648650646,-0.0233176853493043,0.0146));
#2634=CARTESIAN_POINT('',(0.0773128648650646,-0.0453176853493042,0.0146));
#2635=CARTESIAN_POINT('',(0.0733128648650646,-0.0453176853493042,0.0146));
#2636=CARTESIAN_POINT('',(0.0733128648650647,-0.0493176853493043,0.0146));
#2637=CARTESIAN_POINT('',(0.00131286486506464,-0.0493176853493043,0.0146));
#2638=CARTESIAN_POINT('',(-0.0706871351349354,-0.0493176853493044,0.0146));
#2639=CARTESIAN_POINT('',(-0.0706871351349354,-0.0453176853493044,0.0146));
#2640=CARTESIAN_POINT('',(-0.0746871351349354,-0.0453176853493044,0.0146));
#2641=CARTESIAN_POINT('',(-0.0746871351349354,-0.0368176853493044,0.0146));
#2642=CARTESIAN_POINT('',(-0.0746871351349354,-0.00131768534930435,0.0146));
#2643=CARTESIAN_POINT('',(-0.0706871351349354,-0.00131768534930435,0.0146));
#2644=CARTESIAN_POINT('',(-0.0706871351349354,0.00268231465069569,0.0146));
#2645=CARTESIAN_POINT('',(0.0575601148650646,0.00268231465069573,0.0146));
#2646=CARTESIAN_POINT('',(0.00454586486506462,0.00268231465069572,0.0146));
#2647=CARTESIAN_POINT('',(0.00454586486506463,-0.0233176853493043,0.0146));
#2648=CARTESIAN_POINT('',(-0.0716871351349354,-0.00031768534930435,0.0146));
#2649=CARTESIAN_POINT('',(-0.0766871351349354,-0.00031768534930435,0.0146));
#2650=CARTESIAN_POINT('',(-0.0766871351349354,-0.0373176853493044,0.0146));
#2651=CARTESIAN_POINT('',(-0.0766871351349354,-0.0463176853493044,0.0146));
#2652=CARTESIAN_POINT('',(-0.0716871351349354,-0.0463176853493044,0.0146));
#2653=CARTESIAN_POINT('',(-0.0716871351349354,-0.0513176853493043,0.0146));
#2654=CARTESIAN_POINT('',(0.00131286486506464,-0.0513176853493043,0.0146));
#2655=CARTESIAN_POINT('',(0.0743128648650646,-0.0513176853493043,0.0146));
#2656=CARTESIAN_POINT('',(0.0743128648650646,-0.0463176853493042,0.0146));
#2657=CARTESIAN_POINT('',(0.0793128648650646,-0.0463176853493042,0.0146));
#2658=CARTESIAN_POINT('',(0.0793128648650646,-0.0233176853493043,0.0146));
#2659=CARTESIAN_POINT('',(0.0793128648650646,-0.00031768534930424,0.0146));
#2660=CARTESIAN_POINT('',(0.0743128648650646,-0.000317685349304262,0.0146));
#2661=CARTESIAN_POINT('',(0.00131286486506464,-0.0233176853493043,0.0146));
#2662=CARTESIAN_POINT('',(0.0575601148650646,0.00268231465069573,0.0146));
#2663=CARTESIAN_POINT('',(0.0302028648650646,0.00268231465069572,0.0146));
#2664=CARTESIAN_POINT('',(0.0320608648650646,0.00268231465069572,0.0146));
#2665=CARTESIAN_POINT('',(0.0320608648650646,-0.0233176853493043,0.0146));
#2666=CARTESIAN_POINT('',(0.0302028648650647,-0.0233176853493043,0.0146));
#2667=CARTESIAN_POINT('',(0.00131286486506464,-0.0233176853493043,0.0146));
#2668=CARTESIAN_POINT('',(0.0575601148650646,0.00268231465069573,0.0146));
#2669=CARTESIAN_POINT('',(0.0251228648650646,0.00268231465069572,0.0146));
#2670=CARTESIAN_POINT('',(0.0259498648650646,0.00268231465069572,0.0146));
#2671=CARTESIAN_POINT('',(0.0259498648650647,-0.0233176853493043,0.0146));
#2672=CARTESIAN_POINT('',(0.0251228648650647,-0.0233176853493043,0.0146));
#2673=CARTESIAN_POINT('',(0.00131286486506464,-0.0233176853493043,0.0146));
#2674=CARTESIAN_POINT('',(0.0575601148650646,0.00268231465069573,0.0146));
#2675=CARTESIAN_POINT('',(0.0200428648650646,0.00268231465069572,0.0146));
#2676=CARTESIAN_POINT('',(0.0208698648650646,0.00268231465069572,0.0146));
#2677=CARTESIAN_POINT('',(0.0208698648650647,-0.0233176853493043,0.0146));
#2678=CARTESIAN_POINT('',(0.0200428648650646,-0.0233176853493043,0.0146));
#2679=CARTESIAN_POINT('',(0.00131286486506464,-0.0233176853493043,0.0146));
#2680=CARTESIAN_POINT('',(0.0575601148650646,0.00268231465069573,0.0146));
#2681=CARTESIAN_POINT('',(0.0138768648650646,0.00268231465069572,0.0146));
#2682=CARTESIAN_POINT('',(0.0157898648650646,0.00268231465069572,0.0146));
#2683=CARTESIAN_POINT('',(0.0157898648650646,-0.0233176853493043,0.0146));
#2684=CARTESIAN_POINT('',(0.0138768648650646,-0.0233176853493043,0.0146));
#2685=CARTESIAN_POINT('',(0.00131286486506464,-0.0233176853493043,0.0146));
#2686=CARTESIAN_POINT('',(0.0575601148650646,0.00268231465069573,0.0146));
#2687=CARTESIAN_POINT('',(0.00879686486506462,0.00268231465069571,0.0146));
#2688=CARTESIAN_POINT('',(0.00962386486506462,0.00268231465069572,0.0146));
#2689=CARTESIAN_POINT('',(0.00962386486506462,-0.0233176853493043,0.0146));
#2690=CARTESIAN_POINT('',(0.00879686486506462,-0.0233176853493043,0.0146));
#2691=CARTESIAN_POINT('',(-0.0746871351349354,-0.0368176853493044,0.0146));
#2692=CARTESIAN_POINT('',(-0.0746871351349354,-0.0203176853493043,0.0115));
#2693=CARTESIAN_POINT('',(-0.0746871351349354,-0.0203176853493043,0.0135));
#2694=CARTESIAN_POINT('',(-0.0746871351349354,-0.0183183104469911,0.01155));
#2695=CARTESIAN_POINT('',(-0.0746871351349354,-0.0203176853493043,0.0116));
#2696=CARTESIAN_POINT('',(-0.0746871351349354,-0.0203176853493043,0.0096));
#2697=CARTESIAN_POINT('',(-0.0746871351349354,-0.0233176853493044,0.0096));
#2698=CARTESIAN_POINT('',(-0.0746871351349354,-0.0263176853493043,0.0096));
#2699=CARTESIAN_POINT('',(-0.0746871351349354,-0.0263176853493043,0.0116));
#2700=CARTESIAN_POINT('',(-0.0746871351349354,-0.0283170602516176,0.01155));
#2701=CARTESIAN_POINT('',(-0.0746871351349354,-0.0263176853493043,0.0115));
#2702=CARTESIAN_POINT('',(-0.0746871351349354,-0.0263176853493043,0.0135));
#2703=CARTESIAN_POINT('',(-0.0746871351349354,-0.0233176853493044,0.0135));
#2704=CARTESIAN_POINT('',(-0.0746871351349354,-0.0453176853493044,0.0146));
#2705=CARTESIAN_POINT('',(-0.0746871351349354,-0.0453176853493044,0.004));
#2706=CARTESIAN_POINT('',(-0.0746871351349354,-0.00981768534930435,0.004));
#2707=CARTESIAN_POINT('',(-0.0746871351349354,-0.00131768534930435,0.004));
#2708=CARTESIAN_POINT('',(-0.0746871351349354,-0.00131768534930435,0.0146));
#2709=CARTESIAN_POINT('',(0.00131286486506464,-0.0233176853493043,0.004));
#2710=CARTESIAN_POINT('',(0.00667136486506462,0.00268231465069571,0.004));
#2711=CARTESIAN_POINT('',(-0.0706871351349354,0.00268231465069569,0.004));
#2712=CARTESIAN_POINT('',(0.0733128648650646,0.00268231465069576,0.004));
#2713=CARTESIAN_POINT('',(-0.0706871351349354,-0.00131768534930435,0.004));
#2714=CARTESIAN_POINT('',(-0.0706871351349354,-0.0453176853493044,0.004));
#2715=CARTESIAN_POINT('',(-0.0706871351349354,-0.0493176853493044,0.004));
#2716=CARTESIAN_POINT('',(0.00131286486506464,-0.0493176853493043,0.004));
#2717=CARTESIAN_POINT('',(0.0733128648650647,-0.0493176853493043,0.004));
#2718=CARTESIAN_POINT('',(0.0733128648650646,-0.0453176853493042,0.004));
#2719=CARTESIAN_POINT('',(0.0773128648650646,-0.0453176853493042,0.004));
#2720=CARTESIAN_POINT('',(0.0773128648650646,-0.0233176853493043,0.004));
#2721=CARTESIAN_POINT('',(0.0773128648650646,-0.00131768534930424,0.004));
#2722=CARTESIAN_POINT('',(0.0733128648650646,-0.00131768534930424,0.004));
#2723=CARTESIAN_POINT('',(-0.0326871351349354,-0.0453176853493043,0.004));
#2724=CARTESIAN_POINT('',(-0.0304371351349354,-0.0453176853493043,0.004));
#2725=CARTESIAN_POINT('',(-0.0326871351349354,-0.00809268534930432,0.004));
#2726=CARTESIAN_POINT('',(-0.0304371351349354,-0.00809268534930432,0.004));
#2727=CARTESIAN_POINT('',(0.0457378648650646,-0.00131768534930426,0.004));
#2728=CARTESIAN_POINT('',(0.0479878648650646,-0.00131768534930426,0.004));
#2729=CARTESIAN_POINT('',(0.0457378648650646,-0.0453176853493043,0.004));
#2730=CARTESIAN_POINT('',(0.0479878648650646,-0.0453176853493043,0.004));
#2731=CARTESIAN_POINT('',(0.00131286486506464,-0.0233176853493043,0.));
#2732=CARTESIAN_POINT('',(0.0575601148650646,0.00268231465069573,0.0146));
#2733=CARTESIAN_POINT('',(0.0413938648650646,0.00268231465069572,0.0156));
#2734=CARTESIAN_POINT('',(0.0413938648650646,0.00268231465069572,0.0121));
#2735=CARTESIAN_POINT('',(0.0398938648650646,0.00268231465069572,0.0121));
#2736=CARTESIAN_POINT('',(0.0398938648650646,0.00268231465069572,0.0106));
#2737=CARTESIAN_POINT('',(0.0392673648650646,0.00268231465069572,0.0106));
#2738=CARTESIAN_POINT('',(0.0386408648650646,0.00268231465069572,0.0106));
#2739=CARTESIAN_POINT('',(0.0386408648650646,0.00268231465069572,0.0121));
#2740=CARTESIAN_POINT('',(0.0371408648650646,0.00268231465069572,0.0121));
#2741=CARTESIAN_POINT('',(0.0371408648650646,0.00268231465069572,0.0156));
#2742=CARTESIAN_POINT('',(0.0363138648650646,0.00268231465069572,0.0156));
#2743=CARTESIAN_POINT('',(0.0363138648650646,0.00268231465069572,0.0121));
#2744=CARTESIAN_POINT('',(0.0348138648650646,0.00268231465069572,0.0121));
#2745=CARTESIAN_POINT('',(0.0348138648650646,0.00268231465069572,0.0106));
#2746=CARTESIAN_POINT('',(0.0341873648650646,0.00268231465069572,0.0106));
#2747=CARTESIAN_POINT('',(0.0335608648650646,0.00268231465069572,0.0106));
#2748=CARTESIAN_POINT('',(0.0335608648650646,0.00268231465069572,0.0121));
#2749=CARTESIAN_POINT('',(0.0320608648650646,0.00268231465069572,0.0121));
#2750=CARTESIAN_POINT('',(0.0320608648650646,0.00268231465069572,0.0156));
#2751=CARTESIAN_POINT('',(0.0302028648650646,0.00268231465069572,0.0156));
#2752=CARTESIAN_POINT('',(0.0302028648650646,0.00268231465069572,0.0121));
#2753=CARTESIAN_POINT('',(0.0287028648650646,0.00268231465069572,0.0121));
#2754=CARTESIAN_POINT('',(0.0287028648650646,0.00268231465069572,0.0106));
#2755=CARTESIAN_POINT('',(0.0280763648650646,0.00268231465069572,0.0106));
#2756=CARTESIAN_POINT('',(0.0274498648650647,0.00268231465069572,0.0106));
#2757=CARTESIAN_POINT('',(0.0274498648650647,0.00268231465069572,0.0121));
#2758=CARTESIAN_POINT('',(0.0259498648650646,0.00268231465069572,0.0121));
#2759=CARTESIAN_POINT('',(0.0259498648650646,0.00268231465069572,0.0156));
#2760=CARTESIAN_POINT('',(0.0251228648650646,0.00268231465069572,0.0156));
#2761=CARTESIAN_POINT('',(0.0251228648650646,0.00268231465069572,0.0121));
#2762=CARTESIAN_POINT('',(0.0236228648650646,0.00268231465069572,0.0121));
#2763=CARTESIAN_POINT('',(0.0236228648650646,0.00268231465069572,0.0106));
#2764=CARTESIAN_POINT('',(0.0229963648650646,0.00268231465069572,0.0106));
#2765=CARTESIAN_POINT('',(0.0223698648650647,0.00268231465069572,0.0106));
#2766=CARTESIAN_POINT('',(0.0223698648650647,0.00268231465069572,0.0121));
#2767=CARTESIAN_POINT('',(0.0208698648650646,0.00268231465069572,0.0121));
#2768=CARTESIAN_POINT('',(0.0208698648650646,0.00268231465069572,0.0156));
#2769=CARTESIAN_POINT('',(0.0200428648650646,0.00268231465069572,0.0156));
#2770=CARTESIAN_POINT('',(0.0200428648650646,0.00268231465069572,0.0121));
#2771=CARTESIAN_POINT('',(0.0185428648650646,0.00268231465069572,0.0121));
#2772=CARTESIAN_POINT('',(0.0185428648650646,0.00268231465069572,0.0106));
#2773=CARTESIAN_POINT('',(0.0179163648650646,0.00268231465069572,0.0106));
#2774=CARTESIAN_POINT('',(0.0172898648650646,0.00268231465069572,0.0106));
#2775=CARTESIAN_POINT('',(0.0172898648650646,0.00268231465069572,0.0121));
#2776=CARTESIAN_POINT('',(0.0157898648650646,0.00268231465069572,0.0121));
#2777=CARTESIAN_POINT('',(0.0157898648650646,0.00268231465069572,0.0156));
#2778=CARTESIAN_POINT('',(0.0138768648650646,0.00268231465069572,0.0156));
#2779=CARTESIAN_POINT('',(0.0138768648650646,0.00268231465069572,0.0121));
#2780=CARTESIAN_POINT('',(0.0123768648650646,0.00268231465069572,0.0121));
#2781=CARTESIAN_POINT('',(0.0123768648650646,0.00268231465069572,0.0106));
#2782=CARTESIAN_POINT('',(0.0117503648650646,0.00268231465069572,0.0106));
#2783=CARTESIAN_POINT('',(0.0111238648650646,0.00268231465069572,0.0106));
#2784=CARTESIAN_POINT('',(0.0111238648650646,0.00268231465069572,0.0121));
#2785=CARTESIAN_POINT('',(0.00962386486506462,0.00268231465069572,0.0121));
#2786=CARTESIAN_POINT('',(0.00962386486506462,0.00268231465069572,0.0156));
#2787=CARTESIAN_POINT('',(0.00879686486506462,0.00268231465069572,0.0156));
#2788=CARTESIAN_POINT('',(0.00879686486506462,0.00268231465069572,0.0121));
#2789=CARTESIAN_POINT('',(0.00729686486506462,0.00268231465069571,0.0121));
#2790=CARTESIAN_POINT('',(0.00729686486506462,0.00268231465069571,0.0106));
#2791=CARTESIAN_POINT('',(0.00667136486506462,0.00268231465069571,0.0106));
#2792=CARTESIAN_POINT('',(0.00604586486506462,0.00268231465069571,0.0106));
#2793=CARTESIAN_POINT('',(0.00604586486506462,0.00268231465069571,0.0121));
#2794=CARTESIAN_POINT('',(0.00454586486506462,0.00268231465069572,0.0121));
#2795=CARTESIAN_POINT('',(0.00454586486506462,0.00268231465069572,0.0156));
#2796=CARTESIAN_POINT('',(-0.0706871351349354,0.00268231465069569,0.0146));
#2797=CARTESIAN_POINT('',(0.0733128648650646,0.00268231465069576,0.0146));
#2798=CARTESIAN_POINT('',(0.00131286486506464,-0.0493176853493043,0.0146));
#2799=CARTESIAN_POINT('',(-0.0706871351349354,-0.0493176853493044,0.0146));
#2800=CARTESIAN_POINT('',(0.0733128648650647,-0.0493176853493043,0.0146));
#2801=CARTESIAN_POINT('',(0.0773128648650646,-0.0233176853493043,0.0146));
#2802=CARTESIAN_POINT('',(0.0773128648650646,-0.00131768534930424,0.0146));
#2803=CARTESIAN_POINT('',(0.0773128648650646,-0.0453176853493042,0.0146));
#2804=CARTESIAN_POINT('',(-0.0706871351349354,-0.00131768534930435,0.0146));
#2805=CARTESIAN_POINT('',(0.0733128648650646,-0.00131768534930424,0.0146));
#2806=CARTESIAN_POINT('',(0.0733128648650646,-0.0453176853493042,0.0146));
#2807=CARTESIAN_POINT('',(-0.0706871351349354,-0.0453176853493044,0.0146));
#2808=CARTESIAN_POINT('',(-0.0716871351349354,-0.00031768534930435,0.0146));
#2809=CARTESIAN_POINT('',(-0.0766871351349354,-0.00031768534930435,0.0146));
#2810=CARTESIAN_POINT('',(-0.0766871351349354,-0.0373176853493044,0.0146));
#2811=CARTESIAN_POINT('',(-0.0766871351349354,-0.0233176853493044,0.0096));
#2812=CARTESIAN_POINT('',(-0.0766871351349354,-0.0203176853493043,0.0096));
#2813=CARTESIAN_POINT('',(-0.0766871351349354,-0.0263176853493043,0.0096));
#2814=CARTESIAN_POINT('',(-0.0766871351349354,-0.0203176853493043,0.0116));
#2815=CARTESIAN_POINT('',(-0.0766871351349354,-0.0183183104469911,0.01155));
#2816=CARTESIAN_POINT('',(-0.0766871351349354,-0.0203176853493043,0.0115));
#2817=CARTESIAN_POINT('',(-0.0766871351349354,-0.0203176853493043,0.0135));
#2818=CARTESIAN_POINT('',(-0.0766871351349354,-0.0233176853493044,0.0135));
#2819=CARTESIAN_POINT('',(-0.0766871351349354,-0.0263176853493043,0.0135));
#2820=CARTESIAN_POINT('',(-0.0766871351349354,-0.0263176853493043,0.0115));
#2821=CARTESIAN_POINT('',(-0.0766871351349354,-0.0283170602516176,0.01155));
#2822=CARTESIAN_POINT('',(-0.0766871351349354,-0.0263176853493043,0.0116));
#2823=CARTESIAN_POINT('',(-0.0766871351349354,-0.0463176853493044,0.0146));
#2824=CARTESIAN_POINT('',(-0.0716871351349354,-0.0463176853493044,0.0146));
#2825=CARTESIAN_POINT('',(-0.0716871351349354,-0.0513176853493043,0.0146));
#2826=CARTESIAN_POINT('',(0.00131286486506464,-0.0513176853493043,0.0146));
#2827=CARTESIAN_POINT('',(0.0743128648650646,-0.0513176853493043,0.0146));
#2828=CARTESIAN_POINT('',(0.0743128648650646,-0.0463176853493042,0.0146));
#2829=CARTESIAN_POINT('',(0.0793128648650646,-0.0463176853493042,0.0146));
#2830=CARTESIAN_POINT('',(0.0793128648650646,-0.0233176853493043,0.0146));
#2831=CARTESIAN_POINT('',(0.0793128648650646,-0.00031768534930424,0.0146));
#2832=CARTESIAN_POINT('',(0.0743128648650646,-0.000317685349304262,0.0146));
#2833=CARTESIAN_POINT('',(-0.0326871351349354,-0.0453176853493043,0.008));
#2834=CARTESIAN_POINT('',(-0.0326871351349354,-0.0453176853493043,0.008));
#2835=CARTESIAN_POINT('',(-0.0304371351349354,-0.0453176853493043,0.008));
#2836=CARTESIAN_POINT('',(0.00131286486506464,-0.0233176853493043,0.008));
#2837=CARTESIAN_POINT('',(-0.0326871351349354,-0.0453176853493043,0.008));
#2838=CARTESIAN_POINT('',(-0.0340871351349354,-0.0453176853493043,0.008));
#2839=CARTESIAN_POINT('',(-0.0326871351349354,-0.00809268534930432,0.008));
#2840=CARTESIAN_POINT('',(-0.0326871351349354,-0.00809268534930432,0.008));
#2841=CARTESIAN_POINT('',(-0.0304371351349354,-0.00809268534930432,0.008));
#2842=CARTESIAN_POINT('',(0.00131286486506464,-0.0233176853493043,0.008));
#2843=CARTESIAN_POINT('',(-0.0326871351349354,-0.00809268534930432,0.008));
#2844=CARTESIAN_POINT('',(-0.0340871351349354,-0.00809268534930432,0.008));
#2845=CARTESIAN_POINT('',(0.0457378648650646,-0.00131768534930426,0.008));
#2846=CARTESIAN_POINT('',(0.0457378648650646,-0.00131768534930426,0.008));
#2847=CARTESIAN_POINT('',(0.0479878648650646,-0.00131768534930426,0.008));
#2848=CARTESIAN_POINT('',(0.00131286486506464,-0.0233176853493043,0.008));
#2849=CARTESIAN_POINT('',(0.0457378648650646,-0.00131768534930426,0.008));
#2850=CARTESIAN_POINT('',(0.0443378648650646,-0.00131768534930426,0.008));
#2851=CARTESIAN_POINT('',(0.0457378648650646,-0.0453176853493043,0.008));
#2852=CARTESIAN_POINT('',(0.0457378648650646,-0.0453176853493043,0.008));
#2853=CARTESIAN_POINT('',(0.0479878648650646,-0.0453176853493043,0.008));
#2854=CARTESIAN_POINT('',(0.00131286486506464,-0.0233176853493043,0.008));
#2855=CARTESIAN_POINT('',(0.0457378648650646,-0.0453176853493043,0.008));
#2856=CARTESIAN_POINT('',(0.0443378648650646,-0.0453176853493043,0.008));
#2857=CARTESIAN_POINT('',(0.0457378648650646,-0.0453176853493043,0.0039));
#2858=CARTESIAN_POINT('',(0.0457378648650646,-0.0453176853493043,0.00305879513336141));
#2859=CARTESIAN_POINT('',(0.0457378648650646,-0.0453176853493043,0.0039));
#2860=CARTESIAN_POINT('',(0.0443378648650646,-0.0453176853493043,0.0039));
#2861=CARTESIAN_POINT('',(0.0457378648650646,-0.0453176853493043,0.008));
#2862=CARTESIAN_POINT('',(0.0457378648650646,-0.00131768534930426,0.0039));
#2863=CARTESIAN_POINT('',(0.0457378648650646,-0.00131768534930426,0.00305879513336141));
#2864=CARTESIAN_POINT('',(0.0457378648650646,-0.00131768534930426,0.0039));
#2865=CARTESIAN_POINT('',(0.0443378648650646,-0.00131768534930426,0.0039));
#2866=CARTESIAN_POINT('',(0.0457378648650646,-0.00131768534930426,0.008));
#2867=CARTESIAN_POINT('',(-0.0326871351349354,-0.00809268534930432,0.0039));
#2868=CARTESIAN_POINT('',(-0.0326871351349354,-0.00809268534930432,0.00305879513336141));
#2869=CARTESIAN_POINT('',(-0.0326871351349354,-0.00809268534930432,0.0039));
#2870=CARTESIAN_POINT('',(-0.0340871351349354,-0.00809268534930432,0.0039));
#2871=CARTESIAN_POINT('',(-0.0326871351349354,-0.00809268534930432,0.008));
#2872=CARTESIAN_POINT('',(-0.0326871351349354,-0.0453176853493043,0.0039));
#2873=CARTESIAN_POINT('',(-0.0326871351349354,-0.0453176853493043,0.00305879513336141));
#2874=CARTESIAN_POINT('',(-0.0326871351349354,-0.0453176853493043,0.0039));
#2875=CARTESIAN_POINT('',(-0.0340871351349354,-0.0453176853493043,0.0039));
#2876=CARTESIAN_POINT('',(-0.0326871351349354,-0.0453176853493043,0.008));
#2877=CARTESIAN_POINT('',(0.00131286486506464,-0.0233176853493043,0.0096));
#2878=CARTESIAN_POINT('',(0.00131286486506464,-0.0263176853493043,0.0096));
#2879=CARTESIAN_POINT('',(-0.0766871351349354,-0.0203176853493043,0.0096));
#2880=CARTESIAN_POINT('',(0.00131286486506464,-0.0233176853493043,0.0135));
#2881=CARTESIAN_POINT('',(0.00131286486506464,-0.0203176853493043,0.0135));
#2882=CARTESIAN_POINT('',(-0.0766871351349354,-0.0263176853493043,0.0135));
#2883=CARTESIAN_POINT('',(0.00131286486506464,-0.0203176853493043,0.0116));
#2884=CARTESIAN_POINT('',(-0.0756871351349354,-0.0183183104469911,0.01155));
#2885=CARTESIAN_POINT('',(-0.0756871351349354,-0.0203176853493043,0.0115));
#2886=CARTESIAN_POINT('',(-0.0756871351349354,-0.0263176853493043,0.0116));
#2887=CARTESIAN_POINT('',(-0.0756871351349354,-0.0283170602516176,0.01155));
#2888=CARTESIAN_POINT('',(0.00131286486506464,-0.0263176853493043,0.0115));
#2889=CARTESIAN_POINT('',(0.00454586486506462,0.00368231465069572,0.0156));
#2890=CARTESIAN_POINT('',(0.00454586486506462,0.00368231465069572,0.0121));
#2891=CARTESIAN_POINT('',(0.00879686486506462,0.00368231465069572,0.0156));
#2892=CARTESIAN_POINT('',(0.00879686486506462,0.00368231465069572,0.0121));
#2893=CARTESIAN_POINT('',(0.00131286486506464,-0.0233176853493043,0.0106));
#2894=CARTESIAN_POINT('',(0.00729686486506462,-0.0233176853493043,0.0106));
#2895=CARTESIAN_POINT('',(0.00604586486506463,-0.0233176853493043,0.0106));
#2896=CARTESIAN_POINT('',(0.00962386486506462,0.00368231465069572,0.0156));
#2897=CARTESIAN_POINT('',(0.00962386486506462,0.00468231465069571,0.0121));
#2898=CARTESIAN_POINT('',(0.0138768648650646,0.00368231465069572,0.0156));
#2899=CARTESIAN_POINT('',(0.0138768648650646,0.00368231465069572,0.0121));
#2900=CARTESIAN_POINT('',(0.00131286486506464,-0.0233176853493043,0.0106));
#2901=CARTESIAN_POINT('',(0.0111238648650646,0.00268231465069571,0.0106));
#2902=CARTESIAN_POINT('',(0.0123768648650646,-0.0233176853493043,0.0106));
#2903=CARTESIAN_POINT('',(0.0157898648650646,0.00368231465069572,0.0156));
#2904=CARTESIAN_POINT('',(0.0157898648650646,0.00468231465069571,0.0121));
#2905=CARTESIAN_POINT('',(0.0200428648650646,0.00368231465069572,0.0156));
#2906=CARTESIAN_POINT('',(0.0200428648650646,0.00368231465069572,0.0121));
#2907=CARTESIAN_POINT('',(0.00131286486506464,-0.0233176853493043,0.0106));
#2908=CARTESIAN_POINT('',(0.0172898648650646,0.00268231465069572,0.0106));
#2909=CARTESIAN_POINT('',(0.0185428648650647,-0.0233176853493043,0.0106));
#2910=CARTESIAN_POINT('',(0.0208698648650646,0.00368231465069572,0.0156));
#2911=CARTESIAN_POINT('',(0.0208698648650646,0.00468231465069572,0.0121));
#2912=CARTESIAN_POINT('',(0.0251228648650646,0.00368231465069572,0.0156));
#2913=CARTESIAN_POINT('',(0.0251228648650646,0.00368231465069572,0.0121));
#2914=CARTESIAN_POINT('',(0.00131286486506464,-0.0233176853493043,0.0106));
#2915=CARTESIAN_POINT('',(0.0236228648650647,-0.0233176853493043,0.0106));
#2916=CARTESIAN_POINT('',(0.0223698648650647,0.00268231465069572,0.0106));
#2917=CARTESIAN_POINT('',(0.0259498648650646,0.00368231465069572,0.0156));
#2918=CARTESIAN_POINT('',(0.0259498648650646,0.00468231465069572,0.0121));
#2919=CARTESIAN_POINT('',(0.0302028648650646,0.00368231465069572,0.0156));
#2920=CARTESIAN_POINT('',(0.0302028648650646,0.00368231465069572,0.0121));
#2921=CARTESIAN_POINT('',(0.00131286486506464,-0.0233176853493043,0.0106));
#2922=CARTESIAN_POINT('',(0.0274498648650647,0.00268231465069572,0.0106));
#2923=CARTESIAN_POINT('',(0.0287028648650646,-0.0233176853493043,0.0106));
#2924=CARTESIAN_POINT('',(0.0320608648650646,0.00368231465069572,0.0156));
#2925=CARTESIAN_POINT('',(0.0320608648650646,0.00468231465069572,0.0121));
#2926=CARTESIAN_POINT('',(0.0363138648650646,0.00368231465069572,0.0156));
#2927=CARTESIAN_POINT('',(0.0363138648650646,0.00368231465069572,0.0121));
#2928=CARTESIAN_POINT('',(0.00131286486506464,-0.0233176853493043,0.0106));
#2929=CARTESIAN_POINT('',(0.0348138648650646,-0.0233176853493043,0.0106));
#2930=CARTESIAN_POINT('',(0.0335608648650646,0.00268231465069572,0.0106));
#2931=CARTESIAN_POINT('',(0.0371408648650646,0.00368231465069572,0.0156));
#2932=CARTESIAN_POINT('',(0.0371408648650646,0.00468231465069572,0.0121));
#2933=CARTESIAN_POINT('',(0.0413938648650646,0.00368231465069573,0.0156));
#2934=CARTESIAN_POINT('',(0.0413938648650646,0.00268231465069572,0.0121));
#2935=CARTESIAN_POINT('',(0.00131286486506464,-0.0233176853493043,0.0106));
#2936=CARTESIAN_POINT('',(0.0386408648650646,0.00268231465069572,0.0106));
#2937=CARTESIAN_POINT('',(0.0398938648650646,0.00468231465069572,0.0106));
#2938=CARTESIAN_POINT('',(0.0386408648650646,-0.0233176853493043,0.0121));
#2939=CARTESIAN_POINT('',(0.0398938648650646,-0.0233176853493043,0.0121));
#2940=CARTESIAN_POINT('',(0.0348138648650646,0.00368231465069572,0.0121));
#2941=CARTESIAN_POINT('',(0.0335608648650646,-0.0233176853493043,0.0121));
#2942=CARTESIAN_POINT('',(0.0274498648650647,-0.0233176853493043,0.0121));
#2943=CARTESIAN_POINT('',(0.0287028648650646,0.00368231465069572,0.0121));
#2944=CARTESIAN_POINT('',(0.0236228648650646,0.00368231465069572,0.0121));
#2945=CARTESIAN_POINT('',(0.0223698648650647,-0.0233176853493043,0.0121));
#2946=CARTESIAN_POINT('',(0.0172898648650647,-0.0233176853493043,0.0121));
#2947=CARTESIAN_POINT('',(0.0185428648650646,0.00368231465069572,0.0121));
#2948=CARTESIAN_POINT('',(0.00729686486506462,0.00368231465069572,0.0121));
#2949=CARTESIAN_POINT('',(0.00604586486506462,0.00368231465069572,0.0121));
#2950=CARTESIAN_POINT('',(0.0111238648650646,-0.0233176853493043,0.0121));
#2951=CARTESIAN_POINT('',(0.0123768648650646,0.00368231465069572,0.0121));
#2952=MECHANICAL_DESIGN_GEOMETRIC_PRESENTATION_REPRESENTATION('',(#1605),
#2953);
#2953=(
GEOMETRIC_REPRESENTATION_CONTEXT(3)
GLOBAL_UNCERTAINTY_ASSIGNED_CONTEXT((#2954))
GLOBAL_UNIT_ASSIGNED_CONTEXT((#2957,#2956,#2955))
REPRESENTATION_CONTEXT('Bottom Case','TOP_LEVEL_ASSEMBLY_PART')
);
#2954=UNCERTAINTY_MEASURE_WITH_UNIT(LENGTH_MEASURE(2.E-5),#2957,
'DISTANCE_ACCURACY_VALUE','Maximum Tolerance applied to model');
#2955=(
NAMED_UNIT(*)
SI_UNIT($,.STERADIAN.)
SOLID_ANGLE_UNIT()
);
#2956=(
NAMED_UNIT(*)
PLANE_ANGLE_UNIT()
SI_UNIT($,.RADIAN.)
);
#2957=(
LENGTH_UNIT()
NAMED_UNIT(*)
SI_UNIT($,.METRE.)
);
#2958=PRODUCT_DEFINITION_SHAPE('','',#2959);
#2959=PRODUCT_DEFINITION('','',#2961,#2960);
#2960=PRODUCT_DEFINITION_CONTEXT('',#2967,'design');
#2961=PRODUCT_DEFINITION_FORMATION_WITH_SPECIFIED_SOURCE('','',#2963,
 .NOT_KNOWN.);
#2962=PRODUCT_RELATED_PRODUCT_CATEGORY('','',(#2963));
#2963=PRODUCT('Bottom Case','Bottom Case','Bottom Case',(#2965));
#2964=PRODUCT_CATEGORY('','');
#2965=PRODUCT_CONTEXT('',#2967,'mechanical');
#2966=APPLICATION_PROTOCOL_DEFINITION('international standard',
'ap242_managed_model_based_3d_engineering',2020,#2967);
#2967=APPLICATION_CONTEXT('managed model based 3d engineering');
ENDSEC;
END-ISO-10303-21;
