ISO-10303-21;
HEADER;
/* Generated by software containing ST-Developer
 * from STEP Tools, Inc. (www.steptools.com) 
 */
/* OPTION: using custom renumber hook */

FILE_DESCRIPTION(
/* description */ ('STEP AP242 Edition 2',
'CAx-IF Rec.Pracs.---Representation and Presentation of Product Manufa
cturing Information (PMI)---4.0---2014-10-13',
'CAx-IF Rec.Pracs.---3D Tessellated Geometry---0.4---2014-09-14','2;1',
'CAx-IF Rec.Pracs.---User Defined Attributes---1.5---2016-08-15'),
/* implementation_level */ '2;1');

FILE_NAME(
/* name */ '692a96e0e2cb2c5473267b65',
/* time_stamp */ '2025-11-29T06:46:56Z',
/* author */ (''),
/* organization */ (''),
/* preprocessor_version */ 'ST-DEVELOPER v20',
/* originating_system */ 'ONSHAPE BY PTC INC, 1.207',
/* authorisation */ '  ');

FILE_SCHEMA (('AP242_MANAGED_MODEL_BASED_3D_ENGINEERING_MIM_LF { 1 0 10303 442 3 1 4 }'));
ENDSEC;

DATA;
#10=SHAPE_REPRESENTATION_RELATIONSHIP('','',#2206,#11);
#11=ADVANCED_BREP_SHAPE_REPRESENTATION('',(#2204),#5244);
#12=(
BOUNDED_SURFACE()
B_SPLINE_SURFACE(5,3,((#4885,#4886,#4887,#4888),(#4889,#4890,#4891,#4892),
(#4893,#4894,#4895,#4896),(#4897,#4898,#4899,#4900),(#4901,#4902,#4903,
#4904),(#4905,#4906,#4907,#4908),(#4909,#4910,#4911,#4912),(#4913,#4914,
#4915,#4916),(#4917,#4918,#4919,#4920),(#4921,#4922,#4923,#4924),(#4925,
#4926,#4927,#4928),(#4929,#4930,#4931,#4932),(#4933,#4934,#4935,#4936)),
 .SURF_OF_REVOLUTION.,.F.,.F.,.F.)
B_SPLINE_SURFACE_WITH_KNOTS((6,5,2,6),(4,4),(-0.00600001062405851,0.,0.5,
1.),(0.,1.),.UNSPECIFIED.)
GEOMETRIC_REPRESENTATION_ITEM()
RATIONAL_B_SPLINE_SURFACE(((1.,0.800299497267623,0.800299497267623,1.),
(1.,0.800299497267623,0.800299497267623,1.),(1.,0.800299497267623,0.800299497267623,
1.),(1.,0.800299497267623,0.800299497267623,1.),(1.,0.800299497267623,0.800299497267623,
1.),(1.,0.800299497267623,0.800299497267623,1.),(1.,0.800299497267623,0.800299497267623,
1.),(1.,0.800299497267623,0.800299497267623,1.),(1.,0.800299497267623,0.800299497267623,
1.),(1.,0.800299497267623,0.800299497267623,1.),(1.,0.800299497267623,0.800299497267623,
1.),(1.,0.800299497267623,0.800299497267623,1.),(1.,0.800299497267623,0.800299497267623,
1.)))
REPRESENTATION_ITEM('')
SURFACE()
);
#13=(
BOUNDED_SURFACE()
B_SPLINE_SURFACE(5,3,((#4997,#4998,#4999,#5000),(#5001,#5002,#5003,#5004),
(#5005,#5006,#5007,#5008),(#5009,#5010,#5011,#5012),(#5013,#5014,#5015,
#5016),(#5017,#5018,#5019,#5020),(#5021,#5022,#5023,#5024),(#5025,#5026,
#5027,#5028),(#5029,#5030,#5031,#5032),(#5033,#5034,#5035,#5036),(#5037,
#5038,#5039,#5040),(#5041,#5042,#5043,#5044),(#5045,#5046,#5047,#5048)),
 .SURF_OF_REVOLUTION.,.F.,.F.,.F.)
B_SPLINE_SURFACE_WITH_KNOTS((6,5,2,6),(4,4),(-0.0060000106240585,0.,0.5,
1.),(0.,1.),.UNSPECIFIED.)
GEOMETRIC_REPRESENTATION_ITEM()
RATIONAL_B_SPLINE_SURFACE(((1.,0.800299497267691,0.800299497267691,1.),
(1.,0.800299497267691,0.800299497267691,1.),(1.,0.800299497267691,0.800299497267691,
1.),(1.,0.800299497267691,0.800299497267691,1.),(1.,0.800299497267691,0.800299497267691,
1.),(1.,0.800299497267691,0.800299497267691,1.),(1.,0.800299497267691,0.800299497267691,
1.),(1.,0.800299497267691,0.800299497267691,1.),(1.,0.800299497267691,0.800299497267691,
1.),(1.,0.800299497267691,0.800299497267691,1.),(1.,0.800299497267691,0.800299497267691,
1.),(1.,0.800299497267691,0.800299497267691,1.),(1.,0.800299497267691,0.800299497267691,
1.)))
REPRESENTATION_ITEM('')
SURFACE()
);
#14=(
BOUNDED_SURFACE()
B_SPLINE_SURFACE(5,3,((#5056,#5057,#5058,#5059),(#5060,#5061,#5062,#5063),
(#5064,#5065,#5066,#5067),(#5068,#5069,#5070,#5071),(#5072,#5073,#5074,
#5075),(#5076,#5077,#5078,#5079),(#5080,#5081,#5082,#5083),(#5084,#5085,
#5086,#5087),(#5088,#5089,#5090,#5091),(#5092,#5093,#5094,#5095),(#5096,
#5097,#5098,#5099),(#5100,#5101,#5102,#5103),(#5104,#5105,#5106,#5107)),
 .SURF_OF_REVOLUTION.,.F.,.F.,.F.)
B_SPLINE_SURFACE_WITH_KNOTS((6,5,2,6),(4,4),(-0.00600001062405849,0.,0.5,
1.),(0.,1.),.UNSPECIFIED.)
GEOMETRIC_REPRESENTATION_ITEM()
RATIONAL_B_SPLINE_SURFACE(((1.,0.800299497267617,0.800299497267617,1.),
(1.,0.800299497267617,0.800299497267617,1.),(1.,0.800299497267617,0.800299497267617,
1.),(1.,0.800299497267617,0.800299497267617,1.),(1.,0.800299497267617,0.800299497267617,
1.),(1.,0.800299497267617,0.800299497267617,1.),(1.,0.800299497267617,0.800299497267617,
1.),(1.,0.800299497267617,0.800299497267617,1.),(1.,0.800299497267617,0.800299497267617,
1.),(1.,0.800299497267617,0.800299497267617,1.),(1.,0.800299497267617,0.800299497267617,
1.),(1.,0.800299497267617,0.800299497267617,1.),(1.,0.800299497267617,0.800299497267617,
1.)))
REPRESENTATION_ITEM('')
SURFACE()
);
#15=(
BOUNDED_SURFACE()
B_SPLINE_SURFACE(5,3,((#5161,#5162,#5163,#5164),(#5165,#5166,#5167,#5168),
(#5169,#5170,#5171,#5172),(#5173,#5174,#5175,#5176),(#5177,#5178,#5179,
#5180),(#5181,#5182,#5183,#5184),(#5185,#5186,#5187,#5188),(#5189,#5190,
#5191,#5192),(#5193,#5194,#5195,#5196),(#5197,#5198,#5199,#5200),(#5201,
#5202,#5203,#5204),(#5205,#5206,#5207,#5208),(#5209,#5210,#5211,#5212)),
 .SURF_OF_REVOLUTION.,.F.,.F.,.F.)
B_SPLINE_SURFACE_WITH_KNOTS((6,5,2,6),(4,4),(-0.00600001062405849,0.,0.5,
1.),(0.,1.),.UNSPECIFIED.)
GEOMETRIC_REPRESENTATION_ITEM()
RATIONAL_B_SPLINE_SURFACE(((1.,0.800299497267738,0.800299497267738,1.),
(1.,0.800299497267738,0.800299497267738,1.),(1.,0.800299497267738,0.800299497267738,
1.),(1.,0.800299497267738,0.800299497267738,1.),(1.,0.800299497267738,0.800299497267738,
1.),(1.,0.800299497267738,0.800299497267738,1.),(1.,0.800299497267738,0.800299497267738,
1.),(1.,0.800299497267738,0.800299497267738,1.),(1.,0.800299497267738,0.800299497267738,
1.),(1.,0.800299497267738,0.800299497267738,1.),(1.,0.800299497267738,0.800299497267738,
1.),(1.,0.800299497267738,0.800299497267738,1.),(1.,0.800299497267738,0.800299497267738,
1.)))
REPRESENTATION_ITEM('')
SURFACE()
);
#16=CIRCLE('',#2210,0.005);
#17=CIRCLE('',#2213,0.005);
#18=CIRCLE('',#2217,0.0015);
#19=CIRCLE('',#2218,0.0015);
#20=CIRCLE('',#2219,0.0015);
#21=CIRCLE('',#2220,0.0015);
#22=CIRCLE('',#2221,0.0015);
#23=CIRCLE('',#2222,0.0015);
#24=CIRCLE('',#2223,0.0015);
#25=CIRCLE('',#2224,0.0015);
#26=CIRCLE('',#2225,0.0015);
#27=CIRCLE('',#2226,0.0015);
#28=CIRCLE('',#2227,0.0015);
#29=CIRCLE('',#2228,0.0015);
#30=CIRCLE('',#2229,0.0015);
#31=CIRCLE('',#2230,0.0015);
#32=CIRCLE('',#2232,0.005);
#33=CIRCLE('',#2235,0.005);
#34=CIRCLE('',#2237,0.004);
#35=CIRCLE('',#2238,0.004);
#36=CIRCLE('',#2239,0.004);
#37=CIRCLE('',#2240,0.004);
#38=CIRCLE('',#2247,0.004);
#39=CIRCLE('',#2249,0.004);
#40=CIRCLE('',#2251,0.004);
#41=CIRCLE('',#2253,0.004);
#42=CIRCLE('',#2255,0.004);
#43=CIRCLE('',#2256,0.004);
#44=CIRCLE('',#2258,0.0015);
#45=CIRCLE('',#2260,0.0015);
#46=CIRCLE('',#2262,0.004);
#47=CIRCLE('',#2263,0.004);
#48=CIRCLE('',#2266,0.004);
#49=CIRCLE('',#2267,0.004);
#50=CIRCLE('',#2270,0.004);
#51=CIRCLE('',#2271,0.004);
#52=CIRCLE('',#2279,0.0015);
#53=CIRCLE('',#2280,0.0015);
#54=CIRCLE('',#2283,0.0045);
#55=CIRCLE('',#2284,0.001);
#56=CIRCLE('',#2285,0.0011);
#57=CIRCLE('',#2286,0.0011);
#58=CIRCLE('',#2287,0.0011);
#59=CIRCLE('',#2288,0.0011);
#60=CIRCLE('',#2294,0.0015);
#61=CIRCLE('',#2295,0.0015);
#62=CIRCLE('',#2302,0.0015);
#63=CIRCLE('',#2303,0.0015);
#64=CIRCLE('',#2310,0.0015);
#65=CIRCLE('',#2311,0.0015);
#66=CIRCLE('',#2318,0.0015);
#67=CIRCLE('',#2319,0.0015);
#68=CIRCLE('',#2326,0.0015);
#69=CIRCLE('',#2327,0.0015);
#70=CIRCLE('',#2334,0.001);
#71=CIRCLE('',#2337,0.00225);
#72=CIRCLE('',#2338,0.00225);
#73=CIRCLE('',#2340,0.00225);
#74=CIRCLE('',#2341,0.00225);
#75=CIRCLE('',#2343,0.00225);
#76=CIRCLE('',#2344,0.00225);
#77=CIRCLE('',#2346,0.00225);
#78=CIRCLE('',#2347,0.00225);
#79=CIRCLE('',#2350,0.0011);
#80=CIRCLE('',#2353,0.0011);
#81=CIRCLE('',#2356,0.0011);
#82=CIRCLE('',#2359,0.0011);
#83=CYLINDRICAL_SURFACE('',#2209,0.005);
#84=CYLINDRICAL_SURFACE('',#2212,0.005);
#85=CYLINDRICAL_SURFACE('',#2231,0.005);
#86=CYLINDRICAL_SURFACE('',#2234,0.005);
#87=CYLINDRICAL_SURFACE('',#2246,0.004);
#88=CYLINDRICAL_SURFACE('',#2248,0.004);
#89=CYLINDRICAL_SURFACE('',#2250,0.004);
#90=CYLINDRICAL_SURFACE('',#2252,0.004);
#91=CYLINDRICAL_SURFACE('',#2254,0.004);
#92=CYLINDRICAL_SURFACE('',#2261,0.004);
#93=CYLINDRICAL_SURFACE('',#2265,0.004);
#94=CYLINDRICAL_SURFACE('',#2269,0.004);
#95=CYLINDRICAL_SURFACE('',#2333,0.001);
#96=CYLINDRICAL_SURFACE('',#2335,0.0045);
#97=CYLINDRICAL_SURFACE('',#2336,0.00225);
#98=CYLINDRICAL_SURFACE('',#2339,0.00225);
#99=CYLINDRICAL_SURFACE('',#2342,0.00225);
#100=CYLINDRICAL_SURFACE('',#2345,0.00225);
#101=CYLINDRICAL_SURFACE('',#2349,0.0011);
#102=CYLINDRICAL_SURFACE('',#2352,0.0011);
#103=CYLINDRICAL_SURFACE('',#2355,0.0011);
#104=CYLINDRICAL_SURFACE('',#2358,0.0011);
#105=CYLINDRICAL_SURFACE('',#2361,0.0015);
#106=CYLINDRICAL_SURFACE('',#2362,0.0015);
#107=CYLINDRICAL_SURFACE('',#2363,0.0015);
#108=CYLINDRICAL_SURFACE('',#2364,0.0015);
#109=CYLINDRICAL_SURFACE('',#2365,0.0015);
#110=CYLINDRICAL_SURFACE('',#2366,0.0015);
#111=CYLINDRICAL_SURFACE('',#2367,0.0015);
#112=CYLINDRICAL_SURFACE('',#2368,0.0015);
#113=CYLINDRICAL_SURFACE('',#2369,0.0015);
#114=CYLINDRICAL_SURFACE('',#2370,0.0015);
#115=CYLINDRICAL_SURFACE('',#2371,0.0015);
#116=CYLINDRICAL_SURFACE('',#2372,0.0015);
#117=CYLINDRICAL_SURFACE('',#2373,0.0015);
#118=CYLINDRICAL_SURFACE('',#2374,0.0015);
#119=LINE('',#4300,#308);
#120=LINE('',#4308,#309);
#121=LINE('',#4310,#310);
#122=LINE('',#4312,#311);
#123=LINE('',#4322,#312);
#124=LINE('',#4329,#313);
#125=LINE('',#4331,#314);
#126=LINE('',#4341,#315);
#127=LINE('',#4344,#316);
#128=LINE('',#4346,#317);
#129=LINE('',#4348,#318);
#130=LINE('',#4350,#319);
#131=LINE('',#4352,#320);
#132=LINE('',#4354,#321);
#133=LINE('',#4357,#322);
#134=LINE('',#4359,#323);
#135=LINE('',#4361,#324);
#136=LINE('',#4363,#325);
#137=LINE('',#4365,#326);
#138=LINE('',#4367,#327);
#139=LINE('',#4374,#328);
#140=LINE('',#4377,#329);
#141=LINE('',#4381,#330);
#142=LINE('',#4383,#331);
#143=LINE('',#4385,#332);
#144=LINE('',#4389,#333);
#145=LINE('',#4393,#334);
#146=LINE('',#4395,#335);
#147=LINE('',#4397,#336);
#148=LINE('',#4401,#337);
#149=LINE('',#4405,#338);
#150=LINE('',#4407,#339);
#151=LINE('',#4409,#340);
#152=LINE('',#4413,#341);
#153=LINE('',#4417,#342);
#154=LINE('',#4419,#343);
#155=LINE('',#4421,#344);
#156=LINE('',#4425,#345);
#157=LINE('',#4429,#346);
#158=LINE('',#4431,#347);
#159=LINE('',#4433,#348);
#160=LINE('',#4437,#349);
#161=LINE('',#4441,#350);
#162=LINE('',#4443,#351);
#163=LINE('',#4445,#352);
#164=LINE('',#4449,#353);
#165=LINE('',#4452,#354);
#166=LINE('',#4454,#355);
#167=LINE('',#4464,#356);
#168=LINE('',#4471,#357);
#169=LINE('',#4480,#358);
#170=LINE('',#4484,#359);
#171=LINE('',#4488,#360);
#172=LINE('',#4492,#361);
#173=LINE('',#4496,#362);
#174=LINE('',#4498,#363);
#175=LINE('',#4500,#364);
#176=LINE('',#4502,#365);
#177=LINE('',#4504,#366);
#178=LINE('',#4506,#367);
#179=LINE('',#4508,#368);
#180=LINE('',#4510,#369);
#181=LINE('',#4512,#370);
#182=LINE('',#4514,#371);
#183=LINE('',#4516,#372);
#184=LINE('',#4518,#373);
#185=LINE('',#4520,#374);
#186=LINE('',#4522,#375);
#187=LINE('',#4535,#376);
#188=LINE('',#4539,#377);
#189=LINE('',#4541,#378);
#190=LINE('',#4543,#379);
#191=LINE('',#4546,#380);
#192=LINE('',#4550,#381);
#193=LINE('',#4552,#382);
#194=LINE('',#4558,#383);
#195=LINE('',#4560,#384);
#196=LINE('',#4562,#385);
#197=LINE('',#4564,#386);
#198=LINE('',#4570,#387);
#199=LINE('',#4572,#388);
#200=LINE('',#4574,#389);
#201=LINE('',#4576,#390);
#202=LINE('',#4582,#391);
#203=LINE('',#4584,#392);
#204=LINE('',#4585,#393);
#205=LINE('',#4588,#394);
#206=LINE('',#4591,#395);
#207=LINE('',#4592,#396);
#208=LINE('',#4594,#397);
#209=LINE('',#4596,#398);
#210=LINE('',#4598,#399);
#211=LINE('',#4600,#400);
#212=LINE('',#4602,#401);
#213=LINE('',#4604,#402);
#214=LINE('',#4606,#403);
#215=LINE('',#4608,#404);
#216=LINE('',#4610,#405);
#217=LINE('',#4612,#406);
#218=LINE('',#4616,#407);
#219=LINE('',#4620,#408);
#220=LINE('',#4621,#409);
#221=LINE('',#4622,#410);
#222=LINE('',#4624,#411);
#223=LINE('',#4625,#412);
#224=LINE('',#4627,#413);
#225=LINE('',#4629,#414);
#226=LINE('',#4630,#415);
#227=LINE('',#4631,#416);
#228=LINE('',#4632,#417);
#229=LINE('',#4633,#418);
#230=LINE('',#4634,#419);
#231=LINE('',#4636,#420);
#232=LINE('',#4638,#421);
#233=LINE('',#4639,#422);
#234=LINE('',#4641,#423);
#235=LINE('',#4643,#424);
#236=LINE('',#4644,#425);
#237=LINE('',#4646,#426);
#238=LINE('',#4648,#427);
#239=LINE('',#4649,#428);
#240=LINE('',#4651,#429);
#241=LINE('',#4653,#430);
#242=LINE('',#4667,#431);
#243=LINE('',#4670,#432);
#244=LINE('',#4671,#433);
#245=LINE('',#4673,#434);
#246=LINE('',#4675,#435);
#247=LINE('',#4677,#436);
#248=LINE('',#4679,#437);
#249=LINE('',#4681,#438);
#250=LINE('',#4683,#439);
#251=LINE('',#4685,#440);
#252=LINE('',#4687,#441);
#253=LINE('',#4689,#442);
#254=LINE('',#4692,#443);
#255=LINE('',#4696,#444);
#256=LINE('',#4699,#445);
#257=LINE('',#4700,#446);
#258=LINE('',#4702,#447);
#259=LINE('',#4704,#448);
#260=LINE('',#4706,#449);
#261=LINE('',#4708,#450);
#262=LINE('',#4710,#451);
#263=LINE('',#4712,#452);
#264=LINE('',#4714,#453);
#265=LINE('',#4716,#454);
#266=LINE('',#4718,#455);
#267=LINE('',#4721,#456);
#268=LINE('',#4725,#457);
#269=LINE('',#4728,#458);
#270=LINE('',#4729,#459);
#271=LINE('',#4731,#460);
#272=LINE('',#4733,#461);
#273=LINE('',#4735,#462);
#274=LINE('',#4737,#463);
#275=LINE('',#4739,#464);
#276=LINE('',#4741,#465);
#277=LINE('',#4743,#466);
#278=LINE('',#4745,#467);
#279=LINE('',#4747,#468);
#280=LINE('',#4750,#469);
#281=LINE('',#4754,#470);
#282=LINE('',#4757,#471);
#283=LINE('',#4758,#472);
#284=LINE('',#4760,#473);
#285=LINE('',#4762,#474);
#286=LINE('',#4764,#475);
#287=LINE('',#4766,#476);
#288=LINE('',#4768,#477);
#289=LINE('',#4770,#478);
#290=LINE('',#4772,#479);
#291=LINE('',#4774,#480);
#292=LINE('',#4776,#481);
#293=LINE('',#4779,#482);
#294=LINE('',#4783,#483);
#295=LINE('',#4786,#484);
#296=LINE('',#4787,#485);
#297=LINE('',#4789,#486);
#298=LINE('',#4791,#487);
#299=LINE('',#4793,#488);
#300=LINE('',#4795,#489);
#301=LINE('',#4797,#490);
#302=LINE('',#4799,#491);
#303=LINE('',#4801,#492);
#304=LINE('',#4803,#493);
#305=LINE('',#4805,#494);
#306=LINE('',#4808,#495);
#307=LINE('',#4812,#496);
#308=VECTOR('',#2379,1.);
#309=VECTOR('',#2380,1.);
#310=VECTOR('',#2381,1.);
#311=VECTOR('',#2384,1.);
#312=VECTOR('',#2389,1.);
#313=VECTOR('',#2390,1.);
#314=VECTOR('',#2393,1.);
#315=VECTOR('',#2398,1.);
#316=VECTOR('',#2399,1.);
#317=VECTOR('',#2400,1.);
#318=VECTOR('',#2401,1.);
#319=VECTOR('',#2402,1.);
#320=VECTOR('',#2403,1.);
#321=VECTOR('',#2406,1.);
#322=VECTOR('',#2407,1.);
#323=VECTOR('',#2408,1.);
#324=VECTOR('',#2409,1.);
#325=VECTOR('',#2410,1.);
#326=VECTOR('',#2411,1.);
#327=VECTOR('',#2414,1.);
#328=VECTOR('',#2415,1.);
#329=VECTOR('',#2418,1.);
#330=VECTOR('',#2421,1.);
#331=VECTOR('',#2422,1.);
#332=VECTOR('',#2423,1.);
#333=VECTOR('',#2426,1.);
#334=VECTOR('',#2429,1.);
#335=VECTOR('',#2430,1.);
#336=VECTOR('',#2431,1.);
#337=VECTOR('',#2434,1.);
#338=VECTOR('',#2437,1.);
#339=VECTOR('',#2438,1.);
#340=VECTOR('',#2439,1.);
#341=VECTOR('',#2442,1.);
#342=VECTOR('',#2445,1.);
#343=VECTOR('',#2446,1.);
#344=VECTOR('',#2447,1.);
#345=VECTOR('',#2450,1.);
#346=VECTOR('',#2453,1.);
#347=VECTOR('',#2454,1.);
#348=VECTOR('',#2455,1.);
#349=VECTOR('',#2458,1.);
#350=VECTOR('',#2461,1.);
#351=VECTOR('',#2462,1.);
#352=VECTOR('',#2463,1.);
#353=VECTOR('',#2466,1.);
#354=VECTOR('',#2469,1.);
#355=VECTOR('',#2472,1.);
#356=VECTOR('',#2477,1.);
#357=VECTOR('',#2478,1.);
#358=VECTOR('',#2485,1.);
#359=VECTOR('',#2488,1.);
#360=VECTOR('',#2491,1.);
#361=VECTOR('',#2494,1.);
#362=VECTOR('',#2497,1.);
#363=VECTOR('',#2500,1.);
#364=VECTOR('',#2501,1.);
#365=VECTOR('',#2504,1.);
#366=VECTOR('',#2505,1.);
#367=VECTOR('',#2506,1.);
#368=VECTOR('',#2509,1.);
#369=VECTOR('',#2510,1.);
#370=VECTOR('',#2511,1.);
#371=VECTOR('',#2514,1.);
#372=VECTOR('',#2515,1.);
#373=VECTOR('',#2516,1.);
#374=VECTOR('',#2519,1.);
#375=VECTOR('',#2520,1.);
#376=VECTOR('',#2541,1.);
#377=VECTOR('',#2544,1.);
#378=VECTOR('',#2547,1.);
#379=VECTOR('',#2548,1.);
#380=VECTOR('',#2553,1.);
#381=VECTOR('',#2556,1.);
#382=VECTOR('',#2557,1.);
#383=VECTOR('',#2564,1.);
#384=VECTOR('',#2567,1.);
#385=VECTOR('',#2568,1.);
#386=VECTOR('',#2569,1.);
#387=VECTOR('',#2576,1.);
#388=VECTOR('',#2579,1.);
#389=VECTOR('',#2580,1.);
#390=VECTOR('',#2581,1.);
#391=VECTOR('',#2588,1.);
#392=VECTOR('',#2591,1.);
#393=VECTOR('',#2592,1.);
#394=VECTOR('',#2597,1.);
#395=VECTOR('',#2598,1.);
#396=VECTOR('',#2599,1.);
#397=VECTOR('',#2600,1.);
#398=VECTOR('',#2601,1.);
#399=VECTOR('',#2604,1.);
#400=VECTOR('',#2605,1.);
#401=VECTOR('',#2606,1.);
#402=VECTOR('',#2607,1.);
#403=VECTOR('',#2608,1.);
#404=VECTOR('',#2611,1.);
#405=VECTOR('',#2614,1.);
#406=VECTOR('',#2617,1.);
#407=VECTOR('',#2620,1.);
#408=VECTOR('',#2627,1.);
#409=VECTOR('',#2628,1.);
#410=VECTOR('',#2629,1.);
#411=VECTOR('',#2630,1.);
#412=VECTOR('',#2631,1.);
#413=VECTOR('',#2632,1.);
#414=VECTOR('',#2633,1.);
#415=VECTOR('',#2634,1.);
#416=VECTOR('',#2635,1.);
#417=VECTOR('',#2636,1.);
#418=VECTOR('',#2637,1.);
#419=VECTOR('',#2638,1.);
#420=VECTOR('',#2639,1.);
#421=VECTOR('',#2640,1.);
#422=VECTOR('',#2641,1.);
#423=VECTOR('',#2642,1.);
#424=VECTOR('',#2643,1.);
#425=VECTOR('',#2644,1.);
#426=VECTOR('',#2645,1.);
#427=VECTOR('',#2646,1.);
#428=VECTOR('',#2647,1.);
#429=VECTOR('',#2648,1.);
#430=VECTOR('',#2649,1.);
#431=VECTOR('',#2664,1.);
#432=VECTOR('',#2665,1.);
#433=VECTOR('',#2666,1.);
#434=VECTOR('',#2667,1.);
#435=VECTOR('',#2668,1.);
#436=VECTOR('',#2671,1.);
#437=VECTOR('',#2672,1.);
#438=VECTOR('',#2673,1.);
#439=VECTOR('',#2674,1.);
#440=VECTOR('',#2675,1.);
#441=VECTOR('',#2678,1.);
#442=VECTOR('',#2681,1.);
#443=VECTOR('',#2686,1.);
#444=VECTOR('',#2693,1.);
#445=VECTOR('',#2694,1.);
#446=VECTOR('',#2695,1.);
#447=VECTOR('',#2696,1.);
#448=VECTOR('',#2697,1.);
#449=VECTOR('',#2700,1.);
#450=VECTOR('',#2701,1.);
#451=VECTOR('',#2702,1.);
#452=VECTOR('',#2703,1.);
#453=VECTOR('',#2704,1.);
#454=VECTOR('',#2707,1.);
#455=VECTOR('',#2710,1.);
#456=VECTOR('',#2715,1.);
#457=VECTOR('',#2722,1.);
#458=VECTOR('',#2723,1.);
#459=VECTOR('',#2724,1.);
#460=VECTOR('',#2725,1.);
#461=VECTOR('',#2726,1.);
#462=VECTOR('',#2729,1.);
#463=VECTOR('',#2730,1.);
#464=VECTOR('',#2731,1.);
#465=VECTOR('',#2732,1.);
#466=VECTOR('',#2733,1.);
#467=VECTOR('',#2736,1.);
#468=VECTOR('',#2739,1.);
#469=VECTOR('',#2744,1.);
#470=VECTOR('',#2751,1.);
#471=VECTOR('',#2752,1.);
#472=VECTOR('',#2753,1.);
#473=VECTOR('',#2754,1.);
#474=VECTOR('',#2755,1.);
#475=VECTOR('',#2758,1.);
#476=VECTOR('',#2759,1.);
#477=VECTOR('',#2760,1.);
#478=VECTOR('',#2761,1.);
#479=VECTOR('',#2762,1.);
#480=VECTOR('',#2765,1.);
#481=VECTOR('',#2768,1.);
#482=VECTOR('',#2773,1.);
#483=VECTOR('',#2780,1.);
#484=VECTOR('',#2781,1.);
#485=VECTOR('',#2782,1.);
#486=VECTOR('',#2783,1.);
#487=VECTOR('',#2784,1.);
#488=VECTOR('',#2787,1.);
#489=VECTOR('',#2788,1.);
#490=VECTOR('',#2789,1.);
#491=VECTOR('',#2790,1.);
#492=VECTOR('',#2791,1.);
#493=VECTOR('',#2794,1.);
#494=VECTOR('',#2797,1.);
#495=VECTOR('',#2802,1.);
#496=VECTOR('',#2809,1.);
#497=PLANE('',#2208);
#498=PLANE('',#2211);
#499=PLANE('',#2214);
#500=PLANE('',#2215);
#501=PLANE('',#2216);
#502=PLANE('',#2233);
#503=PLANE('',#2236);
#504=PLANE('',#2241);
#505=PLANE('',#2242);
#506=PLANE('',#2243);
#507=PLANE('',#2244);
#508=PLANE('',#2245);
#509=PLANE('',#2257);
#510=PLANE('',#2259);
#511=PLANE('',#2264);
#512=PLANE('',#2268);
#513=PLANE('',#2272);
#514=PLANE('',#2273);
#515=PLANE('',#2274);
#516=PLANE('',#2275);
#517=PLANE('',#2276);
#518=PLANE('',#2277);
#519=PLANE('',#2278);
#520=PLANE('',#2281);
#521=PLANE('',#2282);
#522=PLANE('',#2289);
#523=PLANE('',#2290);
#524=PLANE('',#2291);
#525=PLANE('',#2292);
#526=PLANE('',#2293);
#527=PLANE('',#2296);
#528=PLANE('',#2297);
#529=PLANE('',#2298);
#530=PLANE('',#2299);
#531=PLANE('',#2300);
#532=PLANE('',#2301);
#533=PLANE('',#2304);
#534=PLANE('',#2305);
#535=PLANE('',#2306);
#536=PLANE('',#2307);
#537=PLANE('',#2308);
#538=PLANE('',#2309);
#539=PLANE('',#2312);
#540=PLANE('',#2313);
#541=PLANE('',#2314);
#542=PLANE('',#2315);
#543=PLANE('',#2316);
#544=PLANE('',#2317);
#545=PLANE('',#2320);
#546=PLANE('',#2321);
#547=PLANE('',#2322);
#548=PLANE('',#2323);
#549=PLANE('',#2324);
#550=PLANE('',#2325);
#551=PLANE('',#2328);
#552=PLANE('',#2329);
#553=PLANE('',#2330);
#554=PLANE('',#2331);
#555=PLANE('',#2332);
#556=PLANE('',#2348);
#557=PLANE('',#2351);
#558=PLANE('',#2354);
#559=PLANE('',#2357);
#560=PLANE('',#2360);
#561=ORIENTED_EDGE('',*,*,#1185,.F.);
#562=ORIENTED_EDGE('',*,*,#1186,.F.);
#563=ORIENTED_EDGE('',*,*,#1187,.T.);
#564=ORIENTED_EDGE('',*,*,#1188,.F.);
#565=ORIENTED_EDGE('',*,*,#1187,.F.);
#566=ORIENTED_EDGE('',*,*,#1189,.F.);
#567=ORIENTED_EDGE('',*,*,#1190,.T.);
#568=ORIENTED_EDGE('',*,*,#1191,.F.);
#569=ORIENTED_EDGE('',*,*,#1190,.F.);
#570=ORIENTED_EDGE('',*,*,#1192,.F.);
#571=ORIENTED_EDGE('',*,*,#1193,.T.);
#572=ORIENTED_EDGE('',*,*,#1194,.F.);
#573=ORIENTED_EDGE('',*,*,#1193,.F.);
#574=ORIENTED_EDGE('',*,*,#1195,.F.);
#575=ORIENTED_EDGE('',*,*,#1196,.T.);
#576=ORIENTED_EDGE('',*,*,#1197,.F.);
#577=ORIENTED_EDGE('',*,*,#1196,.F.);
#578=ORIENTED_EDGE('',*,*,#1198,.F.);
#579=ORIENTED_EDGE('',*,*,#1199,.T.);
#580=ORIENTED_EDGE('',*,*,#1200,.F.);
#581=ORIENTED_EDGE('',*,*,#1199,.F.);
#582=ORIENTED_EDGE('',*,*,#1201,.F.);
#583=ORIENTED_EDGE('',*,*,#1202,.T.);
#584=ORIENTED_EDGE('',*,*,#1203,.F.);
#585=ORIENTED_EDGE('',*,*,#1204,.F.);
#586=ORIENTED_EDGE('',*,*,#1185,.T.);
#587=ORIENTED_EDGE('',*,*,#1205,.F.);
#588=ORIENTED_EDGE('',*,*,#1202,.F.);
#589=ORIENTED_EDGE('',*,*,#1206,.F.);
#590=ORIENTED_EDGE('',*,*,#1191,.T.);
#591=ORIENTED_EDGE('',*,*,#1207,.F.);
#592=ORIENTED_EDGE('',*,*,#1208,.T.);
#593=ORIENTED_EDGE('',*,*,#1209,.F.);
#594=ORIENTED_EDGE('',*,*,#1200,.T.);
#595=ORIENTED_EDGE('',*,*,#1210,.F.);
#596=ORIENTED_EDGE('',*,*,#1211,.T.);
#597=ORIENTED_EDGE('',*,*,#1212,.F.);
#598=ORIENTED_EDGE('',*,*,#1205,.T.);
#599=ORIENTED_EDGE('',*,*,#1213,.F.);
#600=ORIENTED_EDGE('',*,*,#1214,.T.);
#601=ORIENTED_EDGE('',*,*,#1215,.F.);
#602=ORIENTED_EDGE('',*,*,#1216,.F.);
#603=ORIENTED_EDGE('',*,*,#1217,.T.);
#604=ORIENTED_EDGE('',*,*,#1218,.T.);
#605=ORIENTED_EDGE('',*,*,#1219,.F.);
#606=ORIENTED_EDGE('',*,*,#1220,.T.);
#607=ORIENTED_EDGE('',*,*,#1221,.T.);
#608=ORIENTED_EDGE('',*,*,#1222,.T.);
#609=ORIENTED_EDGE('',*,*,#1217,.F.);
#610=ORIENTED_EDGE('',*,*,#1223,.T.);
#611=ORIENTED_EDGE('',*,*,#1224,.T.);
#612=ORIENTED_EDGE('',*,*,#1225,.T.);
#613=ORIENTED_EDGE('',*,*,#1221,.F.);
#614=ORIENTED_EDGE('',*,*,#1226,.F.);
#615=ORIENTED_EDGE('',*,*,#1227,.T.);
#616=ORIENTED_EDGE('',*,*,#1228,.T.);
#617=ORIENTED_EDGE('',*,*,#1224,.F.);
#618=ORIENTED_EDGE('',*,*,#1229,.T.);
#619=ORIENTED_EDGE('',*,*,#1230,.T.);
#620=ORIENTED_EDGE('',*,*,#1231,.T.);
#621=ORIENTED_EDGE('',*,*,#1232,.F.);
#622=ORIENTED_EDGE('',*,*,#1233,.F.);
#623=ORIENTED_EDGE('',*,*,#1234,.F.);
#624=ORIENTED_EDGE('',*,*,#1235,.T.);
#625=ORIENTED_EDGE('',*,*,#1236,.T.);
#626=ORIENTED_EDGE('',*,*,#1237,.T.);
#627=ORIENTED_EDGE('',*,*,#1238,.F.);
#628=ORIENTED_EDGE('',*,*,#1239,.F.);
#629=ORIENTED_EDGE('',*,*,#1240,.T.);
#630=ORIENTED_EDGE('',*,*,#1241,.T.);
#631=ORIENTED_EDGE('',*,*,#1242,.T.);
#632=ORIENTED_EDGE('',*,*,#1243,.T.);
#633=ORIENTED_EDGE('',*,*,#1227,.F.);
#634=ORIENTED_EDGE('',*,*,#1244,.F.);
#635=ORIENTED_EDGE('',*,*,#1232,.T.);
#636=ORIENTED_EDGE('',*,*,#1245,.T.);
#637=ORIENTED_EDGE('',*,*,#1246,.F.);
#638=ORIENTED_EDGE('',*,*,#1247,.T.);
#639=ORIENTED_EDGE('',*,*,#1248,.F.);
#640=ORIENTED_EDGE('',*,*,#1249,.F.);
#641=ORIENTED_EDGE('',*,*,#1250,.T.);
#642=ORIENTED_EDGE('',*,*,#1251,.T.);
#643=ORIENTED_EDGE('',*,*,#1252,.F.);
#644=ORIENTED_EDGE('',*,*,#1253,.T.);
#645=ORIENTED_EDGE('',*,*,#1254,.F.);
#646=ORIENTED_EDGE('',*,*,#1255,.F.);
#647=ORIENTED_EDGE('',*,*,#1256,.T.);
#648=ORIENTED_EDGE('',*,*,#1257,.T.);
#649=ORIENTED_EDGE('',*,*,#1258,.F.);
#650=ORIENTED_EDGE('',*,*,#1259,.T.);
#651=ORIENTED_EDGE('',*,*,#1260,.F.);
#652=ORIENTED_EDGE('',*,*,#1261,.F.);
#653=ORIENTED_EDGE('',*,*,#1262,.T.);
#654=ORIENTED_EDGE('',*,*,#1263,.T.);
#655=ORIENTED_EDGE('',*,*,#1264,.F.);
#656=ORIENTED_EDGE('',*,*,#1265,.T.);
#657=ORIENTED_EDGE('',*,*,#1266,.F.);
#658=ORIENTED_EDGE('',*,*,#1267,.F.);
#659=ORIENTED_EDGE('',*,*,#1268,.T.);
#660=ORIENTED_EDGE('',*,*,#1269,.T.);
#661=ORIENTED_EDGE('',*,*,#1270,.F.);
#662=ORIENTED_EDGE('',*,*,#1271,.T.);
#663=ORIENTED_EDGE('',*,*,#1272,.F.);
#664=ORIENTED_EDGE('',*,*,#1273,.F.);
#665=ORIENTED_EDGE('',*,*,#1274,.T.);
#666=ORIENTED_EDGE('',*,*,#1275,.T.);
#667=ORIENTED_EDGE('',*,*,#1276,.F.);
#668=ORIENTED_EDGE('',*,*,#1277,.T.);
#669=ORIENTED_EDGE('',*,*,#1278,.F.);
#670=ORIENTED_EDGE('',*,*,#1279,.F.);
#671=ORIENTED_EDGE('',*,*,#1280,.T.);
#672=ORIENTED_EDGE('',*,*,#1281,.T.);
#673=ORIENTED_EDGE('',*,*,#1282,.F.);
#674=ORIENTED_EDGE('',*,*,#1283,.T.);
#675=ORIENTED_EDGE('',*,*,#1236,.F.);
#676=ORIENTED_EDGE('',*,*,#1284,.F.);
#677=ORIENTED_EDGE('',*,*,#1285,.T.);
#678=ORIENTED_EDGE('',*,*,#1286,.T.);
#679=ORIENTED_EDGE('',*,*,#1242,.F.);
#680=ORIENTED_EDGE('',*,*,#1287,.T.);
#681=ORIENTED_EDGE('',*,*,#1288,.T.);
#682=ORIENTED_EDGE('',*,*,#1289,.T.);
#683=ORIENTED_EDGE('',*,*,#1285,.F.);
#684=ORIENTED_EDGE('',*,*,#1290,.T.);
#685=ORIENTED_EDGE('',*,*,#1219,.T.);
#686=ORIENTED_EDGE('',*,*,#1291,.T.);
#687=ORIENTED_EDGE('',*,*,#1288,.F.);
#688=ORIENTED_EDGE('',*,*,#1292,.T.);
#689=ORIENTED_EDGE('',*,*,#1220,.F.);
#690=ORIENTED_EDGE('',*,*,#1292,.F.);
#691=ORIENTED_EDGE('',*,*,#1290,.F.);
#692=ORIENTED_EDGE('',*,*,#1287,.F.);
#693=ORIENTED_EDGE('',*,*,#1284,.T.);
#694=ORIENTED_EDGE('',*,*,#1241,.F.);
#695=ORIENTED_EDGE('',*,*,#1293,.F.);
#696=ORIENTED_EDGE('',*,*,#1294,.T.);
#697=ORIENTED_EDGE('',*,*,#1295,.T.);
#698=ORIENTED_EDGE('',*,*,#1296,.T.);
#699=ORIENTED_EDGE('',*,*,#1297,.T.);
#700=ORIENTED_EDGE('',*,*,#1298,.T.);
#701=ORIENTED_EDGE('',*,*,#1299,.F.);
#702=ORIENTED_EDGE('',*,*,#1300,.T.);
#703=ORIENTED_EDGE('',*,*,#1301,.F.);
#704=ORIENTED_EDGE('',*,*,#1233,.T.);
#705=ORIENTED_EDGE('',*,*,#1244,.T.);
#706=ORIENTED_EDGE('',*,*,#1229,.F.);
#707=ORIENTED_EDGE('',*,*,#1226,.T.);
#708=ORIENTED_EDGE('',*,*,#1223,.F.);
#709=ORIENTED_EDGE('',*,*,#1302,.T.);
#710=ORIENTED_EDGE('',*,*,#1293,.T.);
#711=ORIENTED_EDGE('',*,*,#1240,.F.);
#712=ORIENTED_EDGE('',*,*,#1303,.F.);
#713=ORIENTED_EDGE('',*,*,#1295,.F.);
#714=ORIENTED_EDGE('',*,*,#1304,.F.);
#715=ORIENTED_EDGE('',*,*,#1305,.T.);
#716=ORIENTED_EDGE('',*,*,#1306,.T.);
#717=ORIENTED_EDGE('',*,*,#1297,.F.);
#718=ORIENTED_EDGE('',*,*,#1307,.F.);
#719=ORIENTED_EDGE('',*,*,#1308,.T.);
#720=ORIENTED_EDGE('',*,*,#1309,.T.);
#721=ORIENTED_EDGE('',*,*,#1310,.T.);
#722=ORIENTED_EDGE('',*,*,#1299,.T.);
#723=ORIENTED_EDGE('',*,*,#1311,.F.);
#724=ORIENTED_EDGE('',*,*,#1312,.F.);
#725=ORIENTED_EDGE('',*,*,#1234,.T.);
#726=ORIENTED_EDGE('',*,*,#1301,.T.);
#727=ORIENTED_EDGE('',*,*,#1313,.F.);
#728=ORIENTED_EDGE('',*,*,#1314,.F.);
#729=ORIENTED_EDGE('',*,*,#1294,.F.);
#730=ORIENTED_EDGE('',*,*,#1302,.F.);
#731=ORIENTED_EDGE('',*,*,#1315,.T.);
#732=ORIENTED_EDGE('',*,*,#1304,.T.);
#733=ORIENTED_EDGE('',*,*,#1296,.F.);
#734=ORIENTED_EDGE('',*,*,#1306,.F.);
#735=ORIENTED_EDGE('',*,*,#1316,.T.);
#736=ORIENTED_EDGE('',*,*,#1307,.T.);
#737=ORIENTED_EDGE('',*,*,#1298,.F.);
#738=ORIENTED_EDGE('',*,*,#1309,.F.);
#739=ORIENTED_EDGE('',*,*,#1317,.T.);
#740=ORIENTED_EDGE('',*,*,#1311,.T.);
#741=ORIENTED_EDGE('',*,*,#1300,.F.);
#742=ORIENTED_EDGE('',*,*,#1310,.F.);
#743=ORIENTED_EDGE('',*,*,#1318,.T.);
#744=ORIENTED_EDGE('',*,*,#1313,.T.);
#745=ORIENTED_EDGE('',*,*,#1319,.T.);
#746=ORIENTED_EDGE('',*,*,#1320,.F.);
#747=ORIENTED_EDGE('',*,*,#1321,.F.);
#748=ORIENTED_EDGE('',*,*,#1322,.T.);
#749=ORIENTED_EDGE('',*,*,#1323,.F.);
#750=ORIENTED_EDGE('',*,*,#1322,.F.);
#751=ORIENTED_EDGE('',*,*,#1324,.T.);
#752=ORIENTED_EDGE('',*,*,#1238,.T.);
#753=ORIENTED_EDGE('',*,*,#1325,.T.);
#754=ORIENTED_EDGE('',*,*,#1326,.F.);
#755=ORIENTED_EDGE('',*,*,#1327,.T.);
#756=ORIENTED_EDGE('',*,*,#1230,.F.);
#757=ORIENTED_EDGE('',*,*,#1328,.T.);
#758=ORIENTED_EDGE('',*,*,#1329,.T.);
#759=ORIENTED_EDGE('',*,*,#1330,.T.);
#760=ORIENTED_EDGE('',*,*,#1329,.F.);
#761=ORIENTED_EDGE('',*,*,#1331,.F.);
#762=ORIENTED_EDGE('',*,*,#1332,.T.);
#763=ORIENTED_EDGE('',*,*,#1333,.F.);
#764=ORIENTED_EDGE('',*,*,#1332,.F.);
#765=ORIENTED_EDGE('',*,*,#1334,.T.);
#766=ORIENTED_EDGE('',*,*,#1335,.T.);
#767=ORIENTED_EDGE('',*,*,#1336,.T.);
#768=ORIENTED_EDGE('',*,*,#1335,.F.);
#769=ORIENTED_EDGE('',*,*,#1337,.F.);
#770=ORIENTED_EDGE('',*,*,#1338,.T.);
#771=ORIENTED_EDGE('',*,*,#1339,.T.);
#772=ORIENTED_EDGE('',*,*,#1338,.F.);
#773=ORIENTED_EDGE('',*,*,#1340,.F.);
#774=ORIENTED_EDGE('',*,*,#1341,.T.);
#775=ORIENTED_EDGE('',*,*,#1342,.T.);
#776=ORIENTED_EDGE('',*,*,#1341,.F.);
#777=ORIENTED_EDGE('',*,*,#1343,.F.);
#778=ORIENTED_EDGE('',*,*,#1344,.T.);
#779=ORIENTED_EDGE('',*,*,#1345,.T.);
#780=ORIENTED_EDGE('',*,*,#1344,.F.);
#781=ORIENTED_EDGE('',*,*,#1346,.F.);
#782=ORIENTED_EDGE('',*,*,#1320,.T.);
#783=ORIENTED_EDGE('',*,*,#1321,.T.);
#784=ORIENTED_EDGE('',*,*,#1346,.T.);
#785=ORIENTED_EDGE('',*,*,#1343,.T.);
#786=ORIENTED_EDGE('',*,*,#1340,.T.);
#787=ORIENTED_EDGE('',*,*,#1337,.T.);
#788=ORIENTED_EDGE('',*,*,#1334,.F.);
#789=ORIENTED_EDGE('',*,*,#1331,.T.);
#790=ORIENTED_EDGE('',*,*,#1328,.F.);
#791=ORIENTED_EDGE('',*,*,#1235,.F.);
#792=ORIENTED_EDGE('',*,*,#1314,.T.);
#793=ORIENTED_EDGE('',*,*,#1318,.F.);
#794=ORIENTED_EDGE('',*,*,#1312,.T.);
#795=ORIENTED_EDGE('',*,*,#1317,.F.);
#796=ORIENTED_EDGE('',*,*,#1308,.F.);
#797=ORIENTED_EDGE('',*,*,#1316,.F.);
#798=ORIENTED_EDGE('',*,*,#1305,.F.);
#799=ORIENTED_EDGE('',*,*,#1315,.F.);
#800=ORIENTED_EDGE('',*,*,#1303,.T.);
#801=ORIENTED_EDGE('',*,*,#1239,.T.);
#802=ORIENTED_EDGE('',*,*,#1324,.F.);
#803=ORIENTED_EDGE('',*,*,#1347,.T.);
#804=ORIENTED_EDGE('',*,*,#1348,.T.);
#805=ORIENTED_EDGE('',*,*,#1280,.F.);
#806=ORIENTED_EDGE('',*,*,#1349,.T.);
#807=ORIENTED_EDGE('',*,*,#1350,.F.);
#808=ORIENTED_EDGE('',*,*,#1351,.T.);
#809=ORIENTED_EDGE('',*,*,#1278,.T.);
#810=ORIENTED_EDGE('',*,*,#1352,.T.);
#811=ORIENTED_EDGE('',*,*,#1353,.F.);
#812=ORIENTED_EDGE('',*,*,#1354,.F.);
#813=ORIENTED_EDGE('',*,*,#1355,.T.);
#814=ORIENTED_EDGE('',*,*,#1356,.F.);
#815=ORIENTED_EDGE('',*,*,#1279,.T.);
#816=ORIENTED_EDGE('',*,*,#1356,.T.);
#817=ORIENTED_EDGE('',*,*,#1357,.F.);
#818=ORIENTED_EDGE('',*,*,#1349,.F.);
#819=ORIENTED_EDGE('',*,*,#1350,.T.);
#820=ORIENTED_EDGE('',*,*,#1357,.T.);
#821=ORIENTED_EDGE('',*,*,#1355,.F.);
#822=ORIENTED_EDGE('',*,*,#1358,.F.);
#823=ORIENTED_EDGE('',*,*,#1359,.F.);
#824=ORIENTED_EDGE('',*,*,#1360,.T.);
#825=ORIENTED_EDGE('',*,*,#1347,.F.);
#826=ORIENTED_EDGE('',*,*,#1361,.T.);
#827=ORIENTED_EDGE('',*,*,#1353,.T.);
#828=ORIENTED_EDGE('',*,*,#1362,.T.);
#829=ORIENTED_EDGE('',*,*,#1358,.T.);
#830=ORIENTED_EDGE('',*,*,#1354,.T.);
#831=ORIENTED_EDGE('',*,*,#1361,.F.);
#832=ORIENTED_EDGE('',*,*,#1351,.F.);
#833=ORIENTED_EDGE('',*,*,#1211,.F.);
#834=ORIENTED_EDGE('',*,*,#1363,.T.);
#835=ORIENTED_EDGE('',*,*,#1214,.F.);
#836=ORIENTED_EDGE('',*,*,#1364,.F.);
#837=ORIENTED_EDGE('',*,*,#1208,.F.);
#838=ORIENTED_EDGE('',*,*,#1365,.F.);
#839=ORIENTED_EDGE('',*,*,#1366,.T.);
#840=ORIENTED_EDGE('',*,*,#1252,.T.);
#841=ORIENTED_EDGE('',*,*,#1367,.T.);
#842=ORIENTED_EDGE('',*,*,#1368,.T.);
#843=ORIENTED_EDGE('',*,*,#1369,.T.);
#844=ORIENTED_EDGE('',*,*,#1246,.T.);
#845=ORIENTED_EDGE('',*,*,#1370,.T.);
#846=ORIENTED_EDGE('',*,*,#1326,.T.);
#847=ORIENTED_EDGE('',*,*,#1330,.F.);
#848=ORIENTED_EDGE('',*,*,#1333,.T.);
#849=ORIENTED_EDGE('',*,*,#1336,.F.);
#850=ORIENTED_EDGE('',*,*,#1339,.F.);
#851=ORIENTED_EDGE('',*,*,#1342,.F.);
#852=ORIENTED_EDGE('',*,*,#1345,.F.);
#853=ORIENTED_EDGE('',*,*,#1319,.F.);
#854=ORIENTED_EDGE('',*,*,#1323,.T.);
#855=ORIENTED_EDGE('',*,*,#1371,.T.);
#856=ORIENTED_EDGE('',*,*,#1282,.T.);
#857=ORIENTED_EDGE('',*,*,#1372,.T.);
#858=ORIENTED_EDGE('',*,*,#1359,.T.);
#859=ORIENTED_EDGE('',*,*,#1373,.T.);
#860=ORIENTED_EDGE('',*,*,#1276,.T.);
#861=ORIENTED_EDGE('',*,*,#1374,.T.);
#862=ORIENTED_EDGE('',*,*,#1375,.T.);
#863=ORIENTED_EDGE('',*,*,#1376,.T.);
#864=ORIENTED_EDGE('',*,*,#1270,.T.);
#865=ORIENTED_EDGE('',*,*,#1377,.T.);
#866=ORIENTED_EDGE('',*,*,#1378,.T.);
#867=ORIENTED_EDGE('',*,*,#1379,.T.);
#868=ORIENTED_EDGE('',*,*,#1264,.T.);
#869=ORIENTED_EDGE('',*,*,#1380,.T.);
#870=ORIENTED_EDGE('',*,*,#1381,.T.);
#871=ORIENTED_EDGE('',*,*,#1382,.T.);
#872=ORIENTED_EDGE('',*,*,#1258,.T.);
#873=ORIENTED_EDGE('',*,*,#1383,.T.);
#874=ORIENTED_EDGE('',*,*,#1384,.T.);
#875=ORIENTED_EDGE('',*,*,#1385,.T.);
#876=ORIENTED_EDGE('',*,*,#1386,.T.);
#877=ORIENTED_EDGE('',*,*,#1387,.T.);
#878=ORIENTED_EDGE('',*,*,#1388,.T.);
#879=ORIENTED_EDGE('',*,*,#1389,.T.);
#880=ORIENTED_EDGE('',*,*,#1390,.T.);
#881=ORIENTED_EDGE('',*,*,#1391,.T.);
#882=ORIENTED_EDGE('',*,*,#1392,.T.);
#883=ORIENTED_EDGE('',*,*,#1393,.T.);
#884=ORIENTED_EDGE('',*,*,#1274,.F.);
#885=ORIENTED_EDGE('',*,*,#1394,.T.);
#886=ORIENTED_EDGE('',*,*,#1395,.F.);
#887=ORIENTED_EDGE('',*,*,#1396,.T.);
#888=ORIENTED_EDGE('',*,*,#1272,.T.);
#889=ORIENTED_EDGE('',*,*,#1397,.T.);
#890=ORIENTED_EDGE('',*,*,#1398,.F.);
#891=ORIENTED_EDGE('',*,*,#1399,.F.);
#892=ORIENTED_EDGE('',*,*,#1400,.T.);
#893=ORIENTED_EDGE('',*,*,#1401,.F.);
#894=ORIENTED_EDGE('',*,*,#1394,.F.);
#895=ORIENTED_EDGE('',*,*,#1273,.T.);
#896=ORIENTED_EDGE('',*,*,#1401,.T.);
#897=ORIENTED_EDGE('',*,*,#1402,.F.);
#898=ORIENTED_EDGE('',*,*,#1395,.T.);
#899=ORIENTED_EDGE('',*,*,#1402,.T.);
#900=ORIENTED_EDGE('',*,*,#1400,.F.);
#901=ORIENTED_EDGE('',*,*,#1403,.F.);
#902=ORIENTED_EDGE('',*,*,#1375,.F.);
#903=ORIENTED_EDGE('',*,*,#1404,.T.);
#904=ORIENTED_EDGE('',*,*,#1392,.F.);
#905=ORIENTED_EDGE('',*,*,#1405,.T.);
#906=ORIENTED_EDGE('',*,*,#1398,.T.);
#907=ORIENTED_EDGE('',*,*,#1406,.T.);
#908=ORIENTED_EDGE('',*,*,#1403,.T.);
#909=ORIENTED_EDGE('',*,*,#1399,.T.);
#910=ORIENTED_EDGE('',*,*,#1405,.F.);
#911=ORIENTED_EDGE('',*,*,#1396,.F.);
#912=ORIENTED_EDGE('',*,*,#1407,.T.);
#913=ORIENTED_EDGE('',*,*,#1408,.T.);
#914=ORIENTED_EDGE('',*,*,#1268,.F.);
#915=ORIENTED_EDGE('',*,*,#1409,.T.);
#916=ORIENTED_EDGE('',*,*,#1410,.F.);
#917=ORIENTED_EDGE('',*,*,#1411,.T.);
#918=ORIENTED_EDGE('',*,*,#1266,.T.);
#919=ORIENTED_EDGE('',*,*,#1412,.T.);
#920=ORIENTED_EDGE('',*,*,#1413,.F.);
#921=ORIENTED_EDGE('',*,*,#1414,.F.);
#922=ORIENTED_EDGE('',*,*,#1415,.T.);
#923=ORIENTED_EDGE('',*,*,#1416,.F.);
#924=ORIENTED_EDGE('',*,*,#1267,.T.);
#925=ORIENTED_EDGE('',*,*,#1416,.T.);
#926=ORIENTED_EDGE('',*,*,#1417,.F.);
#927=ORIENTED_EDGE('',*,*,#1409,.F.);
#928=ORIENTED_EDGE('',*,*,#1410,.T.);
#929=ORIENTED_EDGE('',*,*,#1417,.T.);
#930=ORIENTED_EDGE('',*,*,#1415,.F.);
#931=ORIENTED_EDGE('',*,*,#1418,.F.);
#932=ORIENTED_EDGE('',*,*,#1378,.F.);
#933=ORIENTED_EDGE('',*,*,#1419,.T.);
#934=ORIENTED_EDGE('',*,*,#1407,.F.);
#935=ORIENTED_EDGE('',*,*,#1420,.T.);
#936=ORIENTED_EDGE('',*,*,#1413,.T.);
#937=ORIENTED_EDGE('',*,*,#1421,.T.);
#938=ORIENTED_EDGE('',*,*,#1411,.F.);
#939=ORIENTED_EDGE('',*,*,#1418,.T.);
#940=ORIENTED_EDGE('',*,*,#1414,.T.);
#941=ORIENTED_EDGE('',*,*,#1420,.F.);
#942=ORIENTED_EDGE('',*,*,#1422,.T.);
#943=ORIENTED_EDGE('',*,*,#1423,.T.);
#944=ORIENTED_EDGE('',*,*,#1262,.F.);
#945=ORIENTED_EDGE('',*,*,#1424,.T.);
#946=ORIENTED_EDGE('',*,*,#1425,.F.);
#947=ORIENTED_EDGE('',*,*,#1426,.T.);
#948=ORIENTED_EDGE('',*,*,#1260,.T.);
#949=ORIENTED_EDGE('',*,*,#1427,.T.);
#950=ORIENTED_EDGE('',*,*,#1428,.F.);
#951=ORIENTED_EDGE('',*,*,#1429,.F.);
#952=ORIENTED_EDGE('',*,*,#1430,.T.);
#953=ORIENTED_EDGE('',*,*,#1431,.F.);
#954=ORIENTED_EDGE('',*,*,#1261,.T.);
#955=ORIENTED_EDGE('',*,*,#1431,.T.);
#956=ORIENTED_EDGE('',*,*,#1432,.F.);
#957=ORIENTED_EDGE('',*,*,#1424,.F.);
#958=ORIENTED_EDGE('',*,*,#1425,.T.);
#959=ORIENTED_EDGE('',*,*,#1432,.T.);
#960=ORIENTED_EDGE('',*,*,#1430,.F.);
#961=ORIENTED_EDGE('',*,*,#1433,.F.);
#962=ORIENTED_EDGE('',*,*,#1381,.F.);
#963=ORIENTED_EDGE('',*,*,#1434,.T.);
#964=ORIENTED_EDGE('',*,*,#1422,.F.);
#965=ORIENTED_EDGE('',*,*,#1435,.T.);
#966=ORIENTED_EDGE('',*,*,#1428,.T.);
#967=ORIENTED_EDGE('',*,*,#1436,.T.);
#968=ORIENTED_EDGE('',*,*,#1433,.T.);
#969=ORIENTED_EDGE('',*,*,#1429,.T.);
#970=ORIENTED_EDGE('',*,*,#1435,.F.);
#971=ORIENTED_EDGE('',*,*,#1426,.F.);
#972=ORIENTED_EDGE('',*,*,#1437,.T.);
#973=ORIENTED_EDGE('',*,*,#1438,.T.);
#974=ORIENTED_EDGE('',*,*,#1256,.F.);
#975=ORIENTED_EDGE('',*,*,#1439,.T.);
#976=ORIENTED_EDGE('',*,*,#1440,.F.);
#977=ORIENTED_EDGE('',*,*,#1441,.T.);
#978=ORIENTED_EDGE('',*,*,#1254,.T.);
#979=ORIENTED_EDGE('',*,*,#1442,.T.);
#980=ORIENTED_EDGE('',*,*,#1443,.F.);
#981=ORIENTED_EDGE('',*,*,#1444,.F.);
#982=ORIENTED_EDGE('',*,*,#1445,.T.);
#983=ORIENTED_EDGE('',*,*,#1446,.F.);
#984=ORIENTED_EDGE('',*,*,#1439,.F.);
#985=ORIENTED_EDGE('',*,*,#1255,.T.);
#986=ORIENTED_EDGE('',*,*,#1446,.T.);
#987=ORIENTED_EDGE('',*,*,#1447,.F.);
#988=ORIENTED_EDGE('',*,*,#1440,.T.);
#989=ORIENTED_EDGE('',*,*,#1447,.T.);
#990=ORIENTED_EDGE('',*,*,#1445,.F.);
#991=ORIENTED_EDGE('',*,*,#1448,.F.);
#992=ORIENTED_EDGE('',*,*,#1384,.F.);
#993=ORIENTED_EDGE('',*,*,#1449,.T.);
#994=ORIENTED_EDGE('',*,*,#1437,.F.);
#995=ORIENTED_EDGE('',*,*,#1450,.T.);
#996=ORIENTED_EDGE('',*,*,#1443,.T.);
#997=ORIENTED_EDGE('',*,*,#1451,.T.);
#998=ORIENTED_EDGE('',*,*,#1448,.T.);
#999=ORIENTED_EDGE('',*,*,#1444,.T.);
#1000=ORIENTED_EDGE('',*,*,#1450,.F.);
#1001=ORIENTED_EDGE('',*,*,#1441,.F.);
#1002=ORIENTED_EDGE('',*,*,#1452,.T.);
#1003=ORIENTED_EDGE('',*,*,#1453,.T.);
#1004=ORIENTED_EDGE('',*,*,#1250,.F.);
#1005=ORIENTED_EDGE('',*,*,#1454,.T.);
#1006=ORIENTED_EDGE('',*,*,#1455,.F.);
#1007=ORIENTED_EDGE('',*,*,#1456,.T.);
#1008=ORIENTED_EDGE('',*,*,#1248,.T.);
#1009=ORIENTED_EDGE('',*,*,#1457,.T.);
#1010=ORIENTED_EDGE('',*,*,#1458,.F.);
#1011=ORIENTED_EDGE('',*,*,#1459,.F.);
#1012=ORIENTED_EDGE('',*,*,#1460,.T.);
#1013=ORIENTED_EDGE('',*,*,#1461,.F.);
#1014=ORIENTED_EDGE('',*,*,#1249,.T.);
#1015=ORIENTED_EDGE('',*,*,#1461,.T.);
#1016=ORIENTED_EDGE('',*,*,#1462,.F.);
#1017=ORIENTED_EDGE('',*,*,#1454,.F.);
#1018=ORIENTED_EDGE('',*,*,#1455,.T.);
#1019=ORIENTED_EDGE('',*,*,#1462,.T.);
#1020=ORIENTED_EDGE('',*,*,#1460,.F.);
#1021=ORIENTED_EDGE('',*,*,#1463,.F.);
#1022=ORIENTED_EDGE('',*,*,#1368,.F.);
#1023=ORIENTED_EDGE('',*,*,#1464,.T.);
#1024=ORIENTED_EDGE('',*,*,#1452,.F.);
#1025=ORIENTED_EDGE('',*,*,#1465,.T.);
#1026=ORIENTED_EDGE('',*,*,#1458,.T.);
#1027=ORIENTED_EDGE('',*,*,#1466,.T.);
#1028=ORIENTED_EDGE('',*,*,#1456,.F.);
#1029=ORIENTED_EDGE('',*,*,#1463,.T.);
#1030=ORIENTED_EDGE('',*,*,#1459,.T.);
#1031=ORIENTED_EDGE('',*,*,#1465,.F.);
#1032=ORIENTED_EDGE('',*,*,#1467,.F.);
#1033=ORIENTED_EDGE('',*,*,#1197,.T.);
#1034=ORIENTED_EDGE('',*,*,#1209,.T.);
#1035=ORIENTED_EDGE('',*,*,#1366,.F.);
#1036=ORIENTED_EDGE('',*,*,#1207,.T.);
#1037=ORIENTED_EDGE('',*,*,#1194,.T.);
#1038=ORIENTED_EDGE('',*,*,#1467,.T.);
#1039=ORIENTED_EDGE('',*,*,#1365,.T.);
#1040=ORIENTED_EDGE('',*,*,#1213,.T.);
#1041=ORIENTED_EDGE('',*,*,#1188,.T.);
#1042=ORIENTED_EDGE('',*,*,#1206,.T.);
#1043=ORIENTED_EDGE('',*,*,#1364,.T.);
#1044=ORIENTED_EDGE('',*,*,#1210,.T.);
#1045=ORIENTED_EDGE('',*,*,#1203,.T.);
#1046=ORIENTED_EDGE('',*,*,#1212,.T.);
#1047=ORIENTED_EDGE('',*,*,#1363,.F.);
#1048=ORIENTED_EDGE('',*,*,#1468,.T.);
#1049=ORIENTED_EDGE('',*,*,#1387,.F.);
#1050=ORIENTED_EDGE('',*,*,#1215,.T.);
#1051=ORIENTED_EDGE('',*,*,#1386,.F.);
#1052=ORIENTED_EDGE('',*,*,#1469,.F.);
#1053=ORIENTED_EDGE('',*,*,#1470,.T.);
#1054=ORIENTED_EDGE('',*,*,#1471,.F.);
#1055=ORIENTED_EDGE('',*,*,#1472,.T.);
#1056=ORIENTED_EDGE('',*,*,#1473,.F.);
#1057=ORIENTED_EDGE('',*,*,#1474,.T.);
#1058=ORIENTED_EDGE('',*,*,#1475,.F.);
#1059=ORIENTED_EDGE('',*,*,#1476,.T.);
#1060=ORIENTED_EDGE('',*,*,#1186,.T.);
#1061=ORIENTED_EDGE('',*,*,#1204,.T.);
#1062=ORIENTED_EDGE('',*,*,#1201,.T.);
#1063=ORIENTED_EDGE('',*,*,#1198,.T.);
#1064=ORIENTED_EDGE('',*,*,#1195,.T.);
#1065=ORIENTED_EDGE('',*,*,#1192,.T.);
#1066=ORIENTED_EDGE('',*,*,#1189,.T.);
#1067=ORIENTED_EDGE('',*,*,#1216,.T.);
#1068=ORIENTED_EDGE('',*,*,#1477,.T.);
#1069=ORIENTED_EDGE('',*,*,#1478,.T.);
#1070=ORIENTED_EDGE('',*,*,#1479,.T.);
#1071=ORIENTED_EDGE('',*,*,#1480,.T.);
#1072=ORIENTED_EDGE('',*,*,#1481,.T.);
#1073=ORIENTED_EDGE('',*,*,#1482,.T.);
#1074=ORIENTED_EDGE('',*,*,#1483,.T.);
#1075=ORIENTED_EDGE('',*,*,#1484,.T.);
#1076=ORIENTED_EDGE('',*,*,#1476,.F.);
#1077=ORIENTED_EDGE('',*,*,#1474,.F.);
#1078=ORIENTED_EDGE('',*,*,#1472,.F.);
#1079=ORIENTED_EDGE('',*,*,#1470,.F.);
#1080=ORIENTED_EDGE('',*,*,#1468,.F.);
#1081=ORIENTED_EDGE('',*,*,#1485,.F.);
#1082=ORIENTED_EDGE('',*,*,#1228,.F.);
#1083=ORIENTED_EDGE('',*,*,#1486,.F.);
#1084=ORIENTED_EDGE('',*,*,#1482,.F.);
#1085=ORIENTED_EDGE('',*,*,#1486,.T.);
#1086=ORIENTED_EDGE('',*,*,#1243,.F.);
#1087=ORIENTED_EDGE('',*,*,#1487,.F.);
#1088=ORIENTED_EDGE('',*,*,#1483,.F.);
#1089=ORIENTED_EDGE('',*,*,#1485,.T.);
#1090=ORIENTED_EDGE('',*,*,#1481,.F.);
#1091=ORIENTED_EDGE('',*,*,#1488,.F.);
#1092=ORIENTED_EDGE('',*,*,#1225,.F.);
#1093=ORIENTED_EDGE('',*,*,#1487,.T.);
#1094=ORIENTED_EDGE('',*,*,#1286,.F.);
#1095=ORIENTED_EDGE('',*,*,#1489,.F.);
#1096=ORIENTED_EDGE('',*,*,#1484,.F.);
#1097=ORIENTED_EDGE('',*,*,#1488,.T.);
#1098=ORIENTED_EDGE('',*,*,#1480,.F.);
#1099=ORIENTED_EDGE('',*,*,#1490,.F.);
#1100=ORIENTED_EDGE('',*,*,#1222,.F.);
#1101=ORIENTED_EDGE('',*,*,#1489,.T.);
#1102=ORIENTED_EDGE('',*,*,#1289,.F.);
#1103=ORIENTED_EDGE('',*,*,#1491,.F.);
#1104=ORIENTED_EDGE('',*,*,#1477,.F.);
#1105=ORIENTED_EDGE('',*,*,#1490,.T.);
#1106=ORIENTED_EDGE('',*,*,#1479,.F.);
#1107=ORIENTED_EDGE('',*,*,#1492,.F.);
#1108=ORIENTED_EDGE('',*,*,#1218,.F.);
#1109=ORIENTED_EDGE('',*,*,#1491,.T.);
#1110=ORIENTED_EDGE('',*,*,#1291,.F.);
#1111=ORIENTED_EDGE('',*,*,#1492,.T.);
#1112=ORIENTED_EDGE('',*,*,#1478,.F.);
#1113=ORIENTED_EDGE('',*,*,#1493,.T.);
#1114=ORIENTED_EDGE('',*,*,#1388,.F.);
#1115=ORIENTED_EDGE('',*,*,#1493,.F.);
#1116=ORIENTED_EDGE('',*,*,#1475,.T.);
#1117=ORIENTED_EDGE('',*,*,#1494,.T.);
#1118=ORIENTED_EDGE('',*,*,#1389,.F.);
#1119=ORIENTED_EDGE('',*,*,#1494,.F.);
#1120=ORIENTED_EDGE('',*,*,#1473,.T.);
#1121=ORIENTED_EDGE('',*,*,#1495,.T.);
#1122=ORIENTED_EDGE('',*,*,#1390,.F.);
#1123=ORIENTED_EDGE('',*,*,#1495,.F.);
#1124=ORIENTED_EDGE('',*,*,#1471,.T.);
#1125=ORIENTED_EDGE('',*,*,#1496,.T.);
#1126=ORIENTED_EDGE('',*,*,#1391,.F.);
#1127=ORIENTED_EDGE('',*,*,#1496,.F.);
#1128=ORIENTED_EDGE('',*,*,#1469,.T.);
#1129=ORIENTED_EDGE('',*,*,#1251,.F.);
#1130=ORIENTED_EDGE('',*,*,#1453,.F.);
#1131=ORIENTED_EDGE('',*,*,#1464,.F.);
#1132=ORIENTED_EDGE('',*,*,#1367,.F.);
#1133=ORIENTED_EDGE('',*,*,#1257,.F.);
#1134=ORIENTED_EDGE('',*,*,#1438,.F.);
#1135=ORIENTED_EDGE('',*,*,#1449,.F.);
#1136=ORIENTED_EDGE('',*,*,#1383,.F.);
#1137=ORIENTED_EDGE('',*,*,#1263,.F.);
#1138=ORIENTED_EDGE('',*,*,#1423,.F.);
#1139=ORIENTED_EDGE('',*,*,#1434,.F.);
#1140=ORIENTED_EDGE('',*,*,#1380,.F.);
#1141=ORIENTED_EDGE('',*,*,#1269,.F.);
#1142=ORIENTED_EDGE('',*,*,#1408,.F.);
#1143=ORIENTED_EDGE('',*,*,#1419,.F.);
#1144=ORIENTED_EDGE('',*,*,#1377,.F.);
#1145=ORIENTED_EDGE('',*,*,#1275,.F.);
#1146=ORIENTED_EDGE('',*,*,#1393,.F.);
#1147=ORIENTED_EDGE('',*,*,#1404,.F.);
#1148=ORIENTED_EDGE('',*,*,#1374,.F.);
#1149=ORIENTED_EDGE('',*,*,#1281,.F.);
#1150=ORIENTED_EDGE('',*,*,#1348,.F.);
#1151=ORIENTED_EDGE('',*,*,#1360,.F.);
#1152=ORIENTED_EDGE('',*,*,#1372,.F.);
#1153=ORIENTED_EDGE('',*,*,#1325,.F.);
#1154=ORIENTED_EDGE('',*,*,#1237,.F.);
#1155=ORIENTED_EDGE('',*,*,#1283,.F.);
#1156=ORIENTED_EDGE('',*,*,#1371,.F.);
#1157=ORIENTED_EDGE('',*,*,#1277,.F.);
#1158=ORIENTED_EDGE('',*,*,#1373,.F.);
#1159=ORIENTED_EDGE('',*,*,#1362,.F.);
#1160=ORIENTED_EDGE('',*,*,#1352,.F.);
#1161=ORIENTED_EDGE('',*,*,#1271,.F.);
#1162=ORIENTED_EDGE('',*,*,#1376,.F.);
#1163=ORIENTED_EDGE('',*,*,#1406,.F.);
#1164=ORIENTED_EDGE('',*,*,#1397,.F.);
#1165=ORIENTED_EDGE('',*,*,#1265,.F.);
#1166=ORIENTED_EDGE('',*,*,#1379,.F.);
#1167=ORIENTED_EDGE('',*,*,#1421,.F.);
#1168=ORIENTED_EDGE('',*,*,#1412,.F.);
#1169=ORIENTED_EDGE('',*,*,#1259,.F.);
#1170=ORIENTED_EDGE('',*,*,#1382,.F.);
#1171=ORIENTED_EDGE('',*,*,#1436,.F.);
#1172=ORIENTED_EDGE('',*,*,#1427,.F.);
#1173=ORIENTED_EDGE('',*,*,#1253,.F.);
#1174=ORIENTED_EDGE('',*,*,#1385,.F.);
#1175=ORIENTED_EDGE('',*,*,#1451,.F.);
#1176=ORIENTED_EDGE('',*,*,#1442,.F.);
#1177=ORIENTED_EDGE('',*,*,#1247,.F.);
#1178=ORIENTED_EDGE('',*,*,#1369,.F.);
#1179=ORIENTED_EDGE('',*,*,#1466,.F.);
#1180=ORIENTED_EDGE('',*,*,#1457,.F.);
#1181=ORIENTED_EDGE('',*,*,#1327,.F.);
#1182=ORIENTED_EDGE('',*,*,#1370,.F.);
#1183=ORIENTED_EDGE('',*,*,#1245,.F.);
#1184=ORIENTED_EDGE('',*,*,#1231,.F.);
#1185=EDGE_CURVE('',#1497,#1498,#1707,.F.);
#1186=EDGE_CURVE('',#1499,#1497,#1708,.T.);
#1187=EDGE_CURVE('',#1499,#1500,#1709,.T.);
#1188=EDGE_CURVE('',#1498,#1500,#1710,.T.);
#1189=EDGE_CURVE('',#1501,#1499,#1711,.T.);
#1190=EDGE_CURVE('',#1501,#1502,#1712,.F.);
#1191=EDGE_CURVE('',#1500,#1502,#1713,.T.);
#1192=EDGE_CURVE('',#1503,#1501,#1714,.T.);
#1193=EDGE_CURVE('',#1503,#1504,#1715,.T.);
#1194=EDGE_CURVE('',#1502,#1504,#1716,.T.);
#1195=EDGE_CURVE('',#1505,#1503,#1717,.T.);
#1196=EDGE_CURVE('',#1505,#1506,#1718,.T.);
#1197=EDGE_CURVE('',#1504,#1506,#1719,.T.);
#1198=EDGE_CURVE('',#1507,#1505,#1720,.T.);
#1199=EDGE_CURVE('',#1507,#1508,#1721,.F.);
#1200=EDGE_CURVE('',#1506,#1508,#1722,.T.);
#1201=EDGE_CURVE('',#1509,#1507,#1723,.T.);
#1202=EDGE_CURVE('',#1509,#1510,#1724,.T.);
#1203=EDGE_CURVE('',#1508,#1510,#1725,.T.);
#1204=EDGE_CURVE('',#1497,#1509,#1726,.T.);
#1205=EDGE_CURVE('',#1510,#1498,#1727,.T.);
#1206=EDGE_CURVE('',#1500,#1511,#1728,.T.);
#1207=EDGE_CURVE('',#1512,#1502,#1729,.T.);
#1208=EDGE_CURVE('',#1512,#1511,#1730,.F.);
#1209=EDGE_CURVE('',#1506,#1513,#1731,.T.);
#1210=EDGE_CURVE('',#1514,#1508,#1732,.T.);
#1211=EDGE_CURVE('',#1514,#1513,#1733,.F.);
#1212=EDGE_CURVE('',#1510,#1515,#1734,.T.);
#1213=EDGE_CURVE('',#1516,#1498,#1735,.T.);
#1214=EDGE_CURVE('',#1516,#1515,#1736,.F.);
#1215=EDGE_CURVE('',#1517,#1517,#1737,.T.);
#1216=EDGE_CURVE('',#1518,#1518,#1738,.T.);
#1217=EDGE_CURVE('',#1519,#1520,#119,.T.);
#1218=EDGE_CURVE('',#1520,#1521,#1739,.T.);
#1219=EDGE_CURVE('',#1522,#1521,#120,.T.);
#1220=EDGE_CURVE('',#1522,#1519,#121,.T.);
#1221=EDGE_CURVE('',#1523,#1524,#122,.T.);
#1222=EDGE_CURVE('',#1524,#1520,#1740,.T.);
#1223=EDGE_CURVE('',#1519,#1523,#16,.T.);
#1224=EDGE_CURVE('',#1525,#1526,#123,.T.);
#1225=EDGE_CURVE('',#1526,#1524,#1741,.T.);
#1226=EDGE_CURVE('',#1525,#1523,#124,.T.);
#1227=EDGE_CURVE('',#1527,#1528,#125,.T.);
#1228=EDGE_CURVE('',#1528,#1526,#1742,.T.);
#1229=EDGE_CURVE('',#1525,#1527,#17,.T.);
#1230=EDGE_CURVE('',#1529,#1530,#126,.T.);
#1231=EDGE_CURVE('',#1530,#1531,#127,.T.);
#1232=EDGE_CURVE('',#1532,#1531,#128,.T.);
#1233=EDGE_CURVE('',#1533,#1532,#129,.T.);
#1234=EDGE_CURVE('',#1534,#1533,#130,.T.);
#1235=EDGE_CURVE('',#1534,#1529,#131,.T.);
#1236=EDGE_CURVE('',#1535,#1536,#132,.T.);
#1237=EDGE_CURVE('',#1536,#1537,#133,.F.);
#1238=EDGE_CURVE('',#1538,#1537,#134,.T.);
#1239=EDGE_CURVE('',#1539,#1538,#135,.T.);
#1240=EDGE_CURVE('',#1539,#1540,#136,.T.);
#1241=EDGE_CURVE('',#1540,#1535,#137,.T.);
#1242=EDGE_CURVE('',#1541,#1542,#138,.T.);
#1243=EDGE_CURVE('',#1542,#1528,#1743,.T.);
#1244=EDGE_CURVE('',#1532,#1527,#139,.T.);
#1245=EDGE_CURVE('',#1531,#1543,#18,.T.);
#1246=EDGE_CURVE('',#1544,#1543,#140,.T.);
#1247=EDGE_CURVE('',#1544,#1545,#19,.T.);
#1248=EDGE_CURVE('',#1546,#1545,#141,.T.);
#1249=EDGE_CURVE('',#1547,#1546,#142,.T.);
#1250=EDGE_CURVE('',#1547,#1548,#143,.T.);
#1251=EDGE_CURVE('',#1548,#1549,#20,.T.);
#1252=EDGE_CURVE('',#1550,#1549,#144,.T.);
#1253=EDGE_CURVE('',#1550,#1551,#21,.T.);
#1254=EDGE_CURVE('',#1552,#1551,#145,.T.);
#1255=EDGE_CURVE('',#1553,#1552,#146,.T.);
#1256=EDGE_CURVE('',#1553,#1554,#147,.T.);
#1257=EDGE_CURVE('',#1554,#1555,#22,.T.);
#1258=EDGE_CURVE('',#1556,#1555,#148,.T.);
#1259=EDGE_CURVE('',#1556,#1557,#23,.T.);
#1260=EDGE_CURVE('',#1558,#1557,#149,.T.);
#1261=EDGE_CURVE('',#1559,#1558,#150,.T.);
#1262=EDGE_CURVE('',#1559,#1560,#151,.T.);
#1263=EDGE_CURVE('',#1560,#1561,#24,.T.);
#1264=EDGE_CURVE('',#1562,#1561,#152,.T.);
#1265=EDGE_CURVE('',#1562,#1563,#25,.T.);
#1266=EDGE_CURVE('',#1564,#1563,#153,.T.);
#1267=EDGE_CURVE('',#1565,#1564,#154,.T.);
#1268=EDGE_CURVE('',#1565,#1566,#155,.T.);
#1269=EDGE_CURVE('',#1566,#1567,#26,.T.);
#1270=EDGE_CURVE('',#1568,#1567,#156,.T.);
#1271=EDGE_CURVE('',#1568,#1569,#27,.T.);
#1272=EDGE_CURVE('',#1570,#1569,#157,.T.);
#1273=EDGE_CURVE('',#1571,#1570,#158,.T.);
#1274=EDGE_CURVE('',#1571,#1572,#159,.T.);
#1275=EDGE_CURVE('',#1572,#1573,#28,.T.);
#1276=EDGE_CURVE('',#1574,#1573,#160,.T.);
#1277=EDGE_CURVE('',#1574,#1575,#29,.T.);
#1278=EDGE_CURVE('',#1576,#1575,#161,.T.);
#1279=EDGE_CURVE('',#1577,#1576,#162,.T.);
#1280=EDGE_CURVE('',#1577,#1578,#163,.T.);
#1281=EDGE_CURVE('',#1578,#1579,#30,.T.);
#1282=EDGE_CURVE('',#1580,#1579,#164,.T.);
#1283=EDGE_CURVE('',#1580,#1536,#31,.T.);
#1284=EDGE_CURVE('',#1541,#1535,#165,.T.);
#1285=EDGE_CURVE('',#1581,#1582,#166,.T.);
#1286=EDGE_CURVE('',#1582,#1542,#1744,.T.);
#1287=EDGE_CURVE('',#1541,#1581,#32,.T.);
#1288=EDGE_CURVE('',#1583,#1584,#167,.T.);
#1289=EDGE_CURVE('',#1584,#1582,#1745,.T.);
#1290=EDGE_CURVE('',#1581,#1583,#168,.T.);
#1291=EDGE_CURVE('',#1521,#1584,#1746,.T.);
#1292=EDGE_CURVE('',#1583,#1522,#33,.T.);
#1293=EDGE_CURVE('',#1585,#1540,#169,.T.);
#1294=EDGE_CURVE('',#1585,#1586,#34,.T.);
#1295=EDGE_CURVE('',#1586,#1587,#170,.T.);
#1296=EDGE_CURVE('',#1587,#1588,#35,.T.);
#1297=EDGE_CURVE('',#1588,#1589,#171,.T.);
#1298=EDGE_CURVE('',#1589,#1590,#36,.T.);
#1299=EDGE_CURVE('',#1591,#1590,#172,.T.);
#1300=EDGE_CURVE('',#1591,#1592,#37,.T.);
#1301=EDGE_CURVE('',#1533,#1592,#173,.T.);
#1302=EDGE_CURVE('',#1593,#1585,#174,.T.);
#1303=EDGE_CURVE('',#1593,#1539,#175,.T.);
#1304=EDGE_CURVE('',#1594,#1586,#176,.T.);
#1305=EDGE_CURVE('',#1594,#1595,#177,.T.);
#1306=EDGE_CURVE('',#1595,#1587,#178,.T.);
#1307=EDGE_CURVE('',#1596,#1588,#179,.T.);
#1308=EDGE_CURVE('',#1596,#1597,#180,.T.);
#1309=EDGE_CURVE('',#1597,#1589,#181,.T.);
#1310=EDGE_CURVE('',#1598,#1591,#182,.T.);
#1311=EDGE_CURVE('',#1599,#1590,#183,.T.);
#1312=EDGE_CURVE('',#1598,#1599,#184,.T.);
#1313=EDGE_CURVE('',#1600,#1592,#185,.T.);
#1314=EDGE_CURVE('',#1534,#1600,#186,.T.);
#1315=EDGE_CURVE('',#1593,#1594,#38,.T.);
#1316=EDGE_CURVE('',#1595,#1596,#39,.T.);
#1317=EDGE_CURVE('',#1597,#1599,#40,.T.);
#1318=EDGE_CURVE('',#1598,#1600,#41,.T.);
#1319=EDGE_CURVE('',#1601,#1602,#42,.T.);
#1320=EDGE_CURVE('',#1603,#1602,#187,.T.);
#1321=EDGE_CURVE('',#1604,#1603,#43,.T.);
#1322=EDGE_CURVE('',#1604,#1601,#188,.T.);
#1323=EDGE_CURVE('',#1601,#1605,#189,.T.);
#1324=EDGE_CURVE('',#1604,#1538,#190,.T.);
#1325=EDGE_CURVE('',#1537,#1605,#44,.F.);
#1326=EDGE_CURVE('',#1606,#1607,#191,.T.);
#1327=EDGE_CURVE('',#1606,#1530,#45,.F.);
#1328=EDGE_CURVE('',#1529,#1608,#192,.T.);
#1329=EDGE_CURVE('',#1608,#1607,#193,.T.);
#1330=EDGE_CURVE('',#1609,#1607,#46,.T.);
#1331=EDGE_CURVE('',#1610,#1608,#47,.T.);
#1332=EDGE_CURVE('',#1610,#1609,#194,.T.);
#1333=EDGE_CURVE('',#1609,#1611,#195,.T.);
#1334=EDGE_CURVE('',#1610,#1612,#196,.T.);
#1335=EDGE_CURVE('',#1612,#1611,#197,.T.);
#1336=EDGE_CURVE('',#1613,#1611,#48,.T.);
#1337=EDGE_CURVE('',#1614,#1612,#49,.T.);
#1338=EDGE_CURVE('',#1614,#1613,#198,.T.);
#1339=EDGE_CURVE('',#1615,#1613,#199,.T.);
#1340=EDGE_CURVE('',#1616,#1614,#200,.T.);
#1341=EDGE_CURVE('',#1616,#1615,#201,.T.);
#1342=EDGE_CURVE('',#1617,#1615,#50,.T.);
#1343=EDGE_CURVE('',#1618,#1616,#51,.T.);
#1344=EDGE_CURVE('',#1618,#1617,#202,.T.);
#1345=EDGE_CURVE('',#1602,#1617,#203,.T.);
#1346=EDGE_CURVE('',#1603,#1618,#204,.T.);
#1347=EDGE_CURVE('',#1619,#1620,#205,.T.);
#1348=EDGE_CURVE('',#1620,#1578,#206,.F.);
#1349=EDGE_CURVE('',#1577,#1621,#207,.T.);
#1350=EDGE_CURVE('',#1622,#1621,#208,.T.);
#1351=EDGE_CURVE('',#1622,#1619,#209,.T.);
#1352=EDGE_CURVE('',#1575,#1623,#210,.T.);
#1353=EDGE_CURVE('',#1624,#1623,#211,.T.);
#1354=EDGE_CURVE('',#1625,#1624,#212,.T.);
#1355=EDGE_CURVE('',#1625,#1626,#213,.T.);
#1356=EDGE_CURVE('',#1576,#1626,#214,.T.);
#1357=EDGE_CURVE('',#1621,#1626,#215,.T.);
#1358=EDGE_CURVE('',#1622,#1625,#216,.T.);
#1359=EDGE_CURVE('',#1627,#1628,#217,.T.);
#1360=EDGE_CURVE('',#1627,#1620,#52,.F.);
#1361=EDGE_CURVE('',#1619,#1624,#218,.T.);
#1362=EDGE_CURVE('',#1623,#1628,#53,.F.);
#1363=EDGE_CURVE('',#1514,#1515,#219,.T.);
#1364=EDGE_CURVE('',#1511,#1516,#220,.T.);
#1365=EDGE_CURVE('',#1629,#1512,#221,.T.);
#1366=EDGE_CURVE('',#1629,#1513,#222,.T.);
#1367=EDGE_CURVE('',#1549,#1630,#223,.T.);
#1368=EDGE_CURVE('',#1630,#1631,#224,.T.);
#1369=EDGE_CURVE('',#1631,#1544,#225,.F.);
#1370=EDGE_CURVE('',#1543,#1606,#226,.F.);
#1371=EDGE_CURVE('',#1605,#1580,#227,.T.);
#1372=EDGE_CURVE('',#1579,#1627,#228,.T.);
#1373=EDGE_CURVE('',#1628,#1574,#229,.F.);
#1374=EDGE_CURVE('',#1573,#1632,#230,.T.);
#1375=EDGE_CURVE('',#1632,#1633,#231,.T.);
#1376=EDGE_CURVE('',#1633,#1568,#232,.F.);
#1377=EDGE_CURVE('',#1567,#1634,#233,.T.);
#1378=EDGE_CURVE('',#1634,#1635,#234,.T.);
#1379=EDGE_CURVE('',#1635,#1562,#235,.F.);
#1380=EDGE_CURVE('',#1561,#1636,#236,.T.);
#1381=EDGE_CURVE('',#1636,#1637,#237,.T.);
#1382=EDGE_CURVE('',#1637,#1556,#238,.F.);
#1383=EDGE_CURVE('',#1555,#1638,#239,.T.);
#1384=EDGE_CURVE('',#1638,#1639,#240,.T.);
#1385=EDGE_CURVE('',#1639,#1550,#241,.F.);
#1386=EDGE_CURVE('',#1640,#1640,#54,.T.);
#1387=EDGE_CURVE('',#1641,#1641,#55,.T.);
#1388=EDGE_CURVE('',#1642,#1642,#56,.T.);
#1389=EDGE_CURVE('',#1643,#1643,#57,.T.);
#1390=EDGE_CURVE('',#1644,#1644,#58,.T.);
#1391=EDGE_CURVE('',#1645,#1645,#59,.T.);
#1392=EDGE_CURVE('',#1646,#1647,#242,.T.);
#1393=EDGE_CURVE('',#1647,#1572,#243,.F.);
#1394=EDGE_CURVE('',#1571,#1648,#244,.T.);
#1395=EDGE_CURVE('',#1649,#1648,#245,.T.);
#1396=EDGE_CURVE('',#1649,#1646,#246,.T.);
#1397=EDGE_CURVE('',#1569,#1650,#247,.T.);
#1398=EDGE_CURVE('',#1651,#1650,#248,.T.);
#1399=EDGE_CURVE('',#1652,#1651,#249,.T.);
#1400=EDGE_CURVE('',#1652,#1653,#250,.T.);
#1401=EDGE_CURVE('',#1570,#1653,#251,.T.);
#1402=EDGE_CURVE('',#1648,#1653,#252,.T.);
#1403=EDGE_CURVE('',#1649,#1652,#253,.T.);
#1404=EDGE_CURVE('',#1632,#1647,#60,.F.);
#1405=EDGE_CURVE('',#1646,#1651,#254,.T.);
#1406=EDGE_CURVE('',#1650,#1633,#61,.F.);
#1407=EDGE_CURVE('',#1654,#1655,#255,.T.);
#1408=EDGE_CURVE('',#1655,#1566,#256,.F.);
#1409=EDGE_CURVE('',#1565,#1656,#257,.T.);
#1410=EDGE_CURVE('',#1657,#1656,#258,.T.);
#1411=EDGE_CURVE('',#1657,#1654,#259,.T.);
#1412=EDGE_CURVE('',#1563,#1658,#260,.T.);
#1413=EDGE_CURVE('',#1659,#1658,#261,.T.);
#1414=EDGE_CURVE('',#1660,#1659,#262,.T.);
#1415=EDGE_CURVE('',#1660,#1661,#263,.T.);
#1416=EDGE_CURVE('',#1564,#1661,#264,.T.);
#1417=EDGE_CURVE('',#1656,#1661,#265,.T.);
#1418=EDGE_CURVE('',#1657,#1660,#266,.T.);
#1419=EDGE_CURVE('',#1634,#1655,#62,.F.);
#1420=EDGE_CURVE('',#1654,#1659,#267,.T.);
#1421=EDGE_CURVE('',#1658,#1635,#63,.F.);
#1422=EDGE_CURVE('',#1662,#1663,#268,.T.);
#1423=EDGE_CURVE('',#1663,#1560,#269,.F.);
#1424=EDGE_CURVE('',#1559,#1664,#270,.T.);
#1425=EDGE_CURVE('',#1665,#1664,#271,.T.);
#1426=EDGE_CURVE('',#1665,#1662,#272,.T.);
#1427=EDGE_CURVE('',#1557,#1666,#273,.T.);
#1428=EDGE_CURVE('',#1667,#1666,#274,.T.);
#1429=EDGE_CURVE('',#1668,#1667,#275,.T.);
#1430=EDGE_CURVE('',#1668,#1669,#276,.T.);
#1431=EDGE_CURVE('',#1558,#1669,#277,.T.);
#1432=EDGE_CURVE('',#1664,#1669,#278,.T.);
#1433=EDGE_CURVE('',#1665,#1668,#279,.T.);
#1434=EDGE_CURVE('',#1636,#1663,#64,.F.);
#1435=EDGE_CURVE('',#1662,#1667,#280,.T.);
#1436=EDGE_CURVE('',#1666,#1637,#65,.F.);
#1437=EDGE_CURVE('',#1670,#1671,#281,.T.);
#1438=EDGE_CURVE('',#1671,#1554,#282,.F.);
#1439=EDGE_CURVE('',#1553,#1672,#283,.T.);
#1440=EDGE_CURVE('',#1673,#1672,#284,.T.);
#1441=EDGE_CURVE('',#1673,#1670,#285,.T.);
#1442=EDGE_CURVE('',#1551,#1674,#286,.T.);
#1443=EDGE_CURVE('',#1675,#1674,#287,.T.);
#1444=EDGE_CURVE('',#1676,#1675,#288,.T.);
#1445=EDGE_CURVE('',#1676,#1677,#289,.T.);
#1446=EDGE_CURVE('',#1552,#1677,#290,.T.);
#1447=EDGE_CURVE('',#1672,#1677,#291,.T.);
#1448=EDGE_CURVE('',#1673,#1676,#292,.T.);
#1449=EDGE_CURVE('',#1638,#1671,#66,.F.);
#1450=EDGE_CURVE('',#1670,#1675,#293,.T.);
#1451=EDGE_CURVE('',#1674,#1639,#67,.F.);
#1452=EDGE_CURVE('',#1678,#1679,#294,.T.);
#1453=EDGE_CURVE('',#1679,#1548,#295,.F.);
#1454=EDGE_CURVE('',#1547,#1680,#296,.T.);
#1455=EDGE_CURVE('',#1681,#1680,#297,.T.);
#1456=EDGE_CURVE('',#1681,#1678,#298,.T.);
#1457=EDGE_CURVE('',#1545,#1682,#299,.T.);
#1458=EDGE_CURVE('',#1683,#1682,#300,.T.);
#1459=EDGE_CURVE('',#1684,#1683,#301,.T.);
#1460=EDGE_CURVE('',#1684,#1685,#302,.T.);
#1461=EDGE_CURVE('',#1546,#1685,#303,.T.);
#1462=EDGE_CURVE('',#1680,#1685,#304,.T.);
#1463=EDGE_CURVE('',#1681,#1684,#305,.T.);
#1464=EDGE_CURVE('',#1630,#1679,#68,.F.);
#1465=EDGE_CURVE('',#1678,#1683,#306,.T.);
#1466=EDGE_CURVE('',#1682,#1631,#69,.F.);
#1467=EDGE_CURVE('',#1504,#1629,#307,.T.);
#1468=EDGE_CURVE('',#1686,#1686,#70,.T.);
#1469=EDGE_CURVE('',#1687,#1687,#71,.T.);
#1470=EDGE_CURVE('',#1688,#1688,#72,.T.);
#1471=EDGE_CURVE('',#1689,#1689,#73,.T.);
#1472=EDGE_CURVE('',#1690,#1690,#74,.T.);
#1473=EDGE_CURVE('',#1691,#1691,#75,.T.);
#1474=EDGE_CURVE('',#1692,#1692,#76,.T.);
#1475=EDGE_CURVE('',#1693,#1693,#77,.T.);
#1476=EDGE_CURVE('',#1694,#1694,#78,.T.);
#1477=EDGE_CURVE('',#1695,#1696,#1747,.T.);
#1478=EDGE_CURVE('',#1696,#1697,#1748,.T.);
#1479=EDGE_CURVE('',#1697,#1698,#1749,.T.);
#1480=EDGE_CURVE('',#1698,#1699,#1750,.T.);
#1481=EDGE_CURVE('',#1699,#1700,#1751,.T.);
#1482=EDGE_CURVE('',#1700,#1701,#1752,.T.);
#1483=EDGE_CURVE('',#1701,#1702,#1753,.T.);
#1484=EDGE_CURVE('',#1702,#1695,#1754,.T.);
#1485=EDGE_CURVE('',#1526,#1700,#1755,.T.);
#1486=EDGE_CURVE('',#1701,#1528,#1756,.T.);
#1487=EDGE_CURVE('',#1702,#1542,#1757,.F.);
#1488=EDGE_CURVE('',#1524,#1699,#1758,.F.);
#1489=EDGE_CURVE('',#1695,#1582,#1759,.T.);
#1490=EDGE_CURVE('',#1520,#1698,#1760,.T.);
#1491=EDGE_CURVE('',#1696,#1584,#1761,.F.);
#1492=EDGE_CURVE('',#1521,#1697,#1762,.F.);
#1493=EDGE_CURVE('',#1703,#1703,#79,.T.);
#1494=EDGE_CURVE('',#1704,#1704,#80,.T.);
#1495=EDGE_CURVE('',#1705,#1705,#81,.T.);
#1496=EDGE_CURVE('',#1706,#1706,#82,.T.);
#1497=VERTEX_POINT('',#2924);
#1498=VERTEX_POINT('',#2925);
#1499=VERTEX_POINT('',#2930);
#1500=VERTEX_POINT('',#2938);
#1501=VERTEX_POINT('',#3261);
#1502=VERTEX_POINT('',#3269);
#1503=VERTEX_POINT('',#3297);
#1504=VERTEX_POINT('',#3305);
#1505=VERTEX_POINT('',#3330);
#1506=VERTEX_POINT('',#3338);
#1507=VERTEX_POINT('',#3661);
#1508=VERTEX_POINT('',#3669);
#1509=VERTEX_POINT('',#3697);
#1510=VERTEX_POINT('',#3705);
#1511=VERTEX_POINT('',#4055);
#1512=VERTEX_POINT('',#4060);
#1513=VERTEX_POINT('',#4088);
#1514=VERTEX_POINT('',#4093);
#1515=VERTEX_POINT('',#4121);
#1516=VERTEX_POINT('',#4126);
#1517=VERTEX_POINT('',#4278);
#1518=VERTEX_POINT('',#4298);
#1519=VERTEX_POINT('',#4301);
#1520=VERTEX_POINT('',#4302);
#1521=VERTEX_POINT('',#4307);
#1522=VERTEX_POINT('',#4309);
#1523=VERTEX_POINT('',#4313);
#1524=VERTEX_POINT('',#4314);
#1525=VERTEX_POINT('',#4323);
#1526=VERTEX_POINT('',#4324);
#1527=VERTEX_POINT('',#4332);
#1528=VERTEX_POINT('',#4333);
#1529=VERTEX_POINT('',#4342);
#1530=VERTEX_POINT('',#4343);
#1531=VERTEX_POINT('',#4345);
#1532=VERTEX_POINT('',#4347);
#1533=VERTEX_POINT('',#4349);
#1534=VERTEX_POINT('',#4351);
#1535=VERTEX_POINT('',#4355);
#1536=VERTEX_POINT('',#4356);
#1537=VERTEX_POINT('',#4358);
#1538=VERTEX_POINT('',#4360);
#1539=VERTEX_POINT('',#4362);
#1540=VERTEX_POINT('',#4364);
#1541=VERTEX_POINT('',#4368);
#1542=VERTEX_POINT('',#4369);
#1543=VERTEX_POINT('',#4376);
#1544=VERTEX_POINT('',#4378);
#1545=VERTEX_POINT('',#4380);
#1546=VERTEX_POINT('',#4382);
#1547=VERTEX_POINT('',#4384);
#1548=VERTEX_POINT('',#4386);
#1549=VERTEX_POINT('',#4388);
#1550=VERTEX_POINT('',#4390);
#1551=VERTEX_POINT('',#4392);
#1552=VERTEX_POINT('',#4394);
#1553=VERTEX_POINT('',#4396);
#1554=VERTEX_POINT('',#4398);
#1555=VERTEX_POINT('',#4400);
#1556=VERTEX_POINT('',#4402);
#1557=VERTEX_POINT('',#4404);
#1558=VERTEX_POINT('',#4406);
#1559=VERTEX_POINT('',#4408);
#1560=VERTEX_POINT('',#4410);
#1561=VERTEX_POINT('',#4412);
#1562=VERTEX_POINT('',#4414);
#1563=VERTEX_POINT('',#4416);
#1564=VERTEX_POINT('',#4418);
#1565=VERTEX_POINT('',#4420);
#1566=VERTEX_POINT('',#4422);
#1567=VERTEX_POINT('',#4424);
#1568=VERTEX_POINT('',#4426);
#1569=VERTEX_POINT('',#4428);
#1570=VERTEX_POINT('',#4430);
#1571=VERTEX_POINT('',#4432);
#1572=VERTEX_POINT('',#4434);
#1573=VERTEX_POINT('',#4436);
#1574=VERTEX_POINT('',#4438);
#1575=VERTEX_POINT('',#4440);
#1576=VERTEX_POINT('',#4442);
#1577=VERTEX_POINT('',#4444);
#1578=VERTEX_POINT('',#4446);
#1579=VERTEX_POINT('',#4448);
#1580=VERTEX_POINT('',#4450);
#1581=VERTEX_POINT('',#4455);
#1582=VERTEX_POINT('',#4456);
#1583=VERTEX_POINT('',#4465);
#1584=VERTEX_POINT('',#4466);
#1585=VERTEX_POINT('',#4481);
#1586=VERTEX_POINT('',#4483);
#1587=VERTEX_POINT('',#4485);
#1588=VERTEX_POINT('',#4487);
#1589=VERTEX_POINT('',#4489);
#1590=VERTEX_POINT('',#4491);
#1591=VERTEX_POINT('',#4493);
#1592=VERTEX_POINT('',#4495);
#1593=VERTEX_POINT('',#4499);
#1594=VERTEX_POINT('',#4503);
#1595=VERTEX_POINT('',#4505);
#1596=VERTEX_POINT('',#4509);
#1597=VERTEX_POINT('',#4511);
#1598=VERTEX_POINT('',#4515);
#1599=VERTEX_POINT('',#4517);
#1600=VERTEX_POINT('',#4521);
#1601=VERTEX_POINT('',#4533);
#1602=VERTEX_POINT('',#4534);
#1603=VERTEX_POINT('',#4536);
#1604=VERTEX_POINT('',#4538);
#1605=VERTEX_POINT('',#4542);
#1606=VERTEX_POINT('',#4547);
#1607=VERTEX_POINT('',#4548);
#1608=VERTEX_POINT('',#4551);
#1609=VERTEX_POINT('',#4555);
#1610=VERTEX_POINT('',#4557);
#1611=VERTEX_POINT('',#4561);
#1612=VERTEX_POINT('',#4563);
#1613=VERTEX_POINT('',#4567);
#1614=VERTEX_POINT('',#4569);
#1615=VERTEX_POINT('',#4573);
#1616=VERTEX_POINT('',#4575);
#1617=VERTEX_POINT('',#4579);
#1618=VERTEX_POINT('',#4581);
#1619=VERTEX_POINT('',#4589);
#1620=VERTEX_POINT('',#4590);
#1621=VERTEX_POINT('',#4593);
#1622=VERTEX_POINT('',#4595);
#1623=VERTEX_POINT('',#4599);
#1624=VERTEX_POINT('',#4601);
#1625=VERTEX_POINT('',#4603);
#1626=VERTEX_POINT('',#4605);
#1627=VERTEX_POINT('',#4613);
#1628=VERTEX_POINT('',#4614);
#1629=VERTEX_POINT('',#4623);
#1630=VERTEX_POINT('',#4626);
#1631=VERTEX_POINT('',#4628);
#1632=VERTEX_POINT('',#4635);
#1633=VERTEX_POINT('',#4637);
#1634=VERTEX_POINT('',#4640);
#1635=VERTEX_POINT('',#4642);
#1636=VERTEX_POINT('',#4645);
#1637=VERTEX_POINT('',#4647);
#1638=VERTEX_POINT('',#4650);
#1639=VERTEX_POINT('',#4652);
#1640=VERTEX_POINT('',#4655);
#1641=VERTEX_POINT('',#4657);
#1642=VERTEX_POINT('',#4659);
#1643=VERTEX_POINT('',#4661);
#1644=VERTEX_POINT('',#4663);
#1645=VERTEX_POINT('',#4665);
#1646=VERTEX_POINT('',#4668);
#1647=VERTEX_POINT('',#4669);
#1648=VERTEX_POINT('',#4672);
#1649=VERTEX_POINT('',#4674);
#1650=VERTEX_POINT('',#4678);
#1651=VERTEX_POINT('',#4680);
#1652=VERTEX_POINT('',#4682);
#1653=VERTEX_POINT('',#4684);
#1654=VERTEX_POINT('',#4697);
#1655=VERTEX_POINT('',#4698);
#1656=VERTEX_POINT('',#4701);
#1657=VERTEX_POINT('',#4703);
#1658=VERTEX_POINT('',#4707);
#1659=VERTEX_POINT('',#4709);
#1660=VERTEX_POINT('',#4711);
#1661=VERTEX_POINT('',#4713);
#1662=VERTEX_POINT('',#4726);
#1663=VERTEX_POINT('',#4727);
#1664=VERTEX_POINT('',#4730);
#1665=VERTEX_POINT('',#4732);
#1666=VERTEX_POINT('',#4736);
#1667=VERTEX_POINT('',#4738);
#1668=VERTEX_POINT('',#4740);
#1669=VERTEX_POINT('',#4742);
#1670=VERTEX_POINT('',#4755);
#1671=VERTEX_POINT('',#4756);
#1672=VERTEX_POINT('',#4759);
#1673=VERTEX_POINT('',#4761);
#1674=VERTEX_POINT('',#4765);
#1675=VERTEX_POINT('',#4767);
#1676=VERTEX_POINT('',#4769);
#1677=VERTEX_POINT('',#4771);
#1678=VERTEX_POINT('',#4784);
#1679=VERTEX_POINT('',#4785);
#1680=VERTEX_POINT('',#4788);
#1681=VERTEX_POINT('',#4790);
#1682=VERTEX_POINT('',#4794);
#1683=VERTEX_POINT('',#4796);
#1684=VERTEX_POINT('',#4798);
#1685=VERTEX_POINT('',#4800);
#1686=VERTEX_POINT('',#4818);
#1687=VERTEX_POINT('',#4822);
#1688=VERTEX_POINT('',#4824);
#1689=VERTEX_POINT('',#4827);
#1690=VERTEX_POINT('',#4829);
#1691=VERTEX_POINT('',#4832);
#1692=VERTEX_POINT('',#4834);
#1693=VERTEX_POINT('',#4837);
#1694=VERTEX_POINT('',#4839);
#1695=VERTEX_POINT('',#4845);
#1696=VERTEX_POINT('',#4846);
#1697=VERTEX_POINT('',#4852);
#1698=VERTEX_POINT('',#4857);
#1699=VERTEX_POINT('',#4863);
#1700=VERTEX_POINT('',#4868);
#1701=VERTEX_POINT('',#4874);
#1702=VERTEX_POINT('',#4879);
#1703=VERTEX_POINT('',#5215);
#1704=VERTEX_POINT('',#5219);
#1705=VERTEX_POINT('',#5223);
#1706=VERTEX_POINT('',#5227);
#1707=B_SPLINE_CURVE_WITH_KNOTS('',3,(#2917,#2918,#2919,#2920,#2921,#2922,
#2923),.UNSPECIFIED.,.F.,.F.,(4,1,1,1,4),(0.,0.25,0.5,0.75,1.),
 .UNSPECIFIED.);
#1708=B_SPLINE_CURVE_WITH_KNOTS('',3,(#2926,#2927,#2928,#2929),
 .UNSPECIFIED.,.F.,.F.,(4,4),(0.,1.),.UNSPECIFIED.);
#1709=B_SPLINE_CURVE_WITH_KNOTS('',3,(#2931,#2932,#2933,#2934,#2935,#2936,
#2937),.UNSPECIFIED.,.F.,.F.,(4,1,1,1,4),(0.,0.25,0.5,0.75,1.),
 .UNSPECIFIED.);
#1710=B_SPLINE_CURVE_WITH_KNOTS('',3,(#2939,#2940,#2941,#2942),
 .UNSPECIFIED.,.F.,.F.,(4,4),(0.,1.),.UNSPECIFIED.);
#1711=B_SPLINE_CURVE_WITH_KNOTS('',3,(#3249,#3250,#3251,#3252,#3253,#3254,
#3255,#3256,#3257,#3258,#3259,#3260),.UNSPECIFIED.,.F.,.F.,(4,1,1,1,1,1,
1,1,1,4),(0.,0.125,0.25,0.375,0.5,0.625,0.75,0.8125,0.875,1.),
 .UNSPECIFIED.);
#1712=B_SPLINE_CURVE_WITH_KNOTS('',3,(#3262,#3263,#3264,#3265,#3266,#3267,
#3268),.UNSPECIFIED.,.F.,.F.,(4,1,1,1,4),(0.,0.25,0.5,0.75,1.),
 .UNSPECIFIED.);
#1713=B_SPLINE_CURVE_WITH_KNOTS('',3,(#3270,#3271,#3272,#3273,#3274,#3275,
#3276),.UNSPECIFIED.,.F.,.F.,(4,1,1,1,4),(0.,0.25,0.5,0.75,1.),
 .UNSPECIFIED.);
#1714=B_SPLINE_CURVE_WITH_KNOTS('',3,(#3293,#3294,#3295,#3296),
 .UNSPECIFIED.,.F.,.F.,(4,4),(0.,1.),.UNSPECIFIED.);
#1715=B_SPLINE_CURVE_WITH_KNOTS('',3,(#3298,#3299,#3300,#3301,#3302,#3303,
#3304),.UNSPECIFIED.,.F.,.F.,(4,1,1,1,4),(-8.00000000221272E-6,0.00050961479364204,
0.00102722958728629,0.00154484438093054,0.0020624591745748),
 .UNSPECIFIED.);
#1716=B_SPLINE_CURVE_WITH_KNOTS('',3,(#3306,#3307,#3308,#3309),
 .UNSPECIFIED.,.F.,.F.,(4,4),(0.,1.),.UNSPECIFIED.);
#1717=B_SPLINE_CURVE_WITH_KNOTS('',3,(#3326,#3327,#3328,#3329),
 .UNSPECIFIED.,.F.,.F.,(4,4),(0.,1.),.UNSPECIFIED.);
#1718=B_SPLINE_CURVE_WITH_KNOTS('',3,(#3331,#3332,#3333,#3334,#3335,#3336,
#3337),.UNSPECIFIED.,.F.,.F.,(4,1,1,1,4),(0.,0.25,0.5,0.75,1.),
 .UNSPECIFIED.);
#1719=B_SPLINE_CURVE_WITH_KNOTS('',3,(#3339,#3340,#3341,#3342),
 .UNSPECIFIED.,.F.,.F.,(4,4),(0.,1.),.UNSPECIFIED.);
#1720=B_SPLINE_CURVE_WITH_KNOTS('',3,(#3649,#3650,#3651,#3652,#3653,#3654,
#3655,#3656,#3657,#3658,#3659,#3660),.UNSPECIFIED.,.F.,.F.,(4,1,1,1,1,1,
1,1,1,4),(0.,0.125,0.25,0.375,0.5,0.625,0.75,0.8125,0.875,1.),
 .UNSPECIFIED.);
#1721=B_SPLINE_CURVE_WITH_KNOTS('',3,(#3662,#3663,#3664,#3665,#3666,#3667,
#3668),.UNSPECIFIED.,.F.,.F.,(4,1,1,1,4),(0.,0.25,0.5,0.75,1.),
 .UNSPECIFIED.);
#1722=B_SPLINE_CURVE_WITH_KNOTS('',3,(#3670,#3671,#3672,#3673,#3674,#3675,
#3676),.UNSPECIFIED.,.F.,.F.,(4,1,1,1,4),(0.,0.25,0.5,0.75,1.),
 .UNSPECIFIED.);
#1723=B_SPLINE_CURVE_WITH_KNOTS('',3,(#3693,#3694,#3695,#3696),
 .UNSPECIFIED.,.F.,.F.,(4,4),(0.,1.),.UNSPECIFIED.);
#1724=B_SPLINE_CURVE_WITH_KNOTS('',3,(#3698,#3699,#3700,#3701,#3702,#3703,
#3704),.UNSPECIFIED.,.F.,.F.,(4,1,1,1,4),(0.,0.25,0.5,0.75,1.),
 .UNSPECIFIED.);
#1725=B_SPLINE_CURVE_WITH_KNOTS('',3,(#3706,#3707,#3708,#3709),
 .UNSPECIFIED.,.F.,.F.,(4,4),(0.,1.),.UNSPECIFIED.);
#1726=B_SPLINE_CURVE_WITH_KNOTS('',3,(#4016,#4017,#4018,#4019,#4020,#4021,
#4022,#4023,#4024,#4025,#4026,#4027),.UNSPECIFIED.,.F.,.F.,(4,1,1,1,1,1,
1,1,1,4),(0.,0.125,0.25,0.375,0.5,0.625,0.75,0.8125,0.875,1.),
 .UNSPECIFIED.);
#1727=B_SPLINE_CURVE_WITH_KNOTS('',3,(#4028,#4029,#4030,#4031,#4032,#4033,
#4034),.UNSPECIFIED.,.F.,.F.,(4,1,1,1,4),(0.,0.25,0.5,0.75,1.),
 .UNSPECIFIED.);
#1728=B_SPLINE_CURVE_WITH_KNOTS('',3,(#4051,#4052,#4053,#4054),
 .UNSPECIFIED.,.F.,.F.,(4,4),(0.353553390603878,1.),.UNSPECIFIED.);
#1729=B_SPLINE_CURVE_WITH_KNOTS('',3,(#4056,#4057,#4058,#4059),
 .UNSPECIFIED.,.F.,.F.,(4,4),(0.,0.646446609407207),.UNSPECIFIED.);
#1730=B_SPLINE_CURVE_WITH_KNOTS('',3,(#4061,#4062,#4063,#4064,#4065,#4066,
#4067),.UNSPECIFIED.,.F.,.F.,(4,1,1,1,4),(0.,0.000714787548160973,0.00142957509632195,
0.00214436264448292,0.00285915019264389),.UNSPECIFIED.);
#1731=B_SPLINE_CURVE_WITH_KNOTS('',3,(#4084,#4085,#4086,#4087),
 .UNSPECIFIED.,.F.,.F.,(4,4),(0.353553390586815,1.),.UNSPECIFIED.);
#1732=B_SPLINE_CURVE_WITH_KNOTS('',3,(#4089,#4090,#4091,#4092),
 .UNSPECIFIED.,.F.,.F.,(4,4),(0.,0.646446609404579),.UNSPECIFIED.);
#1733=B_SPLINE_CURVE_WITH_KNOTS('',3,(#4094,#4095,#4096,#4097,#4098,#4099,
#4100),.UNSPECIFIED.,.F.,.F.,(4,1,1,1,4),(0.,0.000714787548160978,0.00142957509632196,
0.00214436264448293,0.00285915019264391),.UNSPECIFIED.);
#1734=B_SPLINE_CURVE_WITH_KNOTS('',3,(#4117,#4118,#4119,#4120),
 .UNSPECIFIED.,.F.,.F.,(4,4),(0.353553390593573,1.),.UNSPECIFIED.);
#1735=B_SPLINE_CURVE_WITH_KNOTS('',3,(#4122,#4123,#4124,#4125),
 .UNSPECIFIED.,.F.,.F.,(4,4),(0.,0.646446609406427),.UNSPECIFIED.);
#1736=B_SPLINE_CURVE_WITH_KNOTS('',3,(#4127,#4128,#4129,#4130,#4131,#4132,
#4133),.UNSPECIFIED.,.F.,.F.,(4,1,1,1,4),(0.,0.000714787548160978,0.00142957509632196,
0.00214436264448293,0.00285915019264391),.UNSPECIFIED.);
#1737=B_SPLINE_CURVE_WITH_KNOTS('',3,(#4267,#4268,#4269,#4270,#4271,#4272,
#4273,#4274,#4275,#4276,#4277),.UNSPECIFIED.,.T.,.F.,(1,1,1,1,1,1,1,1,1,
1,1,1,1,1,1),(-0.375,-0.25,-0.125,0.,0.125,0.25,0.375,0.5,0.625,0.75,0.875,
1.,1.125,1.25,1.375),.UNSPECIFIED.);
#1738=B_SPLINE_CURVE_WITH_KNOTS('',3,(#4279,#4280,#4281,#4282,#4283,#4284,
#4285,#4286,#4287,#4288,#4289,#4290,#4291,#4292,#4293,#4294,#4295,#4296,
#4297),.UNSPECIFIED.,.T.,.F.,(1,1,1,1,1,1,1,1,1,1,1,1,1,1,1,1,1,1,1,1,1,
1,1),(-0.190789473684211,-0.128289473684211,-0.0657894736842105,0.,0.059375,
0.12171875,0.1842109375,0.246710546875,0.30921052734375,0.371710526367187,
0.434210526318359,0.496710526315918,0.559210526315796,0.62171052631579,
0.684210526315789,0.746710526315789,0.809210526315789,0.871710526315789,
0.934210526315789,1.,1.059375,1.12171875,1.1842109375),.UNSPECIFIED.);
#1739=B_SPLINE_CURVE_WITH_KNOTS('',3,(#4303,#4304,#4305,#4306),
 .UNSPECIFIED.,.F.,.F.,(4,4),(0.,1.),.UNSPECIFIED.);
#1740=B_SPLINE_CURVE_WITH_KNOTS('',3,(#4315,#4316,#4317,#4318,#4319),
 .UNSPECIFIED.,.F.,.F.,(4,1,4),(0.,0.5,1.),.UNSPECIFIED.);
#1741=B_SPLINE_CURVE_WITH_KNOTS('',3,(#4325,#4326,#4327,#4328),
 .UNSPECIFIED.,.F.,.F.,(4,4),(0.,1.),.UNSPECIFIED.);
#1742=B_SPLINE_CURVE_WITH_KNOTS('',3,(#4334,#4335,#4336,#4337,#4338),
 .UNSPECIFIED.,.F.,.F.,(4,1,4),(0.,0.5,1.),.UNSPECIFIED.);
#1743=B_SPLINE_CURVE_WITH_KNOTS('',3,(#4370,#4371,#4372,#4373),
 .UNSPECIFIED.,.F.,.F.,(4,4),(0.,1.),.UNSPECIFIED.);
#1744=B_SPLINE_CURVE_WITH_KNOTS('',3,(#4457,#4458,#4459,#4460,#4461),
 .UNSPECIFIED.,.F.,.F.,(4,1,4),(0.,0.5,1.),.UNSPECIFIED.);
#1745=B_SPLINE_CURVE_WITH_KNOTS('',3,(#4467,#4468,#4469,#4470),
 .UNSPECIFIED.,.F.,.F.,(4,4),(0.,1.),.UNSPECIFIED.);
#1746=B_SPLINE_CURVE_WITH_KNOTS('',3,(#4473,#4474,#4475,#4476,#4477),
 .UNSPECIFIED.,.F.,.F.,(4,1,4),(0.,0.5,1.),.UNSPECIFIED.);
#1747=B_SPLINE_CURVE_WITH_KNOTS('',3,(#4841,#4842,#4843,#4844),
 .UNSPECIFIED.,.F.,.F.,(4,4),(0.,1.),.UNSPECIFIED.);
#1748=B_SPLINE_CURVE_WITH_KNOTS('',3,(#4847,#4848,#4849,#4850,#4851),
 .UNSPECIFIED.,.F.,.F.,(4,1,4),(0.,0.5,1.),.UNSPECIFIED.);
#1749=B_SPLINE_CURVE_WITH_KNOTS('',3,(#4853,#4854,#4855,#4856),
 .UNSPECIFIED.,.F.,.F.,(4,4),(0.,1.),.UNSPECIFIED.);
#1750=B_SPLINE_CURVE_WITH_KNOTS('',3,(#4858,#4859,#4860,#4861,#4862),
 .UNSPECIFIED.,.F.,.F.,(4,1,4),(0.,0.5,1.),.UNSPECIFIED.);
#1751=B_SPLINE_CURVE_WITH_KNOTS('',3,(#4864,#4865,#4866,#4867),
 .UNSPECIFIED.,.F.,.F.,(4,4),(0.,1.),.UNSPECIFIED.);
#1752=B_SPLINE_CURVE_WITH_KNOTS('',3,(#4869,#4870,#4871,#4872,#4873),
 .UNSPECIFIED.,.F.,.F.,(4,1,4),(0.,0.5,1.),.UNSPECIFIED.);
#1753=B_SPLINE_CURVE_WITH_KNOTS('',3,(#4875,#4876,#4877,#4878),
 .UNSPECIFIED.,.F.,.F.,(4,4),(0.,1.),.UNSPECIFIED.);
#1754=B_SPLINE_CURVE_WITH_KNOTS('',3,(#4880,#4881,#4882,#4883,#4884),
 .UNSPECIFIED.,.F.,.F.,(4,1,4),(0.,0.5,1.),.UNSPECIFIED.);
#1755=B_SPLINE_CURVE_WITH_KNOTS('',3,(#4937,#4938,#4939,#4940,#4941,#4942,
#4943),.UNSPECIFIED.,.F.,.F.,(4,1,1,1,4),(0.,0.25,0.5,0.75,1.),
 .UNSPECIFIED.);
#1756=B_SPLINE_CURVE_WITH_KNOTS('',3,(#4944,#4945,#4946,#4947,#4948,#4949,
#4950),.UNSPECIFIED.,.F.,.F.,(4,1,1,1,4),(0.,0.25,0.5,0.75,1.),
 .UNSPECIFIED.);
#1757=B_SPLINE_CURVE_WITH_KNOTS('',3,(#4967,#4968,#4969,#4970,#4971,#4972,
#4973),.UNSPECIFIED.,.F.,.F.,(4,1,1,1,4),(0.,0.25,0.5,0.75,1.),
 .UNSPECIFIED.);
#1758=B_SPLINE_CURVE_WITH_KNOTS('',3,(#4990,#4991,#4992,#4993,#4994,#4995,
#4996),.UNSPECIFIED.,.F.,.F.,(4,1,1,1,4),(0.,0.25,0.5,0.75,1.),
 .UNSPECIFIED.);
#1759=B_SPLINE_CURVE_WITH_KNOTS('',3,(#5049,#5050,#5051,#5052,#5053,#5054,
#5055),.UNSPECIFIED.,.F.,.F.,(4,1,1,1,4),(0.,0.25,0.5,0.75,1.),
 .UNSPECIFIED.);
#1760=B_SPLINE_CURVE_WITH_KNOTS('',3,(#5108,#5109,#5110,#5111,#5112,#5113,
#5114),.UNSPECIFIED.,.F.,.F.,(4,1,1,1,4),(0.,0.25,0.5,0.75,1.),
 .UNSPECIFIED.);
#1761=B_SPLINE_CURVE_WITH_KNOTS('',3,(#5131,#5132,#5133,#5134,#5135,#5136,
#5137),.UNSPECIFIED.,.F.,.F.,(4,1,1,1,4),(0.,0.25,0.5,0.75,1.),
 .UNSPECIFIED.);
#1762=B_SPLINE_CURVE_WITH_KNOTS('',3,(#5154,#5155,#5156,#5157,#5158,#5159,
#5160),.UNSPECIFIED.,.F.,.F.,(4,1,1,1,4),(0.,0.25,0.5,0.75,1.),
 .UNSPECIFIED.);
#1763=EDGE_LOOP('',(#561,#562,#563,#564));
#1764=EDGE_LOOP('',(#565,#566,#567,#568));
#1765=EDGE_LOOP('',(#569,#570,#571,#572));
#1766=EDGE_LOOP('',(#573,#574,#575,#576));
#1767=EDGE_LOOP('',(#577,#578,#579,#580));
#1768=EDGE_LOOP('',(#581,#582,#583,#584));
#1769=EDGE_LOOP('',(#585,#586,#587,#588));
#1770=EDGE_LOOP('',(#589,#590,#591,#592));
#1771=EDGE_LOOP('',(#593,#594,#595,#596));
#1772=EDGE_LOOP('',(#597,#598,#599,#600));
#1773=EDGE_LOOP('',(#601));
#1774=EDGE_LOOP('',(#602));
#1775=EDGE_LOOP('',(#603,#604,#605,#606));
#1776=EDGE_LOOP('',(#607,#608,#609,#610));
#1777=EDGE_LOOP('',(#611,#612,#613,#614));
#1778=EDGE_LOOP('',(#615,#616,#617,#618));
#1779=EDGE_LOOP('',(#619,#620,#621,#622,#623,#624));
#1780=EDGE_LOOP('',(#625,#626,#627,#628,#629,#630));
#1781=EDGE_LOOP('',(#631,#632,#633,#634,#635,#636,#637,#638,#639,#640,#641,
#642,#643,#644,#645,#646,#647,#648,#649,#650,#651,#652,#653,#654,#655,#656,
#657,#658,#659,#660,#661,#662,#663,#664,#665,#666,#667,#668,#669,#670,#671,
#672,#673,#674,#675,#676));
#1782=EDGE_LOOP('',(#677,#678,#679,#680));
#1783=EDGE_LOOP('',(#681,#682,#683,#684));
#1784=EDGE_LOOP('',(#685,#686,#687,#688));
#1785=EDGE_LOOP('',(#689,#690,#691,#692,#693,#694,#695,#696,#697,#698,#699,
#700,#701,#702,#703,#704,#705,#706,#707,#708));
#1786=EDGE_LOOP('',(#709,#710,#711,#712));
#1787=EDGE_LOOP('',(#713,#714,#715,#716));
#1788=EDGE_LOOP('',(#717,#718,#719,#720));
#1789=EDGE_LOOP('',(#721,#722,#723,#724));
#1790=EDGE_LOOP('',(#725,#726,#727,#728));
#1791=EDGE_LOOP('',(#729,#730,#731,#732));
#1792=EDGE_LOOP('',(#733,#734,#735,#736));
#1793=EDGE_LOOP('',(#737,#738,#739,#740));
#1794=EDGE_LOOP('',(#741,#742,#743,#744));
#1795=EDGE_LOOP('',(#745,#746,#747,#748));
#1796=EDGE_LOOP('',(#749,#750,#751,#752,#753));
#1797=EDGE_LOOP('',(#754,#755,#756,#757,#758));
#1798=EDGE_LOOP('',(#759,#760,#761,#762));
#1799=EDGE_LOOP('',(#763,#764,#765,#766));
#1800=EDGE_LOOP('',(#767,#768,#769,#770));
#1801=EDGE_LOOP('',(#771,#772,#773,#774));
#1802=EDGE_LOOP('',(#775,#776,#777,#778));
#1803=EDGE_LOOP('',(#779,#780,#781,#782));
#1804=EDGE_LOOP('',(#783,#784,#785,#786,#787,#788,#789,#790,#791,#792,#793,
#794,#795,#796,#797,#798,#799,#800,#801,#802));
#1805=EDGE_LOOP('',(#803,#804,#805,#806,#807,#808));
#1806=EDGE_LOOP('',(#809,#810,#811,#812,#813,#814));
#1807=EDGE_LOOP('',(#815,#816,#817,#818));
#1808=EDGE_LOOP('',(#819,#820,#821,#822));
#1809=EDGE_LOOP('',(#823,#824,#825,#826,#827,#828));
#1810=EDGE_LOOP('',(#829,#830,#831,#832));
#1811=EDGE_LOOP('',(#833,#834,#835,#836,#837,#838,#839));
#1812=EDGE_LOOP('',(#840,#841,#842,#843,#844,#845,#846,#847,#848,#849,#850,
#851,#852,#853,#854,#855,#856,#857,#858,#859,#860,#861,#862,#863,#864,#865,
#866,#867,#868,#869,#870,#871,#872,#873,#874,#875));
#1813=EDGE_LOOP('',(#876));
#1814=EDGE_LOOP('',(#877));
#1815=EDGE_LOOP('',(#878));
#1816=EDGE_LOOP('',(#879));
#1817=EDGE_LOOP('',(#880));
#1818=EDGE_LOOP('',(#881));
#1819=EDGE_LOOP('',(#882,#883,#884,#885,#886,#887));
#1820=EDGE_LOOP('',(#888,#889,#890,#891,#892,#893));
#1821=EDGE_LOOP('',(#894,#895,#896,#897));
#1822=EDGE_LOOP('',(#898,#899,#900,#901));
#1823=EDGE_LOOP('',(#902,#903,#904,#905,#906,#907));
#1824=EDGE_LOOP('',(#908,#909,#910,#911));
#1825=EDGE_LOOP('',(#912,#913,#914,#915,#916,#917));
#1826=EDGE_LOOP('',(#918,#919,#920,#921,#922,#923));
#1827=EDGE_LOOP('',(#924,#925,#926,#927));
#1828=EDGE_LOOP('',(#928,#929,#930,#931));
#1829=EDGE_LOOP('',(#932,#933,#934,#935,#936,#937));
#1830=EDGE_LOOP('',(#938,#939,#940,#941));
#1831=EDGE_LOOP('',(#942,#943,#944,#945,#946,#947));
#1832=EDGE_LOOP('',(#948,#949,#950,#951,#952,#953));
#1833=EDGE_LOOP('',(#954,#955,#956,#957));
#1834=EDGE_LOOP('',(#958,#959,#960,#961));
#1835=EDGE_LOOP('',(#962,#963,#964,#965,#966,#967));
#1836=EDGE_LOOP('',(#968,#969,#970,#971));
#1837=EDGE_LOOP('',(#972,#973,#974,#975,#976,#977));
#1838=EDGE_LOOP('',(#978,#979,#980,#981,#982,#983));
#1839=EDGE_LOOP('',(#984,#985,#986,#987));
#1840=EDGE_LOOP('',(#988,#989,#990,#991));
#1841=EDGE_LOOP('',(#992,#993,#994,#995,#996,#997));
#1842=EDGE_LOOP('',(#998,#999,#1000,#1001));
#1843=EDGE_LOOP('',(#1002,#1003,#1004,#1005,#1006,#1007));
#1844=EDGE_LOOP('',(#1008,#1009,#1010,#1011,#1012,#1013));
#1845=EDGE_LOOP('',(#1014,#1015,#1016,#1017));
#1846=EDGE_LOOP('',(#1018,#1019,#1020,#1021));
#1847=EDGE_LOOP('',(#1022,#1023,#1024,#1025,#1026,#1027));
#1848=EDGE_LOOP('',(#1028,#1029,#1030,#1031));
#1849=EDGE_LOOP('',(#1032,#1033,#1034,#1035));
#1850=EDGE_LOOP('',(#1036,#1037,#1038,#1039));
#1851=EDGE_LOOP('',(#1040,#1041,#1042,#1043));
#1852=EDGE_LOOP('',(#1044,#1045,#1046,#1047));
#1853=EDGE_LOOP('',(#1048));
#1854=EDGE_LOOP('',(#1049));
#1855=EDGE_LOOP('',(#1050));
#1856=EDGE_LOOP('',(#1051));
#1857=EDGE_LOOP('',(#1052));
#1858=EDGE_LOOP('',(#1053));
#1859=EDGE_LOOP('',(#1054));
#1860=EDGE_LOOP('',(#1055));
#1861=EDGE_LOOP('',(#1056));
#1862=EDGE_LOOP('',(#1057));
#1863=EDGE_LOOP('',(#1058));
#1864=EDGE_LOOP('',(#1059));
#1865=EDGE_LOOP('',(#1060,#1061,#1062,#1063,#1064,#1065,#1066));
#1866=EDGE_LOOP('',(#1067));
#1867=EDGE_LOOP('',(#1068,#1069,#1070,#1071,#1072,#1073,#1074,#1075));
#1868=EDGE_LOOP('',(#1076));
#1869=EDGE_LOOP('',(#1077));
#1870=EDGE_LOOP('',(#1078));
#1871=EDGE_LOOP('',(#1079));
#1872=EDGE_LOOP('',(#1080));
#1873=EDGE_LOOP('',(#1081,#1082,#1083,#1084));
#1874=EDGE_LOOP('',(#1085,#1086,#1087,#1088));
#1875=EDGE_LOOP('',(#1089,#1090,#1091,#1092));
#1876=EDGE_LOOP('',(#1093,#1094,#1095,#1096));
#1877=EDGE_LOOP('',(#1097,#1098,#1099,#1100));
#1878=EDGE_LOOP('',(#1101,#1102,#1103,#1104));
#1879=EDGE_LOOP('',(#1105,#1106,#1107,#1108));
#1880=EDGE_LOOP('',(#1109,#1110,#1111,#1112));
#1881=EDGE_LOOP('',(#1113));
#1882=EDGE_LOOP('',(#1114));
#1883=EDGE_LOOP('',(#1115));
#1884=EDGE_LOOP('',(#1116));
#1885=EDGE_LOOP('',(#1117));
#1886=EDGE_LOOP('',(#1118));
#1887=EDGE_LOOP('',(#1119));
#1888=EDGE_LOOP('',(#1120));
#1889=EDGE_LOOP('',(#1121));
#1890=EDGE_LOOP('',(#1122));
#1891=EDGE_LOOP('',(#1123));
#1892=EDGE_LOOP('',(#1124));
#1893=EDGE_LOOP('',(#1125));
#1894=EDGE_LOOP('',(#1126));
#1895=EDGE_LOOP('',(#1127));
#1896=EDGE_LOOP('',(#1128));
#1897=EDGE_LOOP('',(#1129,#1130,#1131,#1132));
#1898=EDGE_LOOP('',(#1133,#1134,#1135,#1136));
#1899=EDGE_LOOP('',(#1137,#1138,#1139,#1140));
#1900=EDGE_LOOP('',(#1141,#1142,#1143,#1144));
#1901=EDGE_LOOP('',(#1145,#1146,#1147,#1148));
#1902=EDGE_LOOP('',(#1149,#1150,#1151,#1152));
#1903=EDGE_LOOP('',(#1153,#1154,#1155,#1156));
#1904=EDGE_LOOP('',(#1157,#1158,#1159,#1160));
#1905=EDGE_LOOP('',(#1161,#1162,#1163,#1164));
#1906=EDGE_LOOP('',(#1165,#1166,#1167,#1168));
#1907=EDGE_LOOP('',(#1169,#1170,#1171,#1172));
#1908=EDGE_LOOP('',(#1173,#1174,#1175,#1176));
#1909=EDGE_LOOP('',(#1177,#1178,#1179,#1180));
#1910=EDGE_LOOP('',(#1181,#1182,#1183,#1184));
#1911=FACE_BOUND('',#1763,.T.);
#1912=FACE_BOUND('',#1764,.T.);
#1913=FACE_BOUND('',#1765,.T.);
#1914=FACE_BOUND('',#1766,.T.);
#1915=FACE_BOUND('',#1767,.T.);
#1916=FACE_BOUND('',#1768,.T.);
#1917=FACE_BOUND('',#1769,.T.);
#1918=FACE_BOUND('',#1770,.T.);
#1919=FACE_BOUND('',#1771,.T.);
#1920=FACE_BOUND('',#1772,.T.);
#1921=FACE_BOUND('',#1773,.T.);
#1922=FACE_BOUND('',#1774,.T.);
#1923=FACE_BOUND('',#1775,.T.);
#1924=FACE_BOUND('',#1776,.T.);
#1925=FACE_BOUND('',#1777,.T.);
#1926=FACE_BOUND('',#1778,.T.);
#1927=FACE_BOUND('',#1779,.T.);
#1928=FACE_BOUND('',#1780,.T.);
#1929=FACE_BOUND('',#1781,.T.);
#1930=FACE_BOUND('',#1782,.T.);
#1931=FACE_BOUND('',#1783,.T.);
#1932=FACE_BOUND('',#1784,.T.);
#1933=FACE_BOUND('',#1785,.T.);
#1934=FACE_BOUND('',#1786,.T.);
#1935=FACE_BOUND('',#1787,.T.);
#1936=FACE_BOUND('',#1788,.T.);
#1937=FACE_BOUND('',#1789,.T.);
#1938=FACE_BOUND('',#1790,.T.);
#1939=FACE_BOUND('',#1791,.T.);
#1940=FACE_BOUND('',#1792,.T.);
#1941=FACE_BOUND('',#1793,.T.);
#1942=FACE_BOUND('',#1794,.T.);
#1943=FACE_BOUND('',#1795,.T.);
#1944=FACE_BOUND('',#1796,.T.);
#1945=FACE_BOUND('',#1797,.T.);
#1946=FACE_BOUND('',#1798,.T.);
#1947=FACE_BOUND('',#1799,.T.);
#1948=FACE_BOUND('',#1800,.T.);
#1949=FACE_BOUND('',#1801,.T.);
#1950=FACE_BOUND('',#1802,.T.);
#1951=FACE_BOUND('',#1803,.T.);
#1952=FACE_BOUND('',#1804,.T.);
#1953=FACE_BOUND('',#1805,.T.);
#1954=FACE_BOUND('',#1806,.T.);
#1955=FACE_BOUND('',#1807,.T.);
#1956=FACE_BOUND('',#1808,.T.);
#1957=FACE_BOUND('',#1809,.T.);
#1958=FACE_BOUND('',#1810,.T.);
#1959=FACE_BOUND('',#1811,.T.);
#1960=FACE_BOUND('',#1812,.T.);
#1961=FACE_BOUND('',#1813,.T.);
#1962=FACE_BOUND('',#1814,.T.);
#1963=FACE_BOUND('',#1815,.T.);
#1964=FACE_BOUND('',#1816,.T.);
#1965=FACE_BOUND('',#1817,.T.);
#1966=FACE_BOUND('',#1818,.T.);
#1967=FACE_BOUND('',#1819,.T.);
#1968=FACE_BOUND('',#1820,.T.);
#1969=FACE_BOUND('',#1821,.T.);
#1970=FACE_BOUND('',#1822,.T.);
#1971=FACE_BOUND('',#1823,.T.);
#1972=FACE_BOUND('',#1824,.T.);
#1973=FACE_BOUND('',#1825,.T.);
#1974=FACE_BOUND('',#1826,.T.);
#1975=FACE_BOUND('',#1827,.T.);
#1976=FACE_BOUND('',#1828,.T.);
#1977=FACE_BOUND('',#1829,.T.);
#1978=FACE_BOUND('',#1830,.T.);
#1979=FACE_BOUND('',#1831,.T.);
#1980=FACE_BOUND('',#1832,.T.);
#1981=FACE_BOUND('',#1833,.T.);
#1982=FACE_BOUND('',#1834,.T.);
#1983=FACE_BOUND('',#1835,.T.);
#1984=FACE_BOUND('',#1836,.T.);
#1985=FACE_BOUND('',#1837,.T.);
#1986=FACE_BOUND('',#1838,.T.);
#1987=FACE_BOUND('',#1839,.T.);
#1988=FACE_BOUND('',#1840,.T.);
#1989=FACE_BOUND('',#1841,.T.);
#1990=FACE_BOUND('',#1842,.T.);
#1991=FACE_BOUND('',#1843,.T.);
#1992=FACE_BOUND('',#1844,.T.);
#1993=FACE_BOUND('',#1845,.T.);
#1994=FACE_BOUND('',#1846,.T.);
#1995=FACE_BOUND('',#1847,.T.);
#1996=FACE_BOUND('',#1848,.T.);
#1997=FACE_BOUND('',#1849,.T.);
#1998=FACE_BOUND('',#1850,.T.);
#1999=FACE_BOUND('',#1851,.T.);
#2000=FACE_BOUND('',#1852,.T.);
#2001=FACE_BOUND('',#1853,.T.);
#2002=FACE_BOUND('',#1854,.T.);
#2003=FACE_BOUND('',#1855,.T.);
#2004=FACE_BOUND('',#1856,.T.);
#2005=FACE_BOUND('',#1857,.T.);
#2006=FACE_BOUND('',#1858,.T.);
#2007=FACE_BOUND('',#1859,.T.);
#2008=FACE_BOUND('',#1860,.T.);
#2009=FACE_BOUND('',#1861,.T.);
#2010=FACE_BOUND('',#1862,.T.);
#2011=FACE_BOUND('',#1863,.T.);
#2012=FACE_BOUND('',#1864,.T.);
#2013=FACE_BOUND('',#1865,.T.);
#2014=FACE_BOUND('',#1866,.T.);
#2015=FACE_BOUND('',#1867,.T.);
#2016=FACE_BOUND('',#1868,.T.);
#2017=FACE_BOUND('',#1869,.T.);
#2018=FACE_BOUND('',#1870,.T.);
#2019=FACE_BOUND('',#1871,.T.);
#2020=FACE_BOUND('',#1872,.T.);
#2021=FACE_BOUND('',#1873,.T.);
#2022=FACE_BOUND('',#1874,.T.);
#2023=FACE_BOUND('',#1875,.T.);
#2024=FACE_BOUND('',#1876,.T.);
#2025=FACE_BOUND('',#1877,.T.);
#2026=FACE_BOUND('',#1878,.T.);
#2027=FACE_BOUND('',#1879,.T.);
#2028=FACE_BOUND('',#1880,.T.);
#2029=FACE_BOUND('',#1881,.T.);
#2030=FACE_BOUND('',#1882,.T.);
#2031=FACE_BOUND('',#1883,.T.);
#2032=FACE_BOUND('',#1884,.T.);
#2033=FACE_BOUND('',#1885,.T.);
#2034=FACE_BOUND('',#1886,.T.);
#2035=FACE_BOUND('',#1887,.T.);
#2036=FACE_BOUND('',#1888,.T.);
#2037=FACE_BOUND('',#1889,.T.);
#2038=FACE_BOUND('',#1890,.T.);
#2039=FACE_BOUND('',#1891,.T.);
#2040=FACE_BOUND('',#1892,.T.);
#2041=FACE_BOUND('',#1893,.T.);
#2042=FACE_BOUND('',#1894,.T.);
#2043=FACE_BOUND('',#1895,.T.);
#2044=FACE_BOUND('',#1896,.T.);
#2045=FACE_BOUND('',#1897,.T.);
#2046=FACE_BOUND('',#1898,.T.);
#2047=FACE_BOUND('',#1899,.T.);
#2048=FACE_BOUND('',#1900,.T.);
#2049=FACE_BOUND('',#1901,.T.);
#2050=FACE_BOUND('',#1902,.T.);
#2051=FACE_BOUND('',#1903,.T.);
#2052=FACE_BOUND('',#1904,.T.);
#2053=FACE_BOUND('',#1905,.T.);
#2054=FACE_BOUND('',#1906,.T.);
#2055=FACE_BOUND('',#1907,.T.);
#2056=FACE_BOUND('',#1908,.T.);
#2057=FACE_BOUND('',#1909,.T.);
#2058=FACE_BOUND('',#1910,.T.);
#2059=B_SPLINE_SURFACE_WITH_KNOTS('',5,1,((#2901,#2902),(#2903,#2904),(#2905,
#2906),(#2907,#2908),(#2909,#2910),(#2911,#2912),(#2913,#2914),(#2915,#2916)),
 .SURF_OF_LINEAR_EXTRUSION.,.F.,.F.,.F.,(6,2,6),(2,2),(0.,0.5,1.),(0.,1.),
 .UNSPECIFIED.);
#2060=B_SPLINE_SURFACE_WITH_KNOTS('',3,3,((#2943,#2944,#2945,#2946,#2947,
#2948,#2949,#2950,#2951,#2952,#2953,#2954,#2955,#2956,#2957,#2958,#2959),
(#2960,#2961,#2962,#2963,#2964,#2965,#2966,#2967,#2968,#2969,#2970,#2971,
#2972,#2973,#2974,#2975,#2976),(#2977,#2978,#2979,#2980,#2981,#2982,#2983,
#2984,#2985,#2986,#2987,#2988,#2989,#2990,#2991,#2992,#2993),(#2994,#2995,
#2996,#2997,#2998,#2999,#3000,#3001,#3002,#3003,#3004,#3005,#3006,#3007,
#3008,#3009,#3010),(#3011,#3012,#3013,#3014,#3015,#3016,#3017,#3018,#3019,
#3020,#3021,#3022,#3023,#3024,#3025,#3026,#3027),(#3028,#3029,#3030,#3031,
#3032,#3033,#3034,#3035,#3036,#3037,#3038,#3039,#3040,#3041,#3042,#3043,
#3044),(#3045,#3046,#3047,#3048,#3049,#3050,#3051,#3052,#3053,#3054,#3055,
#3056,#3057,#3058,#3059,#3060,#3061),(#3062,#3063,#3064,#3065,#3066,#3067,
#3068,#3069,#3070,#3071,#3072,#3073,#3074,#3075,#3076,#3077,#3078),(#3079,
#3080,#3081,#3082,#3083,#3084,#3085,#3086,#3087,#3088,#3089,#3090,#3091,
#3092,#3093,#3094,#3095),(#3096,#3097,#3098,#3099,#3100,#3101,#3102,#3103,
#3104,#3105,#3106,#3107,#3108,#3109,#3110,#3111,#3112),(#3113,#3114,#3115,
#3116,#3117,#3118,#3119,#3120,#3121,#3122,#3123,#3124,#3125,#3126,#3127,
#3128,#3129),(#3130,#3131,#3132,#3133,#3134,#3135,#3136,#3137,#3138,#3139,
#3140,#3141,#3142,#3143,#3144,#3145,#3146),(#3147,#3148,#3149,#3150,#3151,
#3152,#3153,#3154,#3155,#3156,#3157,#3158,#3159,#3160,#3161,#3162,#3163),
(#3164,#3165,#3166,#3167,#3168,#3169,#3170,#3171,#3172,#3173,#3174,#3175,
#3176,#3177,#3178,#3179,#3180),(#3181,#3182,#3183,#3184,#3185,#3186,#3187,
#3188,#3189,#3190,#3191,#3192,#3193,#3194,#3195,#3196,#3197),(#3198,#3199,
#3200,#3201,#3202,#3203,#3204,#3205,#3206,#3207,#3208,#3209,#3210,#3211,
#3212,#3213,#3214),(#3215,#3216,#3217,#3218,#3219,#3220,#3221,#3222,#3223,
#3224,#3225,#3226,#3227,#3228,#3229,#3230,#3231),(#3232,#3233,#3234,#3235,
#3236,#3237,#3238,#3239,#3240,#3241,#3242,#3243,#3244,#3245,#3246,#3247,
#3248)),.UNSPECIFIED.,.F.,.F.,.F.,(4,2,2,2,2,2,2,2,4),(4,1,2,2,1,1,1,2,
2,1,4),(0.,0.125,0.25,0.375,0.5,0.625,0.75,0.875,1.),(0.0106066017177933,
0.0108910078325723,0.0111754139473514,0.0117442261769094,0.0123130384064674,
0.0128818506360255,0.0134506628655835,0.0140194750951416,0.0145882873246996,
0.0148726934394786,0.0151570995542577),.UNSPECIFIED.);
#2061=B_SPLINE_SURFACE_WITH_KNOTS('',5,1,((#3277,#3278),(#3279,#3280),(#3281,
#3282),(#3283,#3284),(#3285,#3286),(#3287,#3288),(#3289,#3290),(#3291,#3292)),
 .SURF_OF_LINEAR_EXTRUSION.,.F.,.F.,.F.,(6,2,6),(2,2),(0.,0.5,1.),(0.,1.),
 .UNSPECIFIED.);
#2062=B_SPLINE_SURFACE_WITH_KNOTS('',5,1,((#3310,#3311),(#3312,#3313),(#3314,
#3315),(#3316,#3317),(#3318,#3319),(#3320,#3321),(#3322,#3323),(#3324,#3325)),
 .SURF_OF_LINEAR_EXTRUSION.,.F.,.F.,.F.,(6,2,6),(2,2),(0.,0.5,1.),(0.,1.),
 .UNSPECIFIED.);
#2063=B_SPLINE_SURFACE_WITH_KNOTS('',3,3,((#3343,#3344,#3345,#3346,#3347,
#3348,#3349,#3350,#3351,#3352,#3353,#3354,#3355,#3356,#3357,#3358,#3359),
(#3360,#3361,#3362,#3363,#3364,#3365,#3366,#3367,#3368,#3369,#3370,#3371,
#3372,#3373,#3374,#3375,#3376),(#3377,#3378,#3379,#3380,#3381,#3382,#3383,
#3384,#3385,#3386,#3387,#3388,#3389,#3390,#3391,#3392,#3393),(#3394,#3395,
#3396,#3397,#3398,#3399,#3400,#3401,#3402,#3403,#3404,#3405,#3406,#3407,
#3408,#3409,#3410),(#3411,#3412,#3413,#3414,#3415,#3416,#3417,#3418,#3419,
#3420,#3421,#3422,#3423,#3424,#3425,#3426,#3427),(#3428,#3429,#3430,#3431,
#3432,#3433,#3434,#3435,#3436,#3437,#3438,#3439,#3440,#3441,#3442,#3443,
#3444),(#3445,#3446,#3447,#3448,#3449,#3450,#3451,#3452,#3453,#3454,#3455,
#3456,#3457,#3458,#3459,#3460,#3461),(#3462,#3463,#3464,#3465,#3466,#3467,
#3468,#3469,#3470,#3471,#3472,#3473,#3474,#3475,#3476,#3477,#3478),(#3479,
#3480,#3481,#3482,#3483,#3484,#3485,#3486,#3487,#3488,#3489,#3490,#3491,
#3492,#3493,#3494,#3495),(#3496,#3497,#3498,#3499,#3500,#3501,#3502,#3503,
#3504,#3505,#3506,#3507,#3508,#3509,#3510,#3511,#3512),(#3513,#3514,#3515,
#3516,#3517,#3518,#3519,#3520,#3521,#3522,#3523,#3524,#3525,#3526,#3527,
#3528,#3529),(#3530,#3531,#3532,#3533,#3534,#3535,#3536,#3537,#3538,#3539,
#3540,#3541,#3542,#3543,#3544,#3545,#3546),(#3547,#3548,#3549,#3550,#3551,
#3552,#3553,#3554,#3555,#3556,#3557,#3558,#3559,#3560,#3561,#3562,#3563),
(#3564,#3565,#3566,#3567,#3568,#3569,#3570,#3571,#3572,#3573,#3574,#3575,
#3576,#3577,#3578,#3579,#3580),(#3581,#3582,#3583,#3584,#3585,#3586,#3587,
#3588,#3589,#3590,#3591,#3592,#3593,#3594,#3595,#3596,#3597),(#3598,#3599,
#3600,#3601,#3602,#3603,#3604,#3605,#3606,#3607,#3608,#3609,#3610,#3611,
#3612,#3613,#3614),(#3615,#3616,#3617,#3618,#3619,#3620,#3621,#3622,#3623,
#3624,#3625,#3626,#3627,#3628,#3629,#3630,#3631),(#3632,#3633,#3634,#3635,
#3636,#3637,#3638,#3639,#3640,#3641,#3642,#3643,#3644,#3645,#3646,#3647,
#3648)),.UNSPECIFIED.,.F.,.F.,.F.,(4,2,2,2,2,2,2,2,4),(4,1,2,2,1,1,1,2,
2,1,4),(0.,0.125,0.25,0.375,0.5,0.625,0.75,0.875,1.),(0.0106066017177972,
0.0108910078325763,0.0111754139473554,0.0117442261769135,0.0123130384064716,
0.0128818506360298,0.013450662865588,0.0140194750951461,0.0145882873247042,
0.0148726934394833,0.0151570995542624),.UNSPECIFIED.);
#2064=B_SPLINE_SURFACE_WITH_KNOTS('',5,1,((#3677,#3678),(#3679,#3680),(#3681,
#3682),(#3683,#3684),(#3685,#3686),(#3687,#3688),(#3689,#3690),(#3691,#3692)),
 .SURF_OF_LINEAR_EXTRUSION.,.F.,.F.,.F.,(6,2,6),(2,2),(0.,0.5,1.),(0.,1.),
 .UNSPECIFIED.);
#2065=B_SPLINE_SURFACE_WITH_KNOTS('',3,3,((#3710,#3711,#3712,#3713,#3714,
#3715,#3716,#3717,#3718,#3719,#3720,#3721,#3722,#3723,#3724,#3725,#3726),
(#3727,#3728,#3729,#3730,#3731,#3732,#3733,#3734,#3735,#3736,#3737,#3738,
#3739,#3740,#3741,#3742,#3743),(#3744,#3745,#3746,#3747,#3748,#3749,#3750,
#3751,#3752,#3753,#3754,#3755,#3756,#3757,#3758,#3759,#3760),(#3761,#3762,
#3763,#3764,#3765,#3766,#3767,#3768,#3769,#3770,#3771,#3772,#3773,#3774,
#3775,#3776,#3777),(#3778,#3779,#3780,#3781,#3782,#3783,#3784,#3785,#3786,
#3787,#3788,#3789,#3790,#3791,#3792,#3793,#3794),(#3795,#3796,#3797,#3798,
#3799,#3800,#3801,#3802,#3803,#3804,#3805,#3806,#3807,#3808,#3809,#3810,
#3811),(#3812,#3813,#3814,#3815,#3816,#3817,#3818,#3819,#3820,#3821,#3822,
#3823,#3824,#3825,#3826,#3827,#3828),(#3829,#3830,#3831,#3832,#3833,#3834,
#3835,#3836,#3837,#3838,#3839,#3840,#3841,#3842,#3843,#3844,#3845),(#3846,
#3847,#3848,#3849,#3850,#3851,#3852,#3853,#3854,#3855,#3856,#3857,#3858,
#3859,#3860,#3861,#3862),(#3863,#3864,#3865,#3866,#3867,#3868,#3869,#3870,
#3871,#3872,#3873,#3874,#3875,#3876,#3877,#3878,#3879),(#3880,#3881,#3882,
#3883,#3884,#3885,#3886,#3887,#3888,#3889,#3890,#3891,#3892,#3893,#3894,
#3895,#3896),(#3897,#3898,#3899,#3900,#3901,#3902,#3903,#3904,#3905,#3906,
#3907,#3908,#3909,#3910,#3911,#3912,#3913),(#3914,#3915,#3916,#3917,#3918,
#3919,#3920,#3921,#3922,#3923,#3924,#3925,#3926,#3927,#3928,#3929,#3930),
(#3931,#3932,#3933,#3934,#3935,#3936,#3937,#3938,#3939,#3940,#3941,#3942,
#3943,#3944,#3945,#3946,#3947),(#3948,#3949,#3950,#3951,#3952,#3953,#3954,
#3955,#3956,#3957,#3958,#3959,#3960,#3961,#3962,#3963,#3964),(#3965,#3966,
#3967,#3968,#3969,#3970,#3971,#3972,#3973,#3974,#3975,#3976,#3977,#3978,
#3979,#3980,#3981),(#3982,#3983,#3984,#3985,#3986,#3987,#3988,#3989,#3990,
#3991,#3992,#3993,#3994,#3995,#3996,#3997,#3998),(#3999,#4000,#4001,#4002,
#4003,#4004,#4005,#4006,#4007,#4008,#4009,#4010,#4011,#4012,#4013,#4014,
#4015)),.UNSPECIFIED.,.F.,.F.,.F.,(4,2,2,2,2,2,2,2,4),(4,1,2,2,1,1,1,2,
2,1,4),(0.,0.125,0.25,0.375,0.5,0.625,0.75,0.875,1.),(0.0106066017177967,
0.0108910078325757,0.0111754139473546,0.0117442261769125,0.0123130384064704,
0.0128818506360283,0.0134506628655862,0.0140194750951441,0.014588287324702,
0.014872693439481,0.0151570995542599),.UNSPECIFIED.);
#2066=B_SPLINE_SURFACE_WITH_KNOTS('',5,1,((#4035,#4036),(#4037,#4038),(#4039,
#4040),(#4041,#4042),(#4043,#4044),(#4045,#4046),(#4047,#4048),(#4049,#4050)),
 .SURF_OF_LINEAR_EXTRUSION.,.F.,.F.,.F.,(6,2,6),(2,2),(0.,0.5,1.),(0.,1.),
 .UNSPECIFIED.);
#2067=B_SPLINE_SURFACE_WITH_KNOTS('',5,1,((#4068,#4069),(#4070,#4071),(#4072,
#4073),(#4074,#4075),(#4076,#4077),(#4078,#4079),(#4080,#4081),(#4082,#4083)),
 .SURF_OF_LINEAR_EXTRUSION.,.F.,.F.,.F.,(6,2,6),(2,2),(0.,0.5,1.),(0.,1.),
 .UNSPECIFIED.);
#2068=B_SPLINE_SURFACE_WITH_KNOTS('',5,1,((#4101,#4102),(#4103,#4104),(#4105,
#4106),(#4107,#4108),(#4109,#4110),(#4111,#4112),(#4113,#4114),(#4115,#4116)),
 .SURF_OF_LINEAR_EXTRUSION.,.F.,.F.,.F.,(6,2,6),(2,2),(0.,0.5,1.),(0.,1.),
 .UNSPECIFIED.);
#2069=B_SPLINE_SURFACE_WITH_KNOTS('',3,3,((#4134,#4135,#4136,#4137,#4138,
#4139,#4140,#4141,#4142,#4143,#4144,#4145,#4146,#4147,#4148,#4149,#4150,
#4151,#4152),(#4153,#4154,#4155,#4156,#4157,#4158,#4159,#4160,#4161,#4162,
#4163,#4164,#4165,#4166,#4167,#4168,#4169,#4170,#4171),(#4172,#4173,#4174,
#4175,#4176,#4177,#4178,#4179,#4180,#4181,#4182,#4183,#4184,#4185,#4186,
#4187,#4188,#4189,#4190),(#4191,#4192,#4193,#4194,#4195,#4196,#4197,#4198,
#4199,#4200,#4201,#4202,#4203,#4204,#4205,#4206,#4207,#4208,#4209),(#4210,
#4211,#4212,#4213,#4214,#4215,#4216,#4217,#4218,#4219,#4220,#4221,#4222,
#4223,#4224,#4225,#4226,#4227,#4228),(#4229,#4230,#4231,#4232,#4233,#4234,
#4235,#4236,#4237,#4238,#4239,#4240,#4241,#4242,#4243,#4244,#4245,#4246,
#4247),(#4248,#4249,#4250,#4251,#4252,#4253,#4254,#4255,#4256,#4257,#4258,
#4259,#4260,#4261,#4262,#4263,#4264,#4265,#4266)),.UNSPECIFIED.,.F.,.T.,
 .F.,(4,1,1,1,4),(1,1,1,1,1,1,1,1,1,1,1,1,1,1,1,1,1,1,1,1,1,1,1),(0.,0.291660305484897,
0.499989095116965,0.708317884749035,0.999978190233931),(-1.17809724509617,
-0.785398163397448,-0.392699081698725,0.,0.392699081698724,0.785398163397448,
1.17809724509617,1.5707963267949,1.96349540849362,2.35619449019234,2.74889357189107,
3.14159265358979,3.53429173528852,3.92699081698724,4.31968989868597,4.71238898038469,
5.10508806208341,5.49778714378214,5.89048622548086,6.28318530717959,6.67588438887831,
7.06858347057703,7.46128255227576),.UNSPECIFIED.);
#2070=B_SPLINE_SURFACE_WITH_KNOTS('',5,1,((#4951,#4952),(#4953,#4954),(#4955,
#4956),(#4957,#4958),(#4959,#4960),(#4961,#4962),(#4963,#4964),(#4965,#4966)),
 .SURF_OF_LINEAR_EXTRUSION.,.F.,.F.,.F.,(6,2,6),(2,2),(0.,0.5,1.),(0.,1.),
 .UNSPECIFIED.);
#2071=B_SPLINE_SURFACE_WITH_KNOTS('',5,1,((#4974,#4975),(#4976,#4977),(#4978,
#4979),(#4980,#4981),(#4982,#4983),(#4984,#4985),(#4986,#4987),(#4988,#4989)),
 .SURF_OF_LINEAR_EXTRUSION.,.F.,.F.,.F.,(6,2,6),(2,2),(0.,0.5,1.),(0.,1.),
 .UNSPECIFIED.);
#2072=B_SPLINE_SURFACE_WITH_KNOTS('',5,1,((#5115,#5116),(#5117,#5118),(#5119,
#5120),(#5121,#5122),(#5123,#5124),(#5125,#5126),(#5127,#5128),(#5129,#5130)),
 .SURF_OF_LINEAR_EXTRUSION.,.F.,.F.,.F.,(6,2,6),(2,2),(0.,0.5,1.),(0.,1.),
 .UNSPECIFIED.);
#2073=B_SPLINE_SURFACE_WITH_KNOTS('',5,1,((#5138,#5139),(#5140,#5141),(#5142,
#5143),(#5144,#5145),(#5146,#5147),(#5148,#5149),(#5150,#5151),(#5152,#5153)),
 .SURF_OF_LINEAR_EXTRUSION.,.F.,.F.,.F.,(6,2,6),(2,2),(0.,0.5,1.),(0.,1.),
 .UNSPECIFIED.);
#2074=ADVANCED_FACE('',(#1911),#2059,.T.);
#2075=ADVANCED_FACE('',(#1912),#2060,.T.);
#2076=ADVANCED_FACE('',(#1913),#2061,.T.);
#2077=ADVANCED_FACE('',(#1914),#2062,.T.);
#2078=ADVANCED_FACE('',(#1915),#2063,.T.);
#2079=ADVANCED_FACE('',(#1916),#2064,.T.);
#2080=ADVANCED_FACE('',(#1917),#2065,.T.);
#2081=ADVANCED_FACE('',(#1918),#2066,.F.);
#2082=ADVANCED_FACE('',(#1919),#2067,.F.);
#2083=ADVANCED_FACE('',(#1920),#2068,.F.);
#2084=ADVANCED_FACE('',(#1921,#1922),#2069,.T.);
#2085=ADVANCED_FACE('',(#1923),#497,.T.);
#2086=ADVANCED_FACE('',(#1924),#83,.T.);
#2087=ADVANCED_FACE('',(#1925),#498,.F.);
#2088=ADVANCED_FACE('',(#1926),#84,.T.);
#2089=ADVANCED_FACE('',(#1927),#499,.F.);
#2090=ADVANCED_FACE('',(#1928),#500,.T.);
#2091=ADVANCED_FACE('',(#1929),#501,.F.);
#2092=ADVANCED_FACE('',(#1930),#85,.T.);
#2093=ADVANCED_FACE('',(#1931),#502,.T.);
#2094=ADVANCED_FACE('',(#1932),#86,.T.);
#2095=ADVANCED_FACE('',(#1933),#503,.F.);
#2096=ADVANCED_FACE('',(#1934),#504,.F.);
#2097=ADVANCED_FACE('',(#1935),#505,.T.);
#2098=ADVANCED_FACE('',(#1936),#506,.T.);
#2099=ADVANCED_FACE('',(#1937),#507,.F.);
#2100=ADVANCED_FACE('',(#1938),#508,.F.);
#2101=ADVANCED_FACE('',(#1939),#87,.T.);
#2102=ADVANCED_FACE('',(#1940),#88,.T.);
#2103=ADVANCED_FACE('',(#1941),#89,.T.);
#2104=ADVANCED_FACE('',(#1942),#90,.T.);
#2105=ADVANCED_FACE('',(#1943),#91,.F.);
#2106=ADVANCED_FACE('',(#1944),#509,.T.);
#2107=ADVANCED_FACE('',(#1945),#510,.T.);
#2108=ADVANCED_FACE('',(#1946),#92,.F.);
#2109=ADVANCED_FACE('',(#1947),#511,.T.);
#2110=ADVANCED_FACE('',(#1948),#93,.F.);
#2111=ADVANCED_FACE('',(#1949),#512,.F.);
#2112=ADVANCED_FACE('',(#1950),#94,.F.);
#2113=ADVANCED_FACE('',(#1951),#513,.F.);
#2114=ADVANCED_FACE('',(#1952),#514,.F.);
#2115=ADVANCED_FACE('',(#1953),#515,.T.);
#2116=ADVANCED_FACE('',(#1954),#516,.F.);
#2117=ADVANCED_FACE('',(#1955),#517,.F.);
#2118=ADVANCED_FACE('',(#1956),#518,.F.);
#2119=ADVANCED_FACE('',(#1957),#519,.T.);
#2120=ADVANCED_FACE('',(#1958),#520,.F.);
#2121=ADVANCED_FACE('',(#1959,#1960,#1961,#1962,#1963,#1964,#1965,#1966),
#521,.F.);
#2122=ADVANCED_FACE('',(#1967),#522,.T.);
#2123=ADVANCED_FACE('',(#1968),#523,.F.);
#2124=ADVANCED_FACE('',(#1969),#524,.F.);
#2125=ADVANCED_FACE('',(#1970),#525,.F.);
#2126=ADVANCED_FACE('',(#1971),#526,.T.);
#2127=ADVANCED_FACE('',(#1972),#527,.F.);
#2128=ADVANCED_FACE('',(#1973),#528,.T.);
#2129=ADVANCED_FACE('',(#1974),#529,.F.);
#2130=ADVANCED_FACE('',(#1975),#530,.F.);
#2131=ADVANCED_FACE('',(#1976),#531,.F.);
#2132=ADVANCED_FACE('',(#1977),#532,.T.);
#2133=ADVANCED_FACE('',(#1978),#533,.F.);
#2134=ADVANCED_FACE('',(#1979),#534,.T.);
#2135=ADVANCED_FACE('',(#1980),#535,.F.);
#2136=ADVANCED_FACE('',(#1981),#536,.F.);
#2137=ADVANCED_FACE('',(#1982),#537,.F.);
#2138=ADVANCED_FACE('',(#1983),#538,.T.);
#2139=ADVANCED_FACE('',(#1984),#539,.F.);
#2140=ADVANCED_FACE('',(#1985),#540,.T.);
#2141=ADVANCED_FACE('',(#1986),#541,.F.);
#2142=ADVANCED_FACE('',(#1987),#542,.F.);
#2143=ADVANCED_FACE('',(#1988),#543,.F.);
#2144=ADVANCED_FACE('',(#1989),#544,.T.);
#2145=ADVANCED_FACE('',(#1990),#545,.F.);
#2146=ADVANCED_FACE('',(#1991),#546,.T.);
#2147=ADVANCED_FACE('',(#1992),#547,.F.);
#2148=ADVANCED_FACE('',(#1993),#548,.F.);
#2149=ADVANCED_FACE('',(#1994),#549,.F.);
#2150=ADVANCED_FACE('',(#1995),#550,.T.);
#2151=ADVANCED_FACE('',(#1996),#551,.F.);
#2152=ADVANCED_FACE('',(#1997),#552,.T.);
#2153=ADVANCED_FACE('',(#1998),#553,.F.);
#2154=ADVANCED_FACE('',(#1999),#554,.F.);
#2155=ADVANCED_FACE('',(#2000),#555,.T.);
#2156=ADVANCED_FACE('',(#2001,#2002),#95,.F.);
#2157=ADVANCED_FACE('',(#2003,#2004),#96,.F.);
#2158=ADVANCED_FACE('',(#2005,#2006),#97,.F.);
#2159=ADVANCED_FACE('',(#2007,#2008),#98,.F.);
#2160=ADVANCED_FACE('',(#2009,#2010),#99,.F.);
#2161=ADVANCED_FACE('',(#2011,#2012),#100,.F.);
#2162=ADVANCED_FACE('',(#2013,#2014,#2015,#2016,#2017,#2018,#2019,#2020),
#556,.T.);
#2163=ADVANCED_FACE('',(#2021),#12,.T.);
#2164=ADVANCED_FACE('',(#2022),#2070,.T.);
#2165=ADVANCED_FACE('',(#2023),#2071,.T.);
#2166=ADVANCED_FACE('',(#2024),#13,.T.);
#2167=ADVANCED_FACE('',(#2025),#14,.T.);
#2168=ADVANCED_FACE('',(#2026),#2072,.T.);
#2169=ADVANCED_FACE('',(#2027),#2073,.T.);
#2170=ADVANCED_FACE('',(#2028),#15,.T.);
#2171=ADVANCED_FACE('',(#2029,#2030),#101,.F.);
#2172=ADVANCED_FACE('',(#2031,#2032),#557,.T.);
#2173=ADVANCED_FACE('',(#2033,#2034),#102,.F.);
#2174=ADVANCED_FACE('',(#2035,#2036),#558,.T.);
#2175=ADVANCED_FACE('',(#2037,#2038),#103,.F.);
#2176=ADVANCED_FACE('',(#2039,#2040),#559,.T.);
#2177=ADVANCED_FACE('',(#2041,#2042),#104,.F.);
#2178=ADVANCED_FACE('',(#2043,#2044),#560,.T.);
#2179=ADVANCED_FACE('',(#2045),#105,.F.);
#2180=ADVANCED_FACE('',(#2046),#106,.F.);
#2181=ADVANCED_FACE('',(#2047),#107,.F.);
#2182=ADVANCED_FACE('',(#2048),#108,.F.);
#2183=ADVANCED_FACE('',(#2049),#109,.F.);
#2184=ADVANCED_FACE('',(#2050),#110,.F.);
#2185=ADVANCED_FACE('',(#2051),#111,.F.);
#2186=ADVANCED_FACE('',(#2052),#112,.F.);
#2187=ADVANCED_FACE('',(#2053),#113,.F.);
#2188=ADVANCED_FACE('',(#2054),#114,.F.);
#2189=ADVANCED_FACE('',(#2055),#115,.F.);
#2190=ADVANCED_FACE('',(#2056),#116,.F.);
#2191=ADVANCED_FACE('',(#2057),#117,.F.);
#2192=ADVANCED_FACE('',(#2058),#118,.F.);
#2193=CLOSED_SHELL('',(#2074,#2075,#2076,#2077,#2078,#2079,#2080,#2081,
#2082,#2083,#2084,#2085,#2086,#2087,#2088,#2089,#2090,#2091,#2092,#2093,
#2094,#2095,#2096,#2097,#2098,#2099,#2100,#2101,#2102,#2103,#2104,#2105,
#2106,#2107,#2108,#2109,#2110,#2111,#2112,#2113,#2114,#2115,#2116,#2117,
#2118,#2119,#2120,#2121,#2122,#2123,#2124,#2125,#2126,#2127,#2128,#2129,
#2130,#2131,#2132,#2133,#2134,#2135,#2136,#2137,#2138,#2139,#2140,#2141,
#2142,#2143,#2144,#2145,#2146,#2147,#2148,#2149,#2150,#2151,#2152,#2153,
#2154,#2155,#2156,#2157,#2158,#2159,#2160,#2161,#2162,#2163,#2164,#2165,
#2166,#2167,#2168,#2169,#2170,#2171,#2172,#2173,#2174,#2175,#2176,#2177,
#2178,#2179,#2180,#2181,#2182,#2183,#2184,#2185,#2186,#2187,#2188,#2189,
#2190,#2191,#2192));
#2194=STYLED_ITEM('',(#2195),#2204);
#2195=PRESENTATION_STYLE_ASSIGNMENT((#2196));
#2196=SURFACE_STYLE_USAGE(.BOTH.,#2197);
#2197=SURFACE_SIDE_STYLE('',(#2200,#2198));
#2198=SURFACE_STYLE_RENDERING_WITH_PROPERTIES(.CONSTANT_SHADING.,#2203,
(#2199));
#2199=SURFACE_STYLE_TRANSPARENT(0.670588235294118);
#2200=SURFACE_STYLE_FILL_AREA(#2201);
#2201=FILL_AREA_STYLE('',(#2202));
#2202=FILL_AREA_STYLE_COLOUR('',#2203);
#2203=COLOUR_RGB('',0.917647058823529,0.917647058823529,0.917647058823529);
#2204=MANIFOLD_SOLID_BREP('Top Case',#2193);
#2205=SHAPE_DEFINITION_REPRESENTATION(#5249,#2206);
#2206=SHAPE_REPRESENTATION('Top Case',(#2207),#5244);
#2207=AXIS2_PLACEMENT_3D('',#2900,#2375,#2376);
#2208=AXIS2_PLACEMENT_3D('',#4299,#2377,#2378);
#2209=AXIS2_PLACEMENT_3D('',#4311,#2382,#2383);
#2210=AXIS2_PLACEMENT_3D('',#4320,#2385,#2386);
#2211=AXIS2_PLACEMENT_3D('',#4321,#2387,#2388);
#2212=AXIS2_PLACEMENT_3D('',#4330,#2391,#2392);
#2213=AXIS2_PLACEMENT_3D('',#4339,#2394,#2395);
#2214=AXIS2_PLACEMENT_3D('',#4340,#2396,#2397);
#2215=AXIS2_PLACEMENT_3D('',#4353,#2404,#2405);
#2216=AXIS2_PLACEMENT_3D('',#4366,#2412,#2413);
#2217=AXIS2_PLACEMENT_3D('',#4375,#2416,#2417);
#2218=AXIS2_PLACEMENT_3D('',#4379,#2419,#2420);
#2219=AXIS2_PLACEMENT_3D('',#4387,#2424,#2425);
#2220=AXIS2_PLACEMENT_3D('',#4391,#2427,#2428);
#2221=AXIS2_PLACEMENT_3D('',#4399,#2432,#2433);
#2222=AXIS2_PLACEMENT_3D('',#4403,#2435,#2436);
#2223=AXIS2_PLACEMENT_3D('',#4411,#2440,#2441);
#2224=AXIS2_PLACEMENT_3D('',#4415,#2443,#2444);
#2225=AXIS2_PLACEMENT_3D('',#4423,#2448,#2449);
#2226=AXIS2_PLACEMENT_3D('',#4427,#2451,#2452);
#2227=AXIS2_PLACEMENT_3D('',#4435,#2456,#2457);
#2228=AXIS2_PLACEMENT_3D('',#4439,#2459,#2460);
#2229=AXIS2_PLACEMENT_3D('',#4447,#2464,#2465);
#2230=AXIS2_PLACEMENT_3D('',#4451,#2467,#2468);
#2231=AXIS2_PLACEMENT_3D('',#4453,#2470,#2471);
#2232=AXIS2_PLACEMENT_3D('',#4462,#2473,#2474);
#2233=AXIS2_PLACEMENT_3D('',#4463,#2475,#2476);
#2234=AXIS2_PLACEMENT_3D('',#4472,#2479,#2480);
#2235=AXIS2_PLACEMENT_3D('',#4478,#2481,#2482);
#2236=AXIS2_PLACEMENT_3D('',#4479,#2483,#2484);
#2237=AXIS2_PLACEMENT_3D('',#4482,#2486,#2487);
#2238=AXIS2_PLACEMENT_3D('',#4486,#2489,#2490);
#2239=AXIS2_PLACEMENT_3D('',#4490,#2492,#2493);
#2240=AXIS2_PLACEMENT_3D('',#4494,#2495,#2496);
#2241=AXIS2_PLACEMENT_3D('',#4497,#2498,#2499);
#2242=AXIS2_PLACEMENT_3D('',#4501,#2502,#2503);
#2243=AXIS2_PLACEMENT_3D('',#4507,#2507,#2508);
#2244=AXIS2_PLACEMENT_3D('',#4513,#2512,#2513);
#2245=AXIS2_PLACEMENT_3D('',#4519,#2517,#2518);
#2246=AXIS2_PLACEMENT_3D('',#4523,#2521,#2522);
#2247=AXIS2_PLACEMENT_3D('',#4524,#2523,#2524);
#2248=AXIS2_PLACEMENT_3D('',#4525,#2525,#2526);
#2249=AXIS2_PLACEMENT_3D('',#4526,#2527,#2528);
#2250=AXIS2_PLACEMENT_3D('',#4527,#2529,#2530);
#2251=AXIS2_PLACEMENT_3D('',#4528,#2531,#2532);
#2252=AXIS2_PLACEMENT_3D('',#4529,#2533,#2534);
#2253=AXIS2_PLACEMENT_3D('',#4530,#2535,#2536);
#2254=AXIS2_PLACEMENT_3D('',#4531,#2537,#2538);
#2255=AXIS2_PLACEMENT_3D('',#4532,#2539,#2540);
#2256=AXIS2_PLACEMENT_3D('',#4537,#2542,#2543);
#2257=AXIS2_PLACEMENT_3D('',#4540,#2545,#2546);
#2258=AXIS2_PLACEMENT_3D('',#4544,#2549,#2550);
#2259=AXIS2_PLACEMENT_3D('',#4545,#2551,#2552);
#2260=AXIS2_PLACEMENT_3D('',#4549,#2554,#2555);
#2261=AXIS2_PLACEMENT_3D('',#4553,#2558,#2559);
#2262=AXIS2_PLACEMENT_3D('',#4554,#2560,#2561);
#2263=AXIS2_PLACEMENT_3D('',#4556,#2562,#2563);
#2264=AXIS2_PLACEMENT_3D('',#4559,#2565,#2566);
#2265=AXIS2_PLACEMENT_3D('',#4565,#2570,#2571);
#2266=AXIS2_PLACEMENT_3D('',#4566,#2572,#2573);
#2267=AXIS2_PLACEMENT_3D('',#4568,#2574,#2575);
#2268=AXIS2_PLACEMENT_3D('',#4571,#2577,#2578);
#2269=AXIS2_PLACEMENT_3D('',#4577,#2582,#2583);
#2270=AXIS2_PLACEMENT_3D('',#4578,#2584,#2585);
#2271=AXIS2_PLACEMENT_3D('',#4580,#2586,#2587);
#2272=AXIS2_PLACEMENT_3D('',#4583,#2589,#2590);
#2273=AXIS2_PLACEMENT_3D('',#4586,#2593,#2594);
#2274=AXIS2_PLACEMENT_3D('',#4587,#2595,#2596);
#2275=AXIS2_PLACEMENT_3D('',#4597,#2602,#2603);
#2276=AXIS2_PLACEMENT_3D('',#4607,#2609,#2610);
#2277=AXIS2_PLACEMENT_3D('',#4609,#2612,#2613);
#2278=AXIS2_PLACEMENT_3D('',#4611,#2615,#2616);
#2279=AXIS2_PLACEMENT_3D('',#4615,#2618,#2619);
#2280=AXIS2_PLACEMENT_3D('',#4617,#2621,#2622);
#2281=AXIS2_PLACEMENT_3D('',#4618,#2623,#2624);
#2282=AXIS2_PLACEMENT_3D('',#4619,#2625,#2626);
#2283=AXIS2_PLACEMENT_3D('',#4654,#2650,#2651);
#2284=AXIS2_PLACEMENT_3D('',#4656,#2652,#2653);
#2285=AXIS2_PLACEMENT_3D('',#4658,#2654,#2655);
#2286=AXIS2_PLACEMENT_3D('',#4660,#2656,#2657);
#2287=AXIS2_PLACEMENT_3D('',#4662,#2658,#2659);
#2288=AXIS2_PLACEMENT_3D('',#4664,#2660,#2661);
#2289=AXIS2_PLACEMENT_3D('',#4666,#2662,#2663);
#2290=AXIS2_PLACEMENT_3D('',#4676,#2669,#2670);
#2291=AXIS2_PLACEMENT_3D('',#4686,#2676,#2677);
#2292=AXIS2_PLACEMENT_3D('',#4688,#2679,#2680);
#2293=AXIS2_PLACEMENT_3D('',#4690,#2682,#2683);
#2294=AXIS2_PLACEMENT_3D('',#4691,#2684,#2685);
#2295=AXIS2_PLACEMENT_3D('',#4693,#2687,#2688);
#2296=AXIS2_PLACEMENT_3D('',#4694,#2689,#2690);
#2297=AXIS2_PLACEMENT_3D('',#4695,#2691,#2692);
#2298=AXIS2_PLACEMENT_3D('',#4705,#2698,#2699);
#2299=AXIS2_PLACEMENT_3D('',#4715,#2705,#2706);
#2300=AXIS2_PLACEMENT_3D('',#4717,#2708,#2709);
#2301=AXIS2_PLACEMENT_3D('',#4719,#2711,#2712);
#2302=AXIS2_PLACEMENT_3D('',#4720,#2713,#2714);
#2303=AXIS2_PLACEMENT_3D('',#4722,#2716,#2717);
#2304=AXIS2_PLACEMENT_3D('',#4723,#2718,#2719);
#2305=AXIS2_PLACEMENT_3D('',#4724,#2720,#2721);
#2306=AXIS2_PLACEMENT_3D('',#4734,#2727,#2728);
#2307=AXIS2_PLACEMENT_3D('',#4744,#2734,#2735);
#2308=AXIS2_PLACEMENT_3D('',#4746,#2737,#2738);
#2309=AXIS2_PLACEMENT_3D('',#4748,#2740,#2741);
#2310=AXIS2_PLACEMENT_3D('',#4749,#2742,#2743);
#2311=AXIS2_PLACEMENT_3D('',#4751,#2745,#2746);
#2312=AXIS2_PLACEMENT_3D('',#4752,#2747,#2748);
#2313=AXIS2_PLACEMENT_3D('',#4753,#2749,#2750);
#2314=AXIS2_PLACEMENT_3D('',#4763,#2756,#2757);
#2315=AXIS2_PLACEMENT_3D('',#4773,#2763,#2764);
#2316=AXIS2_PLACEMENT_3D('',#4775,#2766,#2767);
#2317=AXIS2_PLACEMENT_3D('',#4777,#2769,#2770);
#2318=AXIS2_PLACEMENT_3D('',#4778,#2771,#2772);
#2319=AXIS2_PLACEMENT_3D('',#4780,#2774,#2775);
#2320=AXIS2_PLACEMENT_3D('',#4781,#2776,#2777);
#2321=AXIS2_PLACEMENT_3D('',#4782,#2778,#2779);
#2322=AXIS2_PLACEMENT_3D('',#4792,#2785,#2786);
#2323=AXIS2_PLACEMENT_3D('',#4802,#2792,#2793);
#2324=AXIS2_PLACEMENT_3D('',#4804,#2795,#2796);
#2325=AXIS2_PLACEMENT_3D('',#4806,#2798,#2799);
#2326=AXIS2_PLACEMENT_3D('',#4807,#2800,#2801);
#2327=AXIS2_PLACEMENT_3D('',#4809,#2803,#2804);
#2328=AXIS2_PLACEMENT_3D('',#4810,#2805,#2806);
#2329=AXIS2_PLACEMENT_3D('',#4811,#2807,#2808);
#2330=AXIS2_PLACEMENT_3D('',#4813,#2810,#2811);
#2331=AXIS2_PLACEMENT_3D('',#4814,#2812,#2813);
#2332=AXIS2_PLACEMENT_3D('',#4815,#2814,#2815);
#2333=AXIS2_PLACEMENT_3D('',#4816,#2816,#2817);
#2334=AXIS2_PLACEMENT_3D('',#4817,#2818,#2819);
#2335=AXIS2_PLACEMENT_3D('',#4819,#2820,#2821);
#2336=AXIS2_PLACEMENT_3D('',#4820,#2822,#2823);
#2337=AXIS2_PLACEMENT_3D('',#4821,#2824,#2825);
#2338=AXIS2_PLACEMENT_3D('',#4823,#2826,#2827);
#2339=AXIS2_PLACEMENT_3D('',#4825,#2828,#2829);
#2340=AXIS2_PLACEMENT_3D('',#4826,#2830,#2831);
#2341=AXIS2_PLACEMENT_3D('',#4828,#2832,#2833);
#2342=AXIS2_PLACEMENT_3D('',#4830,#2834,#2835);
#2343=AXIS2_PLACEMENT_3D('',#4831,#2836,#2837);
#2344=AXIS2_PLACEMENT_3D('',#4833,#2838,#2839);
#2345=AXIS2_PLACEMENT_3D('',#4835,#2840,#2841);
#2346=AXIS2_PLACEMENT_3D('',#4836,#2842,#2843);
#2347=AXIS2_PLACEMENT_3D('',#4838,#2844,#2845);
#2348=AXIS2_PLACEMENT_3D('',#4840,#2846,#2847);
#2349=AXIS2_PLACEMENT_3D('',#5213,#2848,#2849);
#2350=AXIS2_PLACEMENT_3D('',#5214,#2850,#2851);
#2351=AXIS2_PLACEMENT_3D('',#5216,#2852,#2853);
#2352=AXIS2_PLACEMENT_3D('',#5217,#2854,#2855);
#2353=AXIS2_PLACEMENT_3D('',#5218,#2856,#2857);
#2354=AXIS2_PLACEMENT_3D('',#5220,#2858,#2859);
#2355=AXIS2_PLACEMENT_3D('',#5221,#2860,#2861);
#2356=AXIS2_PLACEMENT_3D('',#5222,#2862,#2863);
#2357=AXIS2_PLACEMENT_3D('',#5224,#2864,#2865);
#2358=AXIS2_PLACEMENT_3D('',#5225,#2866,#2867);
#2359=AXIS2_PLACEMENT_3D('',#5226,#2868,#2869);
#2360=AXIS2_PLACEMENT_3D('',#5228,#2870,#2871);
#2361=AXIS2_PLACEMENT_3D('',#5229,#2872,#2873);
#2362=AXIS2_PLACEMENT_3D('',#5230,#2874,#2875);
#2363=AXIS2_PLACEMENT_3D('',#5231,#2876,#2877);
#2364=AXIS2_PLACEMENT_3D('',#5232,#2878,#2879);
#2365=AXIS2_PLACEMENT_3D('',#5233,#2880,#2881);
#2366=AXIS2_PLACEMENT_3D('',#5234,#2882,#2883);
#2367=AXIS2_PLACEMENT_3D('',#5235,#2884,#2885);
#2368=AXIS2_PLACEMENT_3D('',#5236,#2886,#2887);
#2369=AXIS2_PLACEMENT_3D('',#5237,#2888,#2889);
#2370=AXIS2_PLACEMENT_3D('',#5238,#2890,#2891);
#2371=AXIS2_PLACEMENT_3D('',#5239,#2892,#2893);
#2372=AXIS2_PLACEMENT_3D('',#5240,#2894,#2895);
#2373=AXIS2_PLACEMENT_3D('',#5241,#2896,#2897);
#2374=AXIS2_PLACEMENT_3D('',#5242,#2898,#2899);
#2375=DIRECTION('',(0.,0.,1.));
#2376=DIRECTION('',(1.,0.,0.));
#2377=DIRECTION('',(2.29384922443214E-16,-1.,0.));
#2378=DIRECTION('',(1.,2.29384922443214E-16,0.));
#2379=DIRECTION('',(0.,0.,1.));
#2380=DIRECTION('',(0.,0.,1.));
#2381=DIRECTION('',(1.,2.29384922443214E-16,0.));
#2382=DIRECTION('',(0.,0.,1.));
#2383=DIRECTION('',(1.,0.,0.));
#2384=DIRECTION('',(0.,0.,1.));
#2385=DIRECTION('',(0.,0.,1.));
#2386=DIRECTION('',(1.,0.,0.));
#2387=DIRECTION('',(-1.,-2.89120579329468E-16,0.));
#2388=DIRECTION('',(2.89120579329468E-16,-1.,0.));
#2389=DIRECTION('',(0.,0.,1.));
#2390=DIRECTION('',(2.89120579329468E-16,-1.,0.));
#2391=DIRECTION('',(0.,0.,1.));
#2392=DIRECTION('',(1.,0.,0.));
#2393=DIRECTION('',(0.,0.,1.));
#2394=DIRECTION('',(0.,0.,1.));
#2395=DIRECTION('',(1.,0.,0.));
#2396=DIRECTION('',(1.,0.,0.));
#2397=DIRECTION('',(0.,0.,-1.));
#2398=DIRECTION('',(0.,0.,1.));
#2399=DIRECTION('',(0.,1.,0.));
#2400=DIRECTION('',(0.,0.,1.));
#2401=DIRECTION('',(0.,1.,0.));
#2402=DIRECTION('',(0.,0.,1.));
#2403=DIRECTION('',(0.,-1.,0.));
#2404=DIRECTION('',(1.,2.06514699521049E-16,0.));
#2405=DIRECTION('',(-2.06514699521049E-16,1.,0.));
#2406=DIRECTION('',(0.,0.,1.));
#2407=DIRECTION('',(-2.06514699521049E-16,1.,0.));
#2408=DIRECTION('',(0.,0.,1.));
#2409=DIRECTION('',(0.,-1.,0.));
#2410=DIRECTION('',(0.,0.,1.));
#2411=DIRECTION('',(-2.06514699521049E-16,1.,0.));
#2412=DIRECTION('',(7.32457875391824E-16,-1.,0.));
#2413=DIRECTION('',(1.,7.32457875391824E-16,0.));
#2414=DIRECTION('',(0.,0.,1.));
#2415=DIRECTION('',(1.,4.60291469579252E-16,0.));
#2416=DIRECTION('',(7.32457875391824E-16,-1.,0.));
#2417=DIRECTION('',(1.,7.32457875391824E-16,0.));
#2418=DIRECTION('',(1.,7.32457875391824E-16,0.));
#2419=DIRECTION('',(7.32457875391824E-16,-1.,0.));
#2420=DIRECTION('',(1.,7.32457875391824E-16,0.));
#2421=DIRECTION('',(0.,0.,1.));
#2422=DIRECTION('',(1.,0.,0.));
#2423=DIRECTION('',(0.,0.,1.));
#2424=DIRECTION('',(7.32457875391824E-16,-1.,0.));
#2425=DIRECTION('',(1.,7.32457875391824E-16,0.));
#2426=DIRECTION('',(1.,7.32457875391824E-16,0.));
#2427=DIRECTION('',(7.32457875391824E-16,-1.,0.));
#2428=DIRECTION('',(1.,7.32457875391824E-16,0.));
#2429=DIRECTION('',(0.,0.,1.));
#2430=DIRECTION('',(1.,1.70824566812093E-15,0.));
#2431=DIRECTION('',(0.,0.,1.));
#2432=DIRECTION('',(7.32457875391824E-16,-1.,0.));
#2433=DIRECTION('',(1.,7.32457875391824E-16,0.));
#2434=DIRECTION('',(1.,7.32457875391824E-16,0.));
#2435=DIRECTION('',(7.32457875391824E-16,-1.,0.));
#2436=DIRECTION('',(1.,7.32457875391824E-16,0.));
#2437=DIRECTION('',(0.,0.,1.));
#2438=DIRECTION('',(1.,0.,0.));
#2439=DIRECTION('',(0.,0.,1.));
#2440=DIRECTION('',(7.32457875391824E-16,-1.,0.));
#2441=DIRECTION('',(1.,7.32457875391824E-16,0.));
#2442=DIRECTION('',(1.,7.32457875391824E-16,0.));
#2443=DIRECTION('',(7.32457875391824E-16,-1.,0.));
#2444=DIRECTION('',(1.,7.32457875391824E-16,0.));
#2445=DIRECTION('',(0.,0.,1.));
#2446=DIRECTION('',(1.,0.,0.));
#2447=DIRECTION('',(0.,0.,1.));
#2448=DIRECTION('',(7.32457875391824E-16,-1.,0.));
#2449=DIRECTION('',(1.,7.32457875391824E-16,0.));
#2450=DIRECTION('',(1.,7.32457875391824E-16,0.));
#2451=DIRECTION('',(7.32457875391824E-16,-1.,0.));
#2452=DIRECTION('',(1.,7.32457875391824E-16,0.));
#2453=DIRECTION('',(0.,0.,1.));
#2454=DIRECTION('',(1.,0.,0.));
#2455=DIRECTION('',(0.,0.,1.));
#2456=DIRECTION('',(7.32457875391824E-16,-1.,0.));
#2457=DIRECTION('',(1.,7.32457875391824E-16,0.));
#2458=DIRECTION('',(1.,7.32457875391824E-16,0.));
#2459=DIRECTION('',(7.32457875391824E-16,-1.,0.));
#2460=DIRECTION('',(1.,7.32457875391824E-16,0.));
#2461=DIRECTION('',(0.,0.,1.));
#2462=DIRECTION('',(1.,0.,0.));
#2463=DIRECTION('',(0.,0.,1.));
#2464=DIRECTION('',(7.32457875391824E-16,-1.,0.));
#2465=DIRECTION('',(1.,7.32457875391824E-16,0.));
#2466=DIRECTION('',(1.,7.32457875391824E-16,0.));
#2467=DIRECTION('',(7.32457875391824E-16,-1.,0.));
#2468=DIRECTION('',(1.,7.32457875391824E-16,0.));
#2469=DIRECTION('',(1.,7.32457875391824E-16,0.));
#2470=DIRECTION('',(0.,0.,1.));
#2471=DIRECTION('',(1.,0.,0.));
#2472=DIRECTION('',(0.,0.,1.));
#2473=DIRECTION('',(0.,0.,1.));
#2474=DIRECTION('',(1.,0.,0.));
#2475=DIRECTION('',(-1.,0.,0.));
#2476=DIRECTION('',(0.,0.,1.));
#2477=DIRECTION('',(0.,0.,1.));
#2478=DIRECTION('',(0.,-1.,0.));
#2479=DIRECTION('',(0.,0.,1.));
#2480=DIRECTION('',(1.,0.,0.));
#2481=DIRECTION('',(0.,0.,1.));
#2482=DIRECTION('',(1.,0.,0.));
#2483=DIRECTION('',(0.,0.,1.));
#2484=DIRECTION('',(1.,0.,0.));
#2485=DIRECTION('',(1.,7.43245539498013E-16,0.));
#2486=DIRECTION('',(0.,0.,1.));
#2487=DIRECTION('',(1.,0.,0.));
#2488=DIRECTION('',(8.21170876202039E-16,-1.,0.));
#2489=DIRECTION('',(0.,0.,1.));
#2490=DIRECTION('',(1.,0.,0.));
#2491=DIRECTION('',(1.,7.52340456637147E-16,0.));
#2492=DIRECTION('',(0.,0.,1.));
#2493=DIRECTION('',(1.,0.,0.));
#2494=DIRECTION('',(6.06016934839059E-16,-1.,0.));
#2495=DIRECTION('',(0.,0.,1.));
#2496=DIRECTION('',(1.,0.,0.));
#2497=DIRECTION('',(1.,6.90437204368878E-16,0.));
#2498=DIRECTION('',(0.,-1.,0.));
#2499=DIRECTION('',(0.,0.,-1.));
#2500=DIRECTION('',(0.,0.,1.));
#2501=DIRECTION('',(1.,0.,0.));
#2502=DIRECTION('',(-1.,-7.3427448718595E-16,0.));
#2503=DIRECTION('',(7.3427448718595E-16,-1.,0.));
#2504=DIRECTION('',(0.,0.,1.));
#2505=DIRECTION('',(7.3427448718595E-16,-1.,0.));
#2506=DIRECTION('',(0.,0.,1.));
#2507=DIRECTION('',(7.52340456637147E-16,-1.,0.));
#2508=DIRECTION('',(1.,7.52340456637147E-16,0.));
#2509=DIRECTION('',(0.,0.,1.));
#2510=DIRECTION('',(1.,7.52340456637147E-16,0.));
#2511=DIRECTION('',(0.,0.,1.));
#2512=DIRECTION('',(-1.,-6.06016934839059E-16,0.));
#2513=DIRECTION('',(6.06016934839059E-16,-1.,0.));
#2514=DIRECTION('',(0.,0.,1.));
#2515=DIRECTION('',(0.,0.,1.));
#2516=DIRECTION('',(6.06016934839059E-16,-1.,0.));
#2517=DIRECTION('',(7.25825722166028E-16,-1.,0.));
#2518=DIRECTION('',(1.,7.25825722166028E-16,0.));
#2519=DIRECTION('',(0.,0.,1.));
#2520=DIRECTION('',(1.,7.25825722166028E-16,0.));
#2521=DIRECTION('',(0.,0.,1.));
#2522=DIRECTION('',(1.,0.,0.));
#2523=DIRECTION('',(0.,0.,1.));
#2524=DIRECTION('',(1.,0.,0.));
#2525=DIRECTION('',(0.,0.,1.));
#2526=DIRECTION('',(1.,0.,0.));
#2527=DIRECTION('',(0.,0.,1.));
#2528=DIRECTION('',(1.,0.,0.));
#2529=DIRECTION('',(0.,0.,1.));
#2530=DIRECTION('',(1.,0.,0.));
#2531=DIRECTION('',(0.,0.,1.));
#2532=DIRECTION('',(1.,0.,0.));
#2533=DIRECTION('',(0.,0.,1.));
#2534=DIRECTION('',(1.,0.,0.));
#2535=DIRECTION('',(0.,0.,1.));
#2536=DIRECTION('',(1.,0.,0.));
#2537=DIRECTION('',(0.,0.,1.));
#2538=DIRECTION('',(1.,0.,0.));
#2539=DIRECTION('',(0.,0.,1.));
#2540=DIRECTION('',(1.,0.,0.));
#2541=DIRECTION('',(0.,0.,1.));
#2542=DIRECTION('',(0.,0.,1.));
#2543=DIRECTION('',(1.,0.,0.));
#2544=DIRECTION('',(0.,0.,1.));
#2545=DIRECTION('',(7.28668009312625E-16,-1.,0.));
#2546=DIRECTION('',(1.,7.28668009312625E-16,0.));
#2547=DIRECTION('',(1.,7.28668009312625E-16,0.));
#2548=DIRECTION('',(1.,7.28668009312625E-16,0.));
#2549=DIRECTION('',(7.28668009312625E-16,-1.,0.));
#2550=DIRECTION('',(1.,7.28668009312625E-16,0.));
#2551=DIRECTION('',(7.74430123203933E-16,-1.,0.));
#2552=DIRECTION('',(1.,7.74430123203933E-16,0.));
#2553=DIRECTION('',(1.,7.74430123203933E-16,0.));
#2554=DIRECTION('',(7.74430123203933E-16,-1.,0.));
#2555=DIRECTION('',(1.,7.74430123203933E-16,0.));
#2556=DIRECTION('',(1.,7.74430123203933E-16,0.));
#2557=DIRECTION('',(0.,0.,1.));
#2558=DIRECTION('',(0.,0.,1.));
#2559=DIRECTION('',(1.,0.,0.));
#2560=DIRECTION('',(0.,0.,1.));
#2561=DIRECTION('',(1.,0.,0.));
#2562=DIRECTION('',(0.,0.,1.));
#2563=DIRECTION('',(1.,0.,0.));
#2564=DIRECTION('',(0.,0.,1.));
#2565=DIRECTION('',(-1.,-6.45478502689044E-16,0.));
#2566=DIRECTION('',(6.45478502689044E-16,-1.,0.));
#2567=DIRECTION('',(6.45478502689044E-16,-1.,0.));
#2568=DIRECTION('',(6.45478502689044E-16,-1.,0.));
#2569=DIRECTION('',(0.,0.,1.));
#2570=DIRECTION('',(0.,0.,1.));
#2571=DIRECTION('',(1.,0.,0.));
#2572=DIRECTION('',(0.,0.,1.));
#2573=DIRECTION('',(1.,0.,0.));
#2574=DIRECTION('',(0.,0.,1.));
#2575=DIRECTION('',(1.,0.,0.));
#2576=DIRECTION('',(0.,0.,1.));
#2577=DIRECTION('',(7.02080327545419E-16,-1.,0.));
#2578=DIRECTION('',(1.,7.02080327545419E-16,0.));
#2579=DIRECTION('',(1.,7.02080327545419E-16,0.));
#2580=DIRECTION('',(1.,7.02080327545419E-16,0.));
#2581=DIRECTION('',(0.,0.,1.));
#2582=DIRECTION('',(0.,0.,1.));
#2583=DIRECTION('',(1.,0.,0.));
#2584=DIRECTION('',(0.,0.,1.));
#2585=DIRECTION('',(1.,0.,0.));
#2586=DIRECTION('',(0.,0.,1.));
#2587=DIRECTION('',(1.,0.,0.));
#2588=DIRECTION('',(0.,0.,1.));
#2589=DIRECTION('',(-1.,-6.45478502689044E-16,0.));
#2590=DIRECTION('',(6.45478502689044E-16,-1.,0.));
#2591=DIRECTION('',(6.45478502689044E-16,-1.,0.));
#2592=DIRECTION('',(6.45478502689044E-16,-1.,0.));
#2593=DIRECTION('',(0.,0.,1.));
#2594=DIRECTION('',(1.,0.,0.));
#2595=DIRECTION('',(-1.,-3.09772049281573E-16,0.));
#2596=DIRECTION('',(3.09772049281573E-16,-1.,0.));
#2597=DIRECTION('',(0.,0.,1.));
#2598=DIRECTION('',(3.09772049281573E-16,-1.,0.));
#2599=DIRECTION('',(3.09772049281573E-16,-1.,0.));
#2600=DIRECTION('',(0.,0.,1.));
#2601=DIRECTION('',(8.34001671142687E-17,-1.,0.));
#2602=DIRECTION('',(-1.,-3.09772049281574E-16,0.));
#2603=DIRECTION('',(3.09772049281574E-16,-1.,0.));
#2604=DIRECTION('',(3.09772049281574E-16,-1.,0.));
#2605=DIRECTION('',(0.,0.,1.));
#2606=DIRECTION('',(0.,-1.,0.));
#2607=DIRECTION('',(0.,0.,1.));
#2608=DIRECTION('',(3.09772049281574E-16,-1.,0.));
#2609=DIRECTION('',(0.,0.,1.));
#2610=DIRECTION('',(1.,0.,0.));
#2611=DIRECTION('',(1.,0.,0.));
#2612=DIRECTION('',(0.,-1.,0.));
#2613=DIRECTION('',(0.,0.,-1.));
#2614=DIRECTION('',(1.,0.,0.));
#2615=DIRECTION('',(0.,-1.,0.));
#2616=DIRECTION('',(0.,0.,-1.));
#2617=DIRECTION('',(1.,0.,0.));
#2618=DIRECTION('',(0.,-1.,0.));
#2619=DIRECTION('',(0.,0.,-1.));
#2620=DIRECTION('',(1.,0.,0.));
#2621=DIRECTION('',(0.,-1.,0.));
#2622=DIRECTION('',(0.,0.,-1.));
#2623=DIRECTION('',(0.,0.,1.));
#2624=DIRECTION('',(1.,0.,0.));
#2625=DIRECTION('',(0.,0.,1.));
#2626=DIRECTION('',(1.,0.,0.));
#2627=DIRECTION('',(1.0559186375511E-15,-1.,0.));
#2628=DIRECTION('',(-1.,-8.63487116312642E-16,0.));
#2629=DIRECTION('',(1.20676415720126E-15,-1.,0.));
#2630=DIRECTION('',(-1.,-8.41346421022574E-16,0.));
#2631=DIRECTION('',(0.,-1.,0.));
#2632=DIRECTION('',(1.,0.,0.));
#2633=DIRECTION('',(0.,-1.,0.));
#2634=DIRECTION('',(0.,1.,0.));
#2635=DIRECTION('',(-2.06514699521049E-16,1.,0.));
#2636=DIRECTION('',(3.09772049281573E-16,-1.,0.));
#2637=DIRECTION('',(3.09772049281574E-16,-1.,0.));
#2638=DIRECTION('',(4.13029399042096E-16,-1.,0.));
#2639=DIRECTION('',(1.,8.31602816863281E-16,0.));
#2640=DIRECTION('',(4.13029399042098E-16,-1.,0.));
#2641=DIRECTION('',(0.,-1.,0.));
#2642=DIRECTION('',(1.,0.,0.));
#2643=DIRECTION('',(0.,-1.,0.));
#2644=DIRECTION('',(0.,-1.,0.));
#2645=DIRECTION('',(1.,0.,0.));
#2646=DIRECTION('',(0.,-1.,0.));
#2647=DIRECTION('',(0.,-1.,0.));
#2648=DIRECTION('',(1.,8.54122834060464E-16,0.));
#2649=DIRECTION('',(0.,-1.,0.));
#2650=DIRECTION('',(0.,0.,1.));
#2651=DIRECTION('',(1.,0.,0.));
#2652=DIRECTION('',(0.,0.,1.));
#2653=DIRECTION('',(1.,0.,0.));
#2654=DIRECTION('',(0.,0.,1.));
#2655=DIRECTION('',(1.,0.,0.));
#2656=DIRECTION('',(0.,0.,1.));
#2657=DIRECTION('',(1.,0.,0.));
#2658=DIRECTION('',(0.,0.,1.));
#2659=DIRECTION('',(1.,0.,0.));
#2660=DIRECTION('',(0.,0.,1.));
#2661=DIRECTION('',(1.,0.,0.));
#2662=DIRECTION('',(-1.,-4.13029399042096E-16,0.));
#2663=DIRECTION('',(4.13029399042096E-16,-1.,0.));
#2664=DIRECTION('',(0.,0.,1.));
#2665=DIRECTION('',(4.13029399042096E-16,-1.,0.));
#2666=DIRECTION('',(4.13029399042096E-16,-1.,0.));
#2667=DIRECTION('',(0.,0.,1.));
#2668=DIRECTION('',(0.,-1.,0.));
#2669=DIRECTION('',(-1.,-4.13029399042098E-16,0.));
#2670=DIRECTION('',(4.13029399042098E-16,-1.,0.));
#2671=DIRECTION('',(4.13029399042098E-16,-1.,0.));
#2672=DIRECTION('',(0.,0.,1.));
#2673=DIRECTION('',(0.,-1.,0.));
#2674=DIRECTION('',(0.,0.,1.));
#2675=DIRECTION('',(4.13029399042098E-16,-1.,0.));
#2676=DIRECTION('',(0.,0.,1.));
#2677=DIRECTION('',(1.,0.,0.));
#2678=DIRECTION('',(1.,8.31602816863283E-16,0.));
#2679=DIRECTION('',(8.31602816863283E-16,-1.,0.));
#2680=DIRECTION('',(1.,8.31602816863283E-16,0.));
#2681=DIRECTION('',(1.,8.31602816863283E-16,0.));
#2682=DIRECTION('',(8.31602816863281E-16,-1.,0.));
#2683=DIRECTION('',(1.,8.31602816863281E-16,0.));
#2684=DIRECTION('',(8.31602816863281E-16,-1.,0.));
#2685=DIRECTION('',(1.,8.31602816863281E-16,0.));
#2686=DIRECTION('',(1.,8.31602816863281E-16,0.));
#2687=DIRECTION('',(8.31602816863281E-16,-1.,0.));
#2688=DIRECTION('',(1.,8.31602816863281E-16,0.));
#2689=DIRECTION('',(0.,0.,1.));
#2690=DIRECTION('',(1.,0.,0.));
#2691=DIRECTION('',(-1.,0.,0.));
#2692=DIRECTION('',(0.,0.,1.));
#2693=DIRECTION('',(0.,0.,1.));
#2694=DIRECTION('',(0.,-1.,0.));
#2695=DIRECTION('',(0.,-1.,0.));
#2696=DIRECTION('',(0.,0.,1.));
#2697=DIRECTION('',(0.,-1.,0.));
#2698=DIRECTION('',(-1.,0.,0.));
#2699=DIRECTION('',(0.,0.,1.));
#2700=DIRECTION('',(0.,-1.,0.));
#2701=DIRECTION('',(0.,0.,1.));
#2702=DIRECTION('',(0.,-1.,0.));
#2703=DIRECTION('',(0.,0.,1.));
#2704=DIRECTION('',(0.,-1.,0.));
#2705=DIRECTION('',(0.,0.,1.));
#2706=DIRECTION('',(1.,0.,0.));
#2707=DIRECTION('',(1.,0.,0.));
#2708=DIRECTION('',(0.,-1.,0.));
#2709=DIRECTION('',(0.,0.,-1.));
#2710=DIRECTION('',(1.,0.,0.));
#2711=DIRECTION('',(0.,-1.,0.));
#2712=DIRECTION('',(0.,0.,-1.));
#2713=DIRECTION('',(0.,-1.,0.));
#2714=DIRECTION('',(0.,0.,-1.));
#2715=DIRECTION('',(1.,0.,0.));
#2716=DIRECTION('',(0.,-1.,0.));
#2717=DIRECTION('',(0.,0.,-1.));
#2718=DIRECTION('',(0.,0.,1.));
#2719=DIRECTION('',(1.,0.,0.));
#2720=DIRECTION('',(-1.,0.,0.));
#2721=DIRECTION('',(0.,0.,1.));
#2722=DIRECTION('',(0.,0.,1.));
#2723=DIRECTION('',(0.,-1.,0.));
#2724=DIRECTION('',(0.,-1.,0.));
#2725=DIRECTION('',(0.,0.,1.));
#2726=DIRECTION('',(0.,-1.,0.));
#2727=DIRECTION('',(-1.,0.,0.));
#2728=DIRECTION('',(0.,0.,1.));
#2729=DIRECTION('',(0.,-1.,0.));
#2730=DIRECTION('',(0.,0.,1.));
#2731=DIRECTION('',(0.,-1.,0.));
#2732=DIRECTION('',(0.,0.,1.));
#2733=DIRECTION('',(0.,-1.,0.));
#2734=DIRECTION('',(0.,0.,1.));
#2735=DIRECTION('',(1.,0.,0.));
#2736=DIRECTION('',(1.,0.,0.));
#2737=DIRECTION('',(0.,-1.,0.));
#2738=DIRECTION('',(0.,0.,-1.));
#2739=DIRECTION('',(1.,0.,0.));
#2740=DIRECTION('',(0.,-1.,0.));
#2741=DIRECTION('',(0.,0.,-1.));
#2742=DIRECTION('',(0.,-1.,0.));
#2743=DIRECTION('',(0.,0.,-1.));
#2744=DIRECTION('',(1.,0.,0.));
#2745=DIRECTION('',(0.,-1.,0.));
#2746=DIRECTION('',(0.,0.,-1.));
#2747=DIRECTION('',(0.,0.,1.));
#2748=DIRECTION('',(1.,0.,0.));
#2749=DIRECTION('',(-1.,0.,0.));
#2750=DIRECTION('',(0.,0.,1.));
#2751=DIRECTION('',(0.,0.,1.));
#2752=DIRECTION('',(0.,-1.,0.));
#2753=DIRECTION('',(0.,-1.,0.));
#2754=DIRECTION('',(0.,0.,1.));
#2755=DIRECTION('',(0.,-1.,0.));
#2756=DIRECTION('',(-1.,0.,0.));
#2757=DIRECTION('',(0.,0.,1.));
#2758=DIRECTION('',(0.,-1.,0.));
#2759=DIRECTION('',(0.,0.,1.));
#2760=DIRECTION('',(0.,-1.,0.));
#2761=DIRECTION('',(0.,0.,1.));
#2762=DIRECTION('',(0.,-1.,0.));
#2763=DIRECTION('',(0.,0.,1.));
#2764=DIRECTION('',(1.,0.,0.));
#2765=DIRECTION('',(1.,8.54122834060467E-16,0.));
#2766=DIRECTION('',(8.54122834060467E-16,-1.,0.));
#2767=DIRECTION('',(1.,8.54122834060467E-16,0.));
#2768=DIRECTION('',(1.,8.54122834060467E-16,0.));
#2769=DIRECTION('',(8.54122834060464E-16,-1.,0.));
#2770=DIRECTION('',(1.,8.54122834060464E-16,0.));
#2771=DIRECTION('',(8.54122834060464E-16,-1.,0.));
#2772=DIRECTION('',(1.,8.54122834060464E-16,0.));
#2773=DIRECTION('',(1.,8.54122834060464E-16,0.));
#2774=DIRECTION('',(8.54122834060464E-16,-1.,0.));
#2775=DIRECTION('',(1.,8.54122834060464E-16,0.));
#2776=DIRECTION('',(0.,0.,1.));
#2777=DIRECTION('',(1.,0.,0.));
#2778=DIRECTION('',(-1.,0.,0.));
#2779=DIRECTION('',(0.,0.,1.));
#2780=DIRECTION('',(0.,0.,1.));
#2781=DIRECTION('',(0.,-1.,0.));
#2782=DIRECTION('',(0.,-1.,0.));
#2783=DIRECTION('',(0.,0.,1.));
#2784=DIRECTION('',(0.,-1.,0.));
#2785=DIRECTION('',(-1.,0.,0.));
#2786=DIRECTION('',(0.,0.,1.));
#2787=DIRECTION('',(0.,-1.,0.));
#2788=DIRECTION('',(0.,0.,1.));
#2789=DIRECTION('',(0.,-1.,0.));
#2790=DIRECTION('',(0.,0.,1.));
#2791=DIRECTION('',(0.,-1.,0.));
#2792=DIRECTION('',(0.,0.,1.));
#2793=DIRECTION('',(1.,0.,0.));
#2794=DIRECTION('',(1.,0.,0.));
#2795=DIRECTION('',(0.,-1.,0.));
#2796=DIRECTION('',(0.,0.,-1.));
#2797=DIRECTION('',(1.,0.,0.));
#2798=DIRECTION('',(0.,-1.,0.));
#2799=DIRECTION('',(0.,0.,-1.));
#2800=DIRECTION('',(0.,-1.,0.));
#2801=DIRECTION('',(0.,0.,-1.));
#2802=DIRECTION('',(1.,0.,0.));
#2803=DIRECTION('',(0.,-1.,0.));
#2804=DIRECTION('',(0.,0.,-1.));
#2805=DIRECTION('',(0.,0.,1.));
#2806=DIRECTION('',(1.,0.,0.));
#2807=DIRECTION('',(8.41346421022574E-16,-1.,0.));
#2808=DIRECTION('',(1.,8.41346421022574E-16,0.));
#2809=DIRECTION('',(0.,0.,-1.));
#2810=DIRECTION('',(1.,1.20676415720126E-15,0.));
#2811=DIRECTION('',(-1.20676415720126E-15,1.,0.));
#2812=DIRECTION('',(8.63487116312642E-16,-1.,0.));
#2813=DIRECTION('',(1.,8.63487116312642E-16,0.));
#2814=DIRECTION('',(1.,1.0559186375511E-15,0.));
#2815=DIRECTION('',(-1.0559186375511E-15,1.,0.));
#2816=DIRECTION('',(0.,0.,-1.));
#2817=DIRECTION('',(-1.,0.,0.));
#2818=DIRECTION('',(0.,0.,1.));
#2819=DIRECTION('',(1.,0.,0.));
#2820=DIRECTION('',(0.,0.,-1.));
#2821=DIRECTION('',(-1.,0.,0.));
#2822=DIRECTION('',(0.,0.,-1.));
#2823=DIRECTION('',(-1.,0.,0.));
#2824=DIRECTION('',(0.,0.,1.));
#2825=DIRECTION('',(1.,0.,0.));
#2826=DIRECTION('',(0.,0.,1.));
#2827=DIRECTION('',(1.,0.,0.));
#2828=DIRECTION('',(0.,0.,-1.));
#2829=DIRECTION('',(-1.,0.,0.));
#2830=DIRECTION('',(0.,0.,1.));
#2831=DIRECTION('',(1.,0.,0.));
#2832=DIRECTION('',(0.,0.,1.));
#2833=DIRECTION('',(1.,0.,0.));
#2834=DIRECTION('',(0.,0.,-1.));
#2835=DIRECTION('',(-1.,0.,0.));
#2836=DIRECTION('',(0.,0.,1.));
#2837=DIRECTION('',(1.,0.,0.));
#2838=DIRECTION('',(0.,0.,1.));
#2839=DIRECTION('',(1.,0.,0.));
#2840=DIRECTION('',(0.,0.,-1.));
#2841=DIRECTION('',(-1.,0.,0.));
#2842=DIRECTION('',(0.,0.,1.));
#2843=DIRECTION('',(1.,0.,0.));
#2844=DIRECTION('',(0.,0.,1.));
#2845=DIRECTION('',(1.,0.,0.));
#2846=DIRECTION('',(0.,0.,1.));
#2847=DIRECTION('',(1.,0.,0.));
#2848=DIRECTION('',(0.,0.,-1.));
#2849=DIRECTION('',(-1.,0.,0.));
#2850=DIRECTION('',(0.,0.,1.));
#2851=DIRECTION('',(1.,0.,0.));
#2852=DIRECTION('',(0.,0.,1.));
#2853=DIRECTION('',(1.,0.,0.));
#2854=DIRECTION('',(0.,0.,-1.));
#2855=DIRECTION('',(-1.,0.,0.));
#2856=DIRECTION('',(0.,0.,1.));
#2857=DIRECTION('',(1.,0.,0.));
#2858=DIRECTION('',(0.,0.,1.));
#2859=DIRECTION('',(1.,0.,0.));
#2860=DIRECTION('',(0.,0.,-1.));
#2861=DIRECTION('',(-1.,0.,0.));
#2862=DIRECTION('',(0.,0.,1.));
#2863=DIRECTION('',(1.,0.,0.));
#2864=DIRECTION('',(0.,0.,1.));
#2865=DIRECTION('',(1.,0.,0.));
#2866=DIRECTION('',(0.,0.,-1.));
#2867=DIRECTION('',(-1.,0.,0.));
#2868=DIRECTION('',(0.,0.,1.));
#2869=DIRECTION('',(1.,0.,0.));
#2870=DIRECTION('',(0.,0.,1.));
#2871=DIRECTION('',(1.,0.,0.));
#2872=DIRECTION('',(0.,-1.,0.));
#2873=DIRECTION('',(0.,0.,-1.));
#2874=DIRECTION('',(0.,-1.,0.));
#2875=DIRECTION('',(0.,0.,-1.));
#2876=DIRECTION('',(0.,-1.,0.));
#2877=DIRECTION('',(0.,0.,-1.));
#2878=DIRECTION('',(0.,-1.,0.));
#2879=DIRECTION('',(0.,0.,-1.));
#2880=DIRECTION('',(4.13029399042096E-16,-1.,0.));
#2881=DIRECTION('',(1.,4.13029399042096E-16,0.));
#2882=DIRECTION('',(3.09772049281573E-16,-1.,0.));
#2883=DIRECTION('',(1.,3.09772049281573E-16,0.));
#2884=DIRECTION('',(-2.06514699521049E-16,1.,0.));
#2885=DIRECTION('',(-1.,-2.06514699521049E-16,0.));
#2886=DIRECTION('',(-3.09772049281574E-16,1.,0.));
#2887=DIRECTION('',(-1.,-3.09772049281574E-16,0.));
#2888=DIRECTION('',(-4.13029399042098E-16,1.,0.));
#2889=DIRECTION('',(-1.,-4.13029399042098E-16,0.));
#2890=DIRECTION('',(0.,1.,0.));
#2891=DIRECTION('',(0.,0.,1.));
#2892=DIRECTION('',(0.,1.,0.));
#2893=DIRECTION('',(0.,0.,1.));
#2894=DIRECTION('',(0.,1.,0.));
#2895=DIRECTION('',(0.,0.,1.));
#2896=DIRECTION('',(0.,1.,0.));
#2897=DIRECTION('',(0.,0.,1.));
#2898=DIRECTION('',(0.,-1.,0.));
#2899=DIRECTION('',(0.,0.,-1.));
#2900=CARTESIAN_POINT('',(0.,0.,0.));
#2901=CARTESIAN_POINT('',(-0.00317139094177049,0.00199934210526316,0.00193933982821709));
#2902=CARTESIAN_POINT('',(0.0324680751523085,0.00199934210526319,0.00193933982821709));
#2903=CARTESIAN_POINT('',(-0.00317139094177049,0.00199934210526316,0.00209843885398406));
#2904=CARTESIAN_POINT('',(0.0324680751523085,0.00199934210526319,0.00209843885398406));
#2905=CARTESIAN_POINT('',(-0.00317139094177049,0.00199934210526291,0.00225753787975507));
#2906=CARTESIAN_POINT('',(0.0324680751523085,0.00199934210526294,0.00225753787975507));
#2907=CARTESIAN_POINT('',(-0.00317139094176856,0.00189327608808458,0.00264644660940733));
#2908=CARTESIAN_POINT('',(0.0324680751523105,0.00189327608808461,0.00264644660940733));
#2909=CARTESIAN_POINT('',(-0.00317139094177338,0.00164578871466895,0.00289393398282228));
#2910=CARTESIAN_POINT('',(0.0324680751523056,0.00164578871466898,0.00289393398282228));
#2911=CARTESIAN_POINT('',(-0.00317139094177725,0.00125687998501536,0.003));
#2912=CARTESIAN_POINT('',(0.0324680751523018,0.00125687998501539,0.003));
#2913=CARTESIAN_POINT('',(-0.00317139094178111,0.00109778095925032,0.003));
#2914=CARTESIAN_POINT('',(0.0324680751522979,0.00109778095925035,0.003));
#2915=CARTESIAN_POINT('',(-0.00317139094178208,0.000938681933483345,0.003));
#2916=CARTESIAN_POINT('',(0.032468075152297,0.000938681933483375,0.003));
#2917=CARTESIAN_POINT('',(-0.00317139094177018,0.00199934210526316,0.00193933982822018));
#2918=CARTESIAN_POINT('',(-0.00317139094176921,0.00199934210526316,0.00207192234969233));
#2919=CARTESIAN_POINT('',(-0.0031713909417666,0.00198553142594201,0.00235642234368953));
#2920=CARTESIAN_POINT('',(-0.00317139094176494,0.0017659416247527,0.00276659951949241));
#2921=CARTESIAN_POINT('',(-0.00317139094176715,0.00135576444894598,0.00298618932068011));
#2922=CARTESIAN_POINT('',(-0.00317139094177033,0.0010712644549555,0.003));
#2923=CARTESIAN_POINT('',(-0.00317139094177017,0.000938681933483346,0.003));
#2924=CARTESIAN_POINT('',(-0.00317139094177047,0.000938681933483345,0.003));
#2925=CARTESIAN_POINT('',(-0.00317139094177033,0.00199934210526316,0.00193933982821972));
#2926=CARTESIAN_POINT('',(0.0324680751522968,0.000938681933483381,0.003));
#2927=CARTESIAN_POINT('',(0.020588253120941,0.000938681933483368,0.003));
#2928=CARTESIAN_POINT('',(0.00870843108958528,0.000938681933483355,0.003));
#2929=CARTESIAN_POINT('',(-0.00317139094177047,0.000938681933483341,0.003));
#2930=CARTESIAN_POINT('',(0.0324680751522968,0.000938681933483376,0.003));
#2931=CARTESIAN_POINT('',(0.032468075152297,0.000938681933483375,0.003));
#2932=CARTESIAN_POINT('',(0.0324680751522968,0.00107126445495553,0.003));
#2933=CARTESIAN_POINT('',(0.0324680751523,0.00135576444894602,0.00298618932068011));
#2934=CARTESIAN_POINT('',(0.0324680751523022,0.00176594162475273,0.00276659951949241));
#2935=CARTESIAN_POINT('',(0.0324680751523005,0.00198553142594204,0.00235642234368953));
#2936=CARTESIAN_POINT('',(0.0324680751522979,0.00199934210526319,0.00207192234969234));
#2937=CARTESIAN_POINT('',(0.032468075152297,0.00199934210526319,0.00193933982822018));
#2938=CARTESIAN_POINT('',(0.0324680751522968,0.0019993421052632,0.0019393398281888));
#2939=CARTESIAN_POINT('',(-0.00317139094177049,0.00199934210526316,0.00193933982822018));
#2940=CARTESIAN_POINT('',(0.00870843108958527,0.00199934210526317,0.00193933982822018));
#2941=CARTESIAN_POINT('',(0.020588253120941,0.00199934210526319,0.00193933982822018));
#2942=CARTESIAN_POINT('',(0.0324680751522968,0.0019993421052632,0.00193933982822018));
#2943=CARTESIAN_POINT('',(0.032468075152297,0.0019993421052632,0.00193933982822018));
#2944=CARTESIAN_POINT('',(0.0325628765013781,0.0019993421052632,0.00193933982822018));
#2945=CARTESIAN_POINT('',(0.0327027869641261,0.00200093990829385,0.00193933982822018));
#2946=CARTESIAN_POINT('',(0.0328284231639519,0.00201232726110575,0.00193933982822019));
#2947=CARTESIAN_POINT('',(0.0330113448733589,0.0020373397625949,0.00193933982822022));
#2948=CARTESIAN_POINT('',(0.0331277472387655,0.0020648284900715,0.00193933982822025));
#2949=CARTESIAN_POINT('',(0.0333477494511916,0.00214076150236075,0.00193933982822029));
#2950=CARTESIAN_POINT('',(0.0335542166067329,0.00223755469993719,0.00193933982822034));
#2951=CARTESIAN_POINT('',(0.0338022689183573,0.00243195978315235,0.00193933982822039));
#2952=CARTESIAN_POINT('',(0.0339955568233409,0.00267775995588517,0.00193933982822034));
#2953=CARTESIAN_POINT('',(0.0340932172628593,0.00288462491617784,0.00193933982822046));
#2954=CARTESIAN_POINT('',(0.0341697878960787,0.00310512193546585,0.00193933982822024));
#2955=CARTESIAN_POINT('',(0.0341974840891261,0.00322183579768052,0.00193933982822003));
#2956=CARTESIAN_POINT('',(0.034222728420274,0.00340550555462965,0.00193933982822034));
#2957=CARTESIAN_POINT('',(0.0342342352059301,0.00353169507278897,0.00193933982822054));
#2958=CARTESIAN_POINT('',(0.0342358421052633,0.00367201780146525,0.00193933982821924));
#2959=CARTESIAN_POINT('',(0.0342358421052633,0.00376710905823093,0.00193933982822015));
#2960=CARTESIAN_POINT('',(0.032468075152297,0.0019993421052632,0.00200563108895642));
#2961=CARTESIAN_POINT('',(0.0325628765013781,0.00199934207566812,0.00200563108895642));
#2962=CARTESIAN_POINT('',(0.0327027869641257,0.00200093992094261,0.00200563108895642));
#2963=CARTESIAN_POINT('',(0.0328284231639527,0.00201232726540331,0.00200563108895643));
#2964=CARTESIAN_POINT('',(0.0330113448733574,0.00203733975399976,0.00200563108895646));
#2965=CARTESIAN_POINT('',(0.0331277472387506,0.0020648284869864,0.00200563108895648));
#2966=CARTESIAN_POINT('',(0.0333477494512064,0.00214076150544583,0.00200563108895653));
#2967=CARTESIAN_POINT('',(0.0335542166068366,0.00223755469850533,0.00200563108895657));
#2968=CARTESIAN_POINT('',(0.0338022689179723,0.00243195978353612,0.00200563108895662));
#2969=CARTESIAN_POINT('',(0.0339955568247771,0.00267775995578185,0.00200563108895656));
#2970=CARTESIAN_POINT('',(0.0340932172597648,0.00288462491616303,0.0020056310889567));
#2971=CARTESIAN_POINT('',(0.0341697878991733,0.00310512193548065,0.00200563108895646));
#2972=CARTESIAN_POINT('',(0.0341974840977476,0.003221835797682,0.00200563108895624));
#2973=CARTESIAN_POINT('',(0.0342227284159633,0.00340550555462891,0.00200563108895659));
#2974=CARTESIAN_POINT('',(0.0342342351932426,0.00353169507278934,0.00200563108895682));
#2975=CARTESIAN_POINT('',(0.034235842134949,0.00367201780146525,0.0020056310889554));
#2976=CARTESIAN_POINT('',(0.0342358421052633,0.00376710905823093,0.00200563108895639));
#2977=CARTESIAN_POINT('',(0.032468075152297,0.00199893929378304,0.00207249779466433));
#2978=CARTESIAN_POINT('',(0.0325628765016435,0.00199893924897408,0.00207249779466433));
#2979=CARTESIAN_POINT('',(0.0327028057788343,0.00200053709346122,0.00207249779466433));
#2980=CARTESIAN_POINT('',(0.0328284653545796,0.00201192647948292,0.00207249779466434));
#2981=CARTESIAN_POINT('',(0.033011423779329,0.00203694397414656,0.00207249779466437));
#2982=CARTESIAN_POINT('',(0.033127852490389,0.00206443874435786,0.00207249779466439));
#2983=CARTESIAN_POINT('',(0.0333479070246188,0.00214038970270674,0.00207249779466443));
#2984=CARTESIAN_POINT('',(0.0335544262657377,0.00223720665781092,0.00207249779466447));
#2985=CARTESIAN_POINT('',(0.0338025565229302,0.00243167183097617,0.00207249779466452));
#2986=CARTESIAN_POINT('',(0.033995904293132,0.00267754938626099,0.00207249779466446));
#2987=CARTESIAN_POINT('',(0.0340935887630414,0.00288446664402792,0.0020724977946646));
#2988=CARTESIAN_POINT('',(0.0341701775216918,0.00310501616996997,0.00207249779466435));
#2989=CARTESIAN_POINT('',(0.0341978798017736,0.00322175646085265,0.00207249779466412));
#2990=CARTESIAN_POINT('',(0.0342231291772941,0.00340546312241068,0.0020724977946645));
#2991=CARTESIAN_POINT('',(0.0342346380218085,0.0035316761539671,0.00207249779466474));
#2992=CARTESIAN_POINT('',(0.0342362449616895,0.00367201780119908,0.00207249779466325));
#2993=CARTESIAN_POINT('',(0.0342362449167435,0.00376710905823093,0.00207249779466429));
#2994=CARTESIAN_POINT('',(0.032468075152297,0.00198576160393182,0.00221118003283649));
#2995=CARTESIAN_POINT('',(0.032562876510325,0.00198576154038994,0.0022111800328365));
#2996=CARTESIAN_POINT('',(0.0327034212885929,0.001987358675429,0.00221118003283649));
#2997=CARTESIAN_POINT('',(0.0328298455907902,0.00199881498481968,0.0022111800328365));
#2998=CARTESIAN_POINT('',(0.0330140051318514,0.00202399645805628,0.00221118003283653));
#2999=CARTESIAN_POINT('',(0.0331312957227995,0.00205168864258348,0.00221118003283655));
#3000=CARTESIAN_POINT('',(0.033353061926012,0.00212822639174109,0.00221118003283658));
#3001=CARTESIAN_POINT('',(0.0335612851052526,0.00222582077826776,0.00221118003283662));
#3002=CARTESIAN_POINT('',(0.0338119653199242,0.00242225166244716,0.00221118003283666));
#3003=CARTESIAN_POINT('',(0.0340072714489255,0.00267066075646553,0.00221118003283661));
#3004=CARTESIAN_POINT('',(0.0341057422774573,0.00287928888441925,0.00221118003283675));
#3005=CARTESIAN_POINT('',(0.0341829236939984,0.00310155612659536,0.0022111800328365));
#3006=CARTESIAN_POINT('',(0.0342108248368045,0.00321916101312566,0.00221118003283627));
#3007=CARTESIAN_POINT('',(0.0342362398677387,0.00340407498271172,0.00221118003283667));
#3008=CARTESIAN_POINT('',(0.0342478164759425,0.00353105723820503,0.00221118003283691));
#3009=CARTESIAN_POINT('',(0.0342494226703311,0.00367201779249175,0.00221118003283541));
#3010=CARTESIAN_POINT('',(0.0342494226065947,0.00376710905823093,0.00221118003283646));
#3011=CARTESIAN_POINT('',(0.032468075152297,0.00197310181455511,0.00228276538731209));
#3012=CARTESIAN_POINT('',(0.0325628765186653,0.00197310174758671,0.0022827653873121));
#3013=CARTESIAN_POINT('',(0.0327040126080118,0.00197469818026254,0.00228276538731208));
#3014=CARTESIAN_POINT('',(0.0328311715819093,0.00198621878695757,0.00228276538731209));
#3015=CARTESIAN_POINT('',(0.0330164850338387,0.0020115578005417,0.00228276538731212));
#3016=CARTESIAN_POINT('',(0.0331346036316728,0.00203943963803088,0.00228276538731214));
#3017=CARTESIAN_POINT('',(0.03335801423302,0.00211654111331202,0.00228276538731217));
#3018=CARTESIAN_POINT('',(0.0335678743833382,0.00221488237941157,0.0022827653873122));
#3019=CARTESIAN_POINT('',(0.0338210043390599,0.00241320171869324,0.00228276538731224));
#3020=CARTESIAN_POINT('',(0.0340181918598978,0.0026640428588963,0.00228276538731219));
#3021=CARTESIAN_POINT('',(0.0341174181443586,0.00287431461755357,0.00228276538731232));
#3022=CARTESIAN_POINT('',(0.0341951689235119,0.0030982320674509,0.00228276538731208));
#3023=CARTESIAN_POINT('',(0.0342232611107557,0.00321666756989376,0.00228276538731187));
#3024=CARTESIAN_POINT('',(0.0342488352929955,0.00340274139872182,0.00228276538731225));
#3025=CARTESIAN_POINT('',(0.0342604770058111,0.00353046264664302,0.00228276538731249));
#3026=CARTESIAN_POINT('',(0.034262082463145,0.00367201778412663,0.00228276538731105));
#3027=CARTESIAN_POINT('',(0.0342620823959714,0.00376710905823093,0.00228276538731205));
#3028=CARTESIAN_POINT('',(0.032468075152297,0.00193166977659496,0.00242455502833126));
#3029=CARTESIAN_POINT('',(0.032562876545961,0.00193166970591215,0.00242455502833128));
#3030=CARTESIAN_POINT('',(0.032705947835201,0.00193326382923975,0.00242455502833125));
#3031=CARTESIAN_POINT('',(0.0328355111892078,0.00194499486559252,0.00242455502833127));
#3032=CARTESIAN_POINT('',(0.0330246010767068,0.00197084946903571,0.00242455502833129));
#3033=CARTESIAN_POINT('',(0.0331454295152619,0.00199935198754961,0.0024245550283313));
#3034=CARTESIAN_POINT('',(0.0333742217832242,0.00207829838312603,0.00242455502833133));
#3035=CARTESIAN_POINT('',(0.0335894392934102,0.00217908398351785,0.00242455502833136));
#3036=CARTESIAN_POINT('',(0.0338505865836014,0.00238358372085592,0.00242455502833139));
#3037=CARTESIAN_POINT('',(0.0340539313863523,0.00264238428505959,0.00242455502833134));
#3038=CARTESIAN_POINT('',(0.0341556300731832,0.00285803519872423,0.00242455502833146));
#3039=CARTESIAN_POINT('',(0.0342352442193172,0.00308735332842893,0.00242455502833125));
#3040=CARTESIAN_POINT('',(0.0342639616415022,0.00320850721022537,0.00242455502833107));
#3041=CARTESIAN_POINT('',(0.0342900566858374,0.00339837694202779,0.0024245550283314));
#3042=CARTESIAN_POINT('',(0.0343019114704142,0.00352851671062182,0.00242455502833161));
#3043=CARTESIAN_POINT('',(0.0343035145048313,0.00367201775674989,0.00242455502833037));
#3044=CARTESIAN_POINT('',(0.0343035144339315,0.00376710905823093,0.00242455502833123));
#3045=CARTESIAN_POINT('',(0.032468075152297,0.00190301261700586,0.00249452913688618));
#3046=CARTESIAN_POINT('',(0.0325628765648405,0.00190301254612768,0.0024945291368862));
#3047=CARTESIAN_POINT('',(0.0327072863673402,0.00190460506876779,0.00249452913688617));
#3048=CARTESIAN_POINT('',(0.0328385127509225,0.00191648165297033,0.00249452913688618));
#3049=CARTESIAN_POINT('',(0.0330302146730239,0.00194269287376679,0.00249452913688621));
#3050=CARTESIAN_POINT('',(0.0331529174180789,0.00197162469621418,0.00249452913688622));
#3051=CARTESIAN_POINT('',(0.0333854320054476,0.00205184716116662,0.00249452913688624));
#3052=CARTESIAN_POINT('',(0.0336043550228684,0.00215432342647287,0.00249452913688626));
#3053=CARTESIAN_POINT('',(0.0338710476361069,0.00236309793898767,0.00249452913688629));
#3054=CARTESIAN_POINT('',(0.034078651225368,0.00262740377149749,0.00249452913688625));
#3055=CARTESIAN_POINT('',(0.0341820599908685,0.00284677526736846,0.00249452913688636));
#3056=CARTESIAN_POINT('',(0.0342629629653344,0.00307982886727088,0.00249452913688617));
#3057=CARTESIAN_POINT('',(0.0342921128412436,0.00320286296145462,0.00249452913688602));
#3058=CARTESIAN_POINT('',(0.0343185681495654,0.00339535819281448,0.0024945291368863));
#3059=CARTESIAN_POINT('',(0.034330570309449,0.00352717077154046,0.00249452913688648));
#3060=CARTESIAN_POINT('',(0.0343321716646165,0.00367201773781432,0.0024945291368854));
#3061=CARTESIAN_POINT('',(0.0343321715935206,0.00376710905823093,0.00249452913688616));
#3062=CARTESIAN_POINT('',(0.032468075152297,0.00182998865010109,0.00262400425551165));
#3063=CARTESIAN_POINT('',(0.0325628766129494,0.00182998857896523,0.00262400425551166));
#3064=CARTESIAN_POINT('',(0.0327106972052612,0.00183157702240225,0.00262400425551164));
#3065=CARTESIAN_POINT('',(0.0328461613087859,0.00184382449065121,0.00262400425551165));
#3066=CARTESIAN_POINT('',(0.0330445191985791,0.00187094444131395,0.00262400425551167));
#3067=CARTESIAN_POINT('',(0.0331719980379078,0.00190097021289655,0.00262400425551167));
#3068=CARTESIAN_POINT('',(0.0334139978126792,0.00198444434855826,0.00262400425551169));
#3069=CARTESIAN_POINT('',(0.0336423631768483,0.00209122875401448,0.0026240042555117));
#3070=CARTESIAN_POINT('',(0.0339231863421932,0.00231089621771789,0.00262400425551173));
#3071=CARTESIAN_POINT('',(0.0341416421404387,0.00258923053513226,0.0026240042555117));
#3072=CARTESIAN_POINT('',(0.0342494085160794,0.0028180827916849,0.00262400425551177));
#3073=CARTESIAN_POINT('',(0.0343335956735336,0.00306065508974152,0.00262400425551164));
#3074=CARTESIAN_POINT('',(0.0343638475248519,0.00318848032753878,0.00262400425551153));
#3075=CARTESIAN_POINT('',(0.0343912208553653,0.0033876658378914,0.00262400425551173));
#3076=CARTESIAN_POINT('',(0.0344035985560083,0.003523741059303,0.00262400425551186));
#3077=CARTESIAN_POINT('',(0.03440519563178,0.00367201768956285,0.00262400425551109));
#3078=CARTESIAN_POINT('',(0.0344051955604254,0.00376710905823093,0.00262400425551163));
#3079=CARTESIAN_POINT('',(0.032468075152297,0.00178573693177977,0.00268327508759353));
#3080=CARTESIAN_POINT('',(0.0325628766421029,0.0017857368606741,0.00268327508759354));
#3081=CARTESIAN_POINT('',(0.0327127641354119,0.00178732283189306,0.00268327508759352));
#3082=CARTESIAN_POINT('',(0.0328507962504699,0.00179979505183502,0.00268327508759353));
#3083=CARTESIAN_POINT('',(0.0330531875832537,0.00182746568285252,0.00268327508759354));
#3084=CARTESIAN_POINT('',(0.0331835606830209,0.00185815437550757,0.00268327508759355));
#3085=CARTESIAN_POINT('',(0.0334313083767147,0.00194359898770682,0.00268327508759356));
#3086=CARTESIAN_POINT('',(0.0336653956988418,0.00205299407859363,0.00268327508759357));
#3087=CARTESIAN_POINT('',(0.0339547818228737,0.0022792625505315,0.00268327508759359));
#3088=CARTESIAN_POINT('',(0.0341798139400273,0.00256609797503453,0.00268327508759357));
#3089=CARTESIAN_POINT('',(0.034290220979367,0.00280069546796502,0.00268327508759363));
#3090=CARTESIAN_POINT('',(0.034376398315441,0.00304903599208967,0.00268327508759353));
#3091=CARTESIAN_POINT('',(0.0344073179516651,0.00317976461005943,0.00268327508759344));
#3092=CARTESIAN_POINT('',(0.0344352475935801,0.00338300435567246,0.0026832750875936));
#3093=CARTESIAN_POINT('',(0.034447852867833,0.00352166269152473,0.0026832750875937));
#3094=CARTESIAN_POINT('',(0.0344494473500711,0.003672017660323,0.00268327508759309));
#3095=CARTESIAN_POINT('',(0.0344494472787467,0.00376710905823093,0.00268327508759351));
#3096=CARTESIAN_POINT('',(0.032468075152297,0.00168261719285673,0.00278639482651656));
#3097=CARTESIAN_POINT('',(0.0325628767100394,0.00168261712171366,0.00278639482651656));
#3098=CARTESIAN_POINT('',(0.0327175807008604,0.00168419733207895,0.00278639482651657));
#3099=CARTESIAN_POINT('',(0.032861597050857,0.00169719329065612,0.00278639482651657));
#3100=CARTESIAN_POINT('',(0.0330733875121703,0.0017261471715561,0.00278639482651657));
#3101=CARTESIAN_POINT('',(0.0332105051044028,0.00175838066860292,0.00278639482651658));
#3102=CARTESIAN_POINT('',(0.0334716471683293,0.00184841708050639,0.00278639482651659));
#3103=CARTESIAN_POINT('',(0.0337190683638777,0.00196389584925922,0.00278639482651659));
#3104=CARTESIAN_POINT('',(0.0340284087427414,0.00220554664468374,0.00278639482651661));
#3105=CARTESIAN_POINT('',(0.034268765649867,0.00251219219129535,0.00278639482651659));
#3106=CARTESIAN_POINT('',(0.0343853262254044,0.00276017780332773,0.00278639482651663));
#3107=CARTESIAN_POINT('',(0.0344761412729269,0.00302196001940818,0.00278639482651657));
#3108=CARTESIAN_POINT('',(0.0345086170477291,0.00315945438155101,0.00278639482651652));
#3109=CARTESIAN_POINT('',(0.03453784306155,0.00337214170790087,0.0027863948265166));
#3110=CARTESIAN_POINT('',(0.0345509786503484,0.00351681947298293,0.00278639482651665));
#3111=CARTESIAN_POINT('',(0.0345525670890317,0.00367201759218541,0.00278639482651633));
#3112=CARTESIAN_POINT('',(0.0345525670176697,0.00376710905823093,0.00278639482651656));
#3113=CARTESIAN_POINT('',(0.032468075152297,0.00162334636077485,0.00283064654483789));
#3114=CARTESIAN_POINT('',(0.0325628767490879,0.00162334628961028,0.00283064654483787));
#3115=CARTESIAN_POINT('',(0.0327203491508671,0.00162492318877061,0.0028306465448379));
#3116=CARTESIAN_POINT('',(0.0328678051001866,0.00163822018015708,0.00283064654483789));
#3117=CARTESIAN_POINT('',(0.0330849979623846,0.00166791164329979,0.00283064654483789));
#3118=CARTESIAN_POINT('',(0.0332259921323177,0.00170103305804946,0.0028306465448379));
#3119=CARTESIAN_POINT('',(0.0334948329693132,0.00179370872982757,0.00283064654483791));
#3120=CARTESIAN_POINT('',(0.0337499181657677,0.00191268425538956,0.00283064654483791));
#3121=CARTESIAN_POINT('',(0.0340707277870849,0.00216317645326455,0.00283064654483792));
#3122=CARTESIAN_POINT('',(0.0343198930277324,0.00248120839818634,0.00283064654483791));
#3123=CARTESIAN_POINT('',(0.0344399905130264,0.00273688919028286,0.00283064654483794));
#3124=CARTESIAN_POINT('',(0.0345334712094283,0.00300639737886023,0.0028306465448379));
#3125=CARTESIAN_POINT('',(0.0345668414165606,0.00314778053369181,0.00283064654483786));
#3126=CARTESIAN_POINT('',(0.0345968125548586,0.00336589811013037,0.00283064654483792));
#3127=CARTESIAN_POINT('',(0.0346102529561469,0.00351403570339696,0.00283064654483795));
#3128=CARTESIAN_POINT('',(0.0346118379211351,0.0036720175530215,0.00283064654483773));
#3129=CARTESIAN_POINT('',(0.0346118378497516,0.00376710905823093,0.00283064654483789));
#3130=CARTESIAN_POINT('',(0.032468075152297,0.00149387124214938,0.00290367051174265));
#3131=CARTESIAN_POINT('',(0.032562876834388,0.00149387117093784,0.00290367051174263));
#3132=CARTESIAN_POINT('',(0.032726396735833,0.00149544083688348,0.00290367051174266));
#3133=CARTESIAN_POINT('',(0.0328813663729939,0.00150939542421259,0.00290367051174266));
#3134=CARTESIAN_POINT('',(0.0331103605963481,0.00154069811070105,0.00290367051174265));
#3135=CARTESIAN_POINT('',(0.0332598230185395,0.00157575915150066,0.00290367051174266));
#3136=CARTESIAN_POINT('',(0.0335454815636953,0.00167420019679133,0.00290367051174266));
#3137=CARTESIAN_POINT('',(0.0338173085097024,0.00180081426878107,0.00290367051174266));
#3138=CARTESIAN_POINT('',(0.0341631723014277,0.00207062020987312,0.00290367051174267));
#3139=CARTESIAN_POINT('',(0.0344315790473413,0.00241352535498705,0.00290367051174267));
#3140=CARTESIAN_POINT('',(0.0345594027918121,0.00268601600644699,0.00290367051174267));
#3141=CARTESIAN_POINT('',(0.0346587065076109,0.00297240131941082,0.00290367051174266));
#3142=CARTESIAN_POINT('',(0.0346940305717749,0.00312227940972755,0.00290367051174265));
#3143=CARTESIAN_POINT('',(0.0347256294091734,0.00335225918296181,0.00290367051174266));
#3144=CARTESIAN_POINT('',(0.0347397356629883,0.00350795465333053,0.00290367051174267));
#3145=CARTESIAN_POINT('',(0.0347413130398075,0.00367201746746926,0.00290367051174259));
#3146=CARTESIAN_POINT('',(0.0347413129683771,0.00376710905823093,0.00290367051174265));
#3147=CARTESIAN_POINT('',(0.032468075152297,0.00142389713359446,0.00293232767133176));
#3148=CARTESIAN_POINT('',(0.032562876880488,0.00142389706235753,0.00293232767133174));
#3149=CARTESIAN_POINT('',(0.0327296651195301,0.00142546281915248,0.00293232767133177));
#3150=CARTESIAN_POINT('',(0.0328886954875422,0.00143977280055548,0.00293232767133176));
#3151=CARTESIAN_POINT('',(0.0331240676909701,0.00147194626374991,0.00293232767133175));
#3152=CARTESIAN_POINT('',(0.0332781067330487,0.0015080555646725,0.00293232767133176));
#3153=CARTESIAN_POINT('',(0.033572854315148,0.00160961247404818,0.00293232767133177));
#3154=CARTESIAN_POINT('',(0.033853729246691,0.00174035475601845,0.00293232767133176));
#3155=CARTESIAN_POINT('',(0.0342131334256236,0.00202059870233358,0.00293232767133177));
#3156=CARTESIAN_POINT('',(0.0344919391361611,0.0023769464303069,0.00293232767133177));
#3157=CARTESIAN_POINT('',(0.0346239384944803,0.00265852187687169,0.00293232767133177));
#3158=CARTESIAN_POINT('',(0.034726389228762,0.00295402833794838,0.00293232767133176));
#3159=CARTESIAN_POINT('',(0.0347627692441041,0.00310849746895397,0.00293232767133176));
#3160=CARTESIAN_POINT('',(0.0347952477624387,0.00334488810054538,0.00293232767133176));
#3161=CARTESIAN_POINT('',(0.0348097138725524,0.00350466818360574,0.00293232767133176));
#3162=CARTESIAN_POINT('',(0.0348112871483877,0.00367201742123303,0.00293232767133172));
#3163=CARTESIAN_POINT('',(0.034811287076932,0.00376710905823093,0.00293232767133176));
#3164=CARTESIAN_POINT('',(0.032468075152297,0.00128210749257529,0.00297375970929191));
#3165=CARTESIAN_POINT('',(0.0325628769739011,0.00128210742128691,0.00297375970929189));
#3166=CARTESIAN_POINT('',(0.0327362878970217,0.00128366525690808,0.00297375970929191));
#3167=CARTESIAN_POINT('',(0.0329035465880744,0.0012986953789345,0.00297375970929191));
#3168=CARTESIAN_POINT('',(0.0331518425932306,0.00133263331071733,0.0029737597092919));
#3169=CARTESIAN_POINT('',(0.0333151553124489,0.00137086671767861,0.00297375970929191));
#3170=CARTESIAN_POINT('',(0.0336283201536181,0.00147873735164761,0.00297375970929191));
#3171=CARTESIAN_POINT('',(0.0339275291611154,0.00161784469068366,0.00297375970929191));
#3172=CARTESIAN_POINT('',(0.0343143704404417,0.00191923933179294,0.00297375970929191));
#3173=CARTESIAN_POINT('',(0.0346142477371906,0.00230282597766554,0.00297375970929191));
#3174=CARTESIAN_POINT('',(0.0347547082077817,0.00260281008799543,0.00297375970929191));
#3175=CARTESIAN_POINT('',(0.0348635357953051,0.00291679887551134,0.00297375970929191));
#3176=CARTESIAN_POINT('',(0.0349020555011921,0.00308057090475488,0.00297375970929191));
#3177=CARTESIAN_POINT('',(0.0349363165308973,0.00332995195985945,0.00297375970929191));
#3178=CARTESIAN_POINT('',(0.0349515118235112,0.00349800875811077,0.0029737597092919));
#3179=CARTESIAN_POINT('',(0.0349530767894583,0.00367201732754382,0.00297375970929189));
#3180=CARTESIAN_POINT('',(0.0349530767179512,0.00376710905823093,0.00297375970929191));
#3181=CARTESIAN_POINT('',(0.032468075152297,0.0012105221380997,0.00298641949866862));
#3182=CARTESIAN_POINT('',(0.0325628770210625,0.00121052206678534,0.00298641949866861));
#3183=CARTESIAN_POINT('',(0.032739631539554,0.00121207590324248,0.00298641949866862));
#3184=CARTESIAN_POINT('',(0.0329110444651288,0.00122746960275897,0.00298641949866862));
#3185=CARTESIAN_POINT('',(0.0331658653117419,0.00126229836202718,0.00298641949866862));
#3186=CARTESIAN_POINT('',(0.0333338600335422,0.00130160416668008,0.00298641949866862));
#3187=CARTESIAN_POINT('',(0.0336563231986898,0.00141266241160446,0.00298641949866862));
#3188=CARTESIAN_POINT('',(0.0339647885334952,0.00155599301808768,0.00298641949866862));
#3189=CARTESIAN_POINT('',(0.0343654819852605,0.00186806601322453,0.00298641949866862));
#3190=CARTESIAN_POINT('',(0.0346759976964766,0.00226540477511447,0.00298641949866862));
#3191=CARTESIAN_POINT('',(0.0348207299299193,0.00257468286991018,0.00298641949866862));
#3192=CARTESIAN_POINT('',(0.034932777000167,0.00289800283197575,0.00298641949866862));
#3193=CARTESIAN_POINT('',(0.0349723769718972,0.00306647161666087,0.00298641949866862));
#3194=CARTESIAN_POINT('',(0.0350075379383496,0.00332241114857158,0.00298641949866862));
#3195=CARTESIAN_POINT('',(0.0350231013734271,0.00349464661309626,0.00298641949866861));
#3196=CARTESIAN_POINT('',(0.0350246621439598,0.00367201728024295,0.00298641949866861));
#3197=CARTESIAN_POINT('',(0.0350246620724268,0.00376710905823093,0.00298641949866862));
#3198=CARTESIAN_POINT('',(0.032468075152297,0.00107183989992753,0.00299959718851983));
#3199=CARTESIAN_POINT('',(0.032562877112428,0.00107183982856285,0.00299959718851983));
#3200=CARTESIAN_POINT('',(0.0327461091750066,0.00107338591744338,0.00299959718851983));
#3201=CARTESIAN_POINT('',(0.0329255700951136,0.00108948397528065,0.00299959718851983));
#3202=CARTESIAN_POINT('',(0.0331930315107871,0.00112603853377698,0.00299959718851983));
#3203=CARTESIAN_POINT('',(0.033370096671673,0.00116742189344336,0.00299959718851983));
#3204=CARTESIAN_POINT('',(0.0337105734708947,0.00128465549399677,0.00299959718851983));
#3205=CARTESIAN_POINT('',(0.0340369710796651,0.0014361678324315,0.00299959718851983));
#3206=CARTESIAN_POINT('',(0.0344645003317343,0.00176892799252529,0.00299959718851983));
#3207=CARTESIAN_POINT('',(0.0347956258330354,0.00219290871550991,0.00299959718851983));
#3208=CARTESIAN_POINT('',(0.0349486337485298,0.00252019203744598,0.00299959718851983));
#3209=CARTESIAN_POINT('',(0.0350669179195536,0.00286158927496551,0.00299959718851983));
#3210=CARTESIAN_POINT('',(0.0351086106892601,0.00303915707943694,0.00299959718851984));
#3211=CARTESIAN_POINT('',(0.0351455151023047,0.0033078023421377,0.00299959718851983));
#3212=CARTESIAN_POINT('',(0.0351617917394217,0.00348813313280286,0.00299959718851983));
#3213=CARTESIAN_POINT('',(0.0351633443821821,0.00367201718860704,0.00299959718851983));
#3214=CARTESIAN_POINT('',(0.035163344310599,0.00376710905823093,0.00299959718851983));
#3215=CARTESIAN_POINT('',(0.032468075152297,0.00100497319421962,0.003));
#3216=CARTESIAN_POINT('',(0.0325628771564804,0.00100497312283068,0.003));
#3217=CARTESIAN_POINT('',(0.0327492324166647,0.00100651547615767,0.003));
#3218=CARTESIAN_POINT('',(0.0329325737391146,0.00102295314576621,0.003));
#3219=CARTESIAN_POINT('',(0.0332061299021939,0.00106033981160821,0.003));
#3220=CARTESIAN_POINT('',(0.0333875684449128,0.00110272488037238,0.003));
#3221=CARTESIAN_POINT('',(0.0337367306560823,0.0012229359760465,0.003));
#3222=CARTESIAN_POINT('',(0.0340717744483993,0.00137839319934749,0.003));
#3223=CARTESIAN_POINT('',(0.034512242787586,0.00172112783482714,0.003));
#3224=CARTESIAN_POINT('',(0.0348533054573846,0.00215795418386655,0.003));
#3225=CARTESIAN_POINT('',(0.0350103035565071,0.00249391886428275,0.003));
#3226=CARTESIAN_POINT('',(0.0351315949935484,0.00284403219892986,0.003));
#3227=CARTESIAN_POINT('',(0.035174296821864,0.00302598716563852,0.003));
#3228=CARTESIAN_POINT('',(0.0352120418510665,0.0033007585939733,0.003));
#3229=CARTESIAN_POINT('',(0.0352286623640216,0.00348499260827965,0.003));
#3230=CARTESIAN_POINT('',(0.0352302110879141,0.0036720171444241,0.003));
#3231=CARTESIAN_POINT('',(0.0352302110163069,0.00376710905823093,0.003));
#3232=CARTESIAN_POINT('',(0.032468075152297,0.000938681933483383,0.003));
#3233=CARTESIAN_POINT('',(0.0325628772001538,0.000938681862070386,0.003));
#3234=CARTESIAN_POINT('',(0.0327523287801675,0.000940220511991462,0.003));
#3235=CARTESIAN_POINT('',(0.032939517110792,0.000956994870722633,0.003));
#3236=CARTESIAN_POINT('',(0.0332191155707831,0.000995206482917651,0.003));
#3237=CARTESIAN_POINT('',(0.0334048898586583,0.00103858464021939,0.003));
#3238=CARTESIAN_POINT('',(0.033762662736406,0.00116174760713195,0.003));
#3239=CARTESIAN_POINT('',(0.0341062783044939,0.00132111576620395,0.003));
#3240=CARTESIAN_POINT('',(0.0345595743789295,0.00167373903821074,0.003));
#3241=CARTESIAN_POINT('',(0.0349104886994244,0.00212330046574851,0.003));
#3242=CARTESIAN_POINT('',(0.0350714426432455,0.00246787179415878,0.003));
#3243=CARTESIAN_POINT('',(0.0351957154662178,0.00282662621649177,0.003));
#3244=CARTESIAN_POINT('',(0.0352394176693338,0.00301293059016883,0.003));
#3245=CARTESIAN_POINT('',(0.0352779960804757,0.00329377546326299,0.003));
#3246=CARTESIAN_POINT('',(0.0352949575099245,0.00348187911064562,0.003));
#3247=CARTESIAN_POINT('',(0.0352965023486742,0.0036720171006214,0.003));
#3248=CARTESIAN_POINT('',(0.0352965022770431,0.00376710905823093,0.003));
#3249=CARTESIAN_POINT('',(0.0352965022770431,0.00376710905823091,0.003));
#3250=CARTESIAN_POINT('',(0.0352965024454285,0.00354357369228588,0.003));
#3251=CARTESIAN_POINT('',(0.0352804213501573,0.00319124579685862,0.003));
#3252=CARTESIAN_POINT('',(0.0351530831421545,0.00264243392882334,0.003));
#3253=CARTESIAN_POINT('',(0.0349060047095954,0.00211410448376011,0.003));
#3254=CARTESIAN_POINT('',(0.0345587899716723,0.00167500784792175,0.003));
#3255=CARTESIAN_POINT('',(0.0341138999233515,0.00132523650934832,0.003));
#3256=CARTESIAN_POINT('',(0.0336806188009482,0.0011227956049706,0.003));
#3257=CARTESIAN_POINT('',(0.0333115641247016,0.0010168817289154,0.003));
#3258=CARTESIAN_POINT('',(0.0329631097448765,0.000952333522786744,0.003));
#3259=CARTESIAN_POINT('',(0.0326905757775588,0.000938681765876914,0.003));
#3260=CARTESIAN_POINT('',(0.032468075152297,0.000938681933483381,0.003));
#3261=CARTESIAN_POINT('',(0.0352965022770431,0.00376710905823093,0.003));
#3262=CARTESIAN_POINT('',(0.0342358421052632,0.00376710905823093,0.00193933982822014));
#3263=CARTESIAN_POINT('',(0.0342358421052632,0.00376710905823093,0.00207192234969264));
#3264=CARTESIAN_POINT('',(0.0342496527845831,0.00376710905823091,0.00235642234368568));
#3265=CARTESIAN_POINT('',(0.0344692425857719,0.0037671090582309,0.0027665995194912));
#3266=CARTESIAN_POINT('',(0.0348794197615775,0.00376710905823092,0.00298618932067998));
#3267=CARTESIAN_POINT('',(0.0351639197555706,0.00376710905823093,0.003));
#3268=CARTESIAN_POINT('',(0.0352965022770431,0.00376710905823093,0.003));
#3269=CARTESIAN_POINT('',(0.0342358421052632,0.00376710905823025,0.00193933982822205));
#3270=CARTESIAN_POINT('',(0.0324680751522969,0.0019993421052632,0.00193933982822018));
#3271=CARTESIAN_POINT('',(0.0326890460214176,0.0019993421052632,0.00193933982822018));
#3272=CARTESIAN_POINT('',(0.0331632126780727,0.00202235990413015,0.00193933982822017));
#3273=CARTESIAN_POINT('',(0.0338468413044151,0.00238834290611198,0.00193933982822016));
#3274=CARTESIAN_POINT('',(0.0342128243063965,0.00307197153245555,0.00193933982822015));
#3275=CARTESIAN_POINT('',(0.0342358421052633,0.0035461381891108,0.00193933982822015));
#3276=CARTESIAN_POINT('',(0.0342358421052633,0.00376710905823093,0.00193933982822015));
#3277=CARTESIAN_POINT('',(0.0342358421052631,0.00376710905822956,0.00193933982822017));
#3278=CARTESIAN_POINT('',(0.0342358421052631,0.0146247596363559,0.00193933982822017));
#3279=CARTESIAN_POINT('',(0.0342358421052631,0.00376710905822956,0.00209843885398715));
#3280=CARTESIAN_POINT('',(0.0342358421052631,0.0146247596363559,0.00209843885398715));
#3281=CARTESIAN_POINT('',(0.0342358421052631,0.00376710905822956,0.00225753787975413));
#3282=CARTESIAN_POINT('',(0.0342358421052631,0.0146247596363559,0.00225753787975413));
#3283=CARTESIAN_POINT('',(0.034341908122441,0.00376710905822953,0.00264644660940672));
#3284=CARTESIAN_POINT('',(0.034341908122441,0.0146247596363559,0.00264644660940672));
#3285=CARTESIAN_POINT('',(0.0345893954958564,0.00376710905822953,0.00289393398282208));
#3286=CARTESIAN_POINT('',(0.0345893954958564,0.0146247596363559,0.00289393398282208));
#3287=CARTESIAN_POINT('',(0.034978304225509,0.00376710905822956,0.003));
#3288=CARTESIAN_POINT('',(0.034978304225509,0.0146247596363559,0.003));
#3289=CARTESIAN_POINT('',(0.0351374032512761,0.00376710905822956,0.003));
#3290=CARTESIAN_POINT('',(0.0351374032512761,0.0146247596363559,0.003));
#3291=CARTESIAN_POINT('',(0.035296502277043,0.00376710905822956,0.003));
#3292=CARTESIAN_POINT('',(0.035296502277043,0.0146247596363559,0.003));
#3293=CARTESIAN_POINT('',(0.035296502277043,0.014560002277043,0.003));
#3294=CARTESIAN_POINT('',(0.035296502277043,0.0109623712041052,0.003));
#3295=CARTESIAN_POINT('',(0.035296502277043,0.00736474013116738,0.003));
#3296=CARTESIAN_POINT('',(0.035296502277043,0.00376710905822956,0.003));
#3297=CARTESIAN_POINT('',(0.035296502277043,0.014560002277043,0.003));
#3298=CARTESIAN_POINT('',(0.035296502277043,0.014560002277043,0.003));
#3299=CARTESIAN_POINT('',(0.0351744993001329,0.0144379993001322,0.003));
#3300=CARTESIAN_POINT('',(0.0349290201319418,0.0141925201319422,0.00298725769866091));
#3301=CARTESIAN_POINT('',(0.0345690551835762,0.013832555183576,0.00284007108175731));
#3302=CARTESIAN_POINT('',(0.0342759867122693,0.0135394867122694,0.00247597710806249));
#3303=CARTESIAN_POINT('',(0.0342358421052631,0.0134993421052632,0.00211536940145886));
#3304=CARTESIAN_POINT('',(0.0342358421052631,0.0134993421052632,0.00193933982822018));
#3305=CARTESIAN_POINT('',(0.0342358421052631,0.0134993421052632,0.00193933982822018));
#3306=CARTESIAN_POINT('',(0.0342358421052632,0.00376710905822957,0.00193933982822018));
#3307=CARTESIAN_POINT('',(0.0342358421052632,0.00701118674057412,0.00193933982822018));
#3308=CARTESIAN_POINT('',(0.0342358421052631,0.0102552644229187,0.00193933982822018));
#3309=CARTESIAN_POINT('',(0.0342358421052631,0.0134993421052632,0.00193933982822018));
#3310=CARTESIAN_POINT('',(-0.0031713909417724,0.0145600022770418,0.00299999999999993));
#3311=CARTESIAN_POINT('',(0.0355273096363559,0.0145600022770427,0.00299999999999993));
#3312=CARTESIAN_POINT('',(-0.0031713909417724,0.0144009032512752,0.00299999999999993));
#3313=CARTESIAN_POINT('',(0.0355273096363559,0.0144009032512762,0.00299999999999993));
#3314=CARTESIAN_POINT('',(-0.0031713909417724,0.0142418042255087,0.00300000000000003));
#3315=CARTESIAN_POINT('',(0.0355273096363559,0.0142418042255097,0.00300000000000003));
#3316=CARTESIAN_POINT('',(-0.00317139094177382,0.0138528954959614,0.00289393398284906));
#3317=CARTESIAN_POINT('',(0.0355273096363544,0.0138528954959624,0.00289393398284906));
#3318=CARTESIAN_POINT('',(-0.00317139094177099,0.0136054081224429,0.00264644660938324));
#3319=CARTESIAN_POINT('',(0.0355273096363573,0.0136054081224439,0.00264644660938324));
#3320=CARTESIAN_POINT('',(-0.00317139094177335,0.0134993421051607,0.00225753787970646));
#3321=CARTESIAN_POINT('',(0.0355273096363549,0.0134993421051617,0.00225753787970646));
#3322=CARTESIAN_POINT('',(-0.00317139094177193,0.0134993421051598,0.00209843885393824));
#3323=CARTESIAN_POINT('',(0.0355273096363563,0.0134993421051608,0.00209843885393824));
#3324=CARTESIAN_POINT('',(-0.00317139094177051,0.0134993421052614,0.00193933982820873));
#3325=CARTESIAN_POINT('',(0.0355273096363578,0.0134993421052624,0.00193933982820873));
#3326=CARTESIAN_POINT('',(-0.00317139094177049,0.014560002277043,0.003));
#3327=CARTESIAN_POINT('',(0.00965124013116733,0.014560002277043,0.003));
#3328=CARTESIAN_POINT('',(0.0224738712041052,0.014560002277043,0.003));
#3329=CARTESIAN_POINT('',(0.035296502277043,0.014560002277043,0.003));
#3330=CARTESIAN_POINT('',(-0.00317139094177049,0.014560002277043,0.003));
#3331=CARTESIAN_POINT('',(-0.00317139094177048,0.014560002277043,0.00299999999999993));
#3332=CARTESIAN_POINT('',(-0.00317139094177064,0.0144274197555719,0.00299999999999993));
#3333=CARTESIAN_POINT('',(-0.00317139094177147,0.0141429197616096,0.00298618932068895));
#3334=CARTESIAN_POINT('',(-0.00317139094177138,0.0137327425858313,0.00276659951949737));
#3335=CARTESIAN_POINT('',(-0.00317139094177236,0.0135131527844994,0.00235642234364986));
#3336=CARTESIAN_POINT('',(-0.00317139094177151,0.0134993421051767,0.00207192234966038));
#3337=CARTESIAN_POINT('',(-0.00317139094177048,0.0134993421052614,0.00193933982822018));
#3338=CARTESIAN_POINT('',(-0.00317139094177049,0.0134993421052632,0.00193933982823999));
#3339=CARTESIAN_POINT('',(0.0342358421052631,0.0134993421052632,0.00193933982822018));
#3340=CARTESIAN_POINT('',(0.0217667644229186,0.0134993421052632,0.00193933982822018));
#3341=CARTESIAN_POINT('',(0.00929768674057404,0.0134993421052632,0.00193933982822018));
#3342=CARTESIAN_POINT('',(-0.00317139094177051,0.0134993421052632,0.00193933982822018));
#3343=CARTESIAN_POINT('',(-0.00317139094177049,0.0134993421052632,0.00193933982822017));
#3344=CARTESIAN_POINT('',(-0.00326619229084449,0.0134993421052632,0.0019393398282202));
#3345=CARTESIAN_POINT('',(-0.00340610275360277,0.0134977443022325,0.00193933982822018));
#3346=CARTESIAN_POINT('',(-0.00353173895342667,0.0134863569494206,0.00193933982822021));
#3347=CARTESIAN_POINT('',(-0.00371466066283059,0.0134613444479315,0.00193933982822025));
#3348=CARTESIAN_POINT('',(-0.0038310630282385,0.0134338557204549,0.0019393398282203));
#3349=CARTESIAN_POINT('',(-0.00405106524066614,0.0133579227081658,0.00193933982822035));
#3350=CARTESIAN_POINT('',(-0.00425753239620643,0.0132611295105894,0.00193933982822038));
#3351=CARTESIAN_POINT('',(-0.00450558470783111,0.0130667244273744,0.00193933982822035));
#3352=CARTESIAN_POINT('',(-0.00469887261281459,0.0128209242546419,0.0019393398282203));
#3353=CARTESIAN_POINT('',(-0.00479653305233302,0.0126140592943491,0.00193933982822031));
#3354=CARTESIAN_POINT('',(-0.00487310368555236,0.0123935622750619,0.00193933982822025));
#3355=CARTESIAN_POINT('',(-0.00490079987859973,0.0122768484128478,0.00193933982822019));
#3356=CARTESIAN_POINT('',(-0.00492604420974758,0.0120931786558977,0.00193933982822024));
#3357=CARTESIAN_POINT('',(-0.00493755099540366,0.0119669891377377,0.00193933982822027));
#3358=CARTESIAN_POINT('',(-0.00493915789473687,0.0118266664090649,0.00193933982821997));
#3359=CARTESIAN_POINT('',(-0.00493915789473687,0.0117315751522966,0.00193933982822017));
#3360=CARTESIAN_POINT('',(-0.00317139094177049,0.0134993421052632,0.00200563108895641));
#3361=CARTESIAN_POINT('',(-0.00326619229084449,0.013499342134858,0.00200563108895642));
#3362=CARTESIAN_POINT('',(-0.0034061027536024,0.0134977442895839,0.00200563108895643));
#3363=CARTESIAN_POINT('',(-0.00353173895342741,0.0134863569451231,0.00200563108895645));
#3364=CARTESIAN_POINT('',(-0.0037146606628291,0.0134613444565266,0.00200563108895648));
#3365=CARTESIAN_POINT('',(-0.00383106302822366,0.01343385572354,0.00200563108895653));
#3366=CARTESIAN_POINT('',(-0.00405106524068099,0.0133579227050807,0.00200563108895658));
#3367=CARTESIAN_POINT('',(-0.00425753239631007,0.0132611295120213,0.00200563108895661));
#3368=CARTESIAN_POINT('',(-0.00450558470744616,0.0130667244269906,0.00200563108895658));
#3369=CARTESIAN_POINT('',(-0.00469887261425083,0.0128209242547453,0.00200563108895653));
#3370=CARTESIAN_POINT('',(-0.00479653304923848,0.0126140592943639,0.00200563108895655));
#3371=CARTESIAN_POINT('',(-0.00487310368864692,0.0123935622750471,0.00200563108895648));
#3372=CARTESIAN_POINT('',(-0.00490079988722121,0.0122768484128463,0.00200563108895642));
#3373=CARTESIAN_POINT('',(-0.00492604420543684,0.0120931786558984,0.00200563108895648));
#3374=CARTESIAN_POINT('',(-0.00493755098271613,0.0119669891377374,0.00200563108895651));
#3375=CARTESIAN_POINT('',(-0.00493915792442267,0.0118266664090649,0.00200563108895619));
#3376=CARTESIAN_POINT('',(-0.00493915789473687,0.0117315751522966,0.00200563108895641));
#3377=CARTESIAN_POINT('',(-0.00317139094177049,0.0134997449167433,0.00207249779466432));
#3378=CARTESIAN_POINT('',(-0.00326619229110987,0.0134997449615519,0.00207249779466433));
#3379=CARTESIAN_POINT('',(-0.00340612156831099,0.0134981471170653,0.00207249779466434));
#3380=CARTESIAN_POINT('',(-0.00353178114405431,0.0134867577310435,0.00207249779466435));
#3381=CARTESIAN_POINT('',(-0.00371473956880067,0.0134617402363797,0.00207249779466438));
#3382=CARTESIAN_POINT('',(-0.00383116827986205,0.0134342454661685,0.00207249779466443));
#3383=CARTESIAN_POINT('',(-0.00405122281409338,0.0133582945078198,0.00207249779466447));
#3384=CARTESIAN_POINT('',(-0.00425774205521115,0.0132614775527157,0.0020724977946645));
#3385=CARTESIAN_POINT('',(-0.00450587231240401,0.0130670123795506,0.00207249779466447));
#3386=CARTESIAN_POINT('',(-0.00469922008260571,0.0128211348242661,0.00207249779466442));
#3387=CARTESIAN_POINT('',(-0.00479690455251504,0.012614217566499,0.00207249779466445));
#3388=CARTESIAN_POINT('',(-0.0048734933111654,0.0123936680405577,0.00207249779466438));
#3389=CARTESIAN_POINT('',(-0.00490119559124719,0.0122769277496756,0.00207249779466432));
#3390=CARTESIAN_POINT('',(-0.00492644496676762,0.0120932210881166,0.00207249779466439));
#3391=CARTESIAN_POINT('',(-0.00493795381128192,0.0119670080565596,0.00207249779466443));
#3392=CARTESIAN_POINT('',(-0.00493956075116331,0.0118266664093311,0.00207249779466407));
#3393=CARTESIAN_POINT('',(-0.00493956070621704,0.0117315751522966,0.00207249779466432));
#3394=CARTESIAN_POINT('',(-0.00317139094177049,0.0135129226065946,0.00221118003283649));
#3395=CARTESIAN_POINT('',(-0.00326619229979153,0.0135129226701358,0.0022111800328365));
#3396=CARTESIAN_POINT('',(-0.00340673707806951,0.0135113255350977,0.0022111800328365));
#3397=CARTESIAN_POINT('',(-0.00353316138026495,0.0134998692257068,0.00221118003283651));
#3398=CARTESIAN_POINT('',(-0.00371732092132312,0.01347468775247,0.00221118003283654));
#3399=CARTESIAN_POINT('',(-0.00383461151227257,0.0134469955679429,0.00221118003283657));
#3400=CARTESIAN_POINT('',(-0.00405637771548656,0.0133704578187855,0.00221118003283661));
#3401=CARTESIAN_POINT('',(-0.00426460089472609,0.0132728634322588,0.00221118003283663));
#3402=CARTESIAN_POINT('',(-0.00451528110939798,0.0130764325480796,0.00221118003283661));
#3403=CARTESIAN_POINT('',(-0.00471058723839923,0.0128280234540616,0.00221118003283657));
#3404=CARTESIAN_POINT('',(-0.00480905806693099,0.0126193953261077,0.0022111800328366));
#3405=CARTESIAN_POINT('',(-0.00488623948347205,0.0123971280839323,0.00221118003283653));
#3406=CARTESIAN_POINT('',(-0.00491414062627812,0.0122795231974026,0.00221118003283647));
#3407=CARTESIAN_POINT('',(-0.00493955565721223,0.0120946092278156,0.00221118003283655));
#3408=CARTESIAN_POINT('',(-0.00495113226541607,0.0119676269723216,0.0022111800328366));
#3409=CARTESIAN_POINT('',(-0.0049527384598048,0.0118266664180385,0.00221118003283624));
#3410=CARTESIAN_POINT('',(-0.00495273839606825,0.0117315751522966,0.00221118003283649));
#3411=CARTESIAN_POINT('',(-0.00317139094177049,0.0135255823959713,0.00228276538731208));
#3412=CARTESIAN_POINT('',(-0.00326619230813199,0.013525582462939,0.0022827653873121));
#3413=CARTESIAN_POINT('',(-0.00340732839748836,0.0135239860302641,0.00228276538731209));
#3414=CARTESIAN_POINT('',(-0.00353448737138397,0.0135124654235689,0.0022827653873121));
#3415=CARTESIAN_POINT('',(-0.00371980082331049,0.0134871264099845,0.00228276538731212));
#3416=CARTESIAN_POINT('',(-0.00383791942114587,0.0134592445724955,0.00228276538731215));
#3417=CARTESIAN_POINT('',(-0.00406133002249453,0.0133821430972146,0.00228276538731219));
#3418=CARTESIAN_POINT('',(-0.00427119017281168,0.013283801831115,0.0022827653873122));
#3419=CARTESIAN_POINT('',(-0.00452432012853366,0.0130854824918335,0.00228276538731219));
#3420=CARTESIAN_POINT('',(-0.00472150764937151,0.0128346413516308,0.00228276538731215));
#3421=CARTESIAN_POINT('',(-0.00482073393383225,0.0126243695929734,0.00228276538731218));
#3422=CARTESIAN_POINT('',(-0.0048984847129855,0.0124004521430768,0.00228276538731212));
#3423=CARTESIAN_POINT('',(-0.00492657690022927,0.0122820166406345,0.00228276538731206));
#3424=CARTESIAN_POINT('',(-0.00495215108246904,0.0120959428118055,0.00228276538731213));
#3425=CARTESIAN_POINT('',(-0.00496379279528469,0.0119682215638836,0.00228276538731218));
#3426=CARTESIAN_POINT('',(-0.00496539825261851,0.0118266664264036,0.00228276538731185));
#3427=CARTESIAN_POINT('',(-0.00496539818544496,0.0117315751522966,0.00228276538731208));
#3428=CARTESIAN_POINT('',(-0.00317139094177049,0.0135670144339314,0.00242455502833126));
#3429=CARTESIAN_POINT('',(-0.00326619233542804,0.0135670145046135,0.00242455502833128));
#3430=CARTESIAN_POINT('',(-0.0034092636246774,0.013565420381287,0.00242455502833126));
#3431=CARTESIAN_POINT('',(-0.00353882697868241,0.013553689344934,0.00242455502833127));
#3432=CARTESIAN_POINT('',(-0.0037279168661786,0.0135278347414905,0.0024245550283313));
#3433=CARTESIAN_POINT('',(-0.00384874530473498,0.0134993322229768,0.00242455502833132));
#3434=CARTESIAN_POINT('',(-0.00407753757269867,0.0134203858274006,0.00242455502833134));
#3435=CARTESIAN_POINT('',(-0.00429275508288372,0.0133196002270087,0.00242455502833136));
#3436=CARTESIAN_POINT('',(-0.00455390237307525,0.0131151004896708,0.00242455502833134));
#3437=CARTESIAN_POINT('',(-0.00475724717582592,0.0128562999254675,0.00242455502833132));
#3438=CARTESIAN_POINT('',(-0.00485894586265689,0.0126406490118027,0.00242455502833133));
#3439=CARTESIAN_POINT('',(-0.00493856000879078,0.0124113308820988,0.00242455502833129));
#3440=CARTESIAN_POINT('',(-0.00496727743097556,0.012290177000303,0.00242455502833125));
#3441=CARTESIAN_POINT('',(-0.00499337247531097,0.0121003072684995,0.0024245550283313));
#3442=CARTESIAN_POINT('',(-0.00500522725988799,0.0119701674999047,0.00242455502833133));
#3443=CARTESIAN_POINT('',(-0.00500683029430442,0.0118266664537806,0.0024245550283311));
#3444=CARTESIAN_POINT('',(-0.00500683022340511,0.0117315751522966,0.00242455502833126));
#3445=CARTESIAN_POINT('',(-0.00317139094177049,0.0135956715935205,0.00249452913688618));
#3446=CARTESIAN_POINT('',(-0.00326619235430781,0.0135956716643979,0.0024945291368862));
#3447=CARTESIAN_POINT('',(-0.00341060215681652,0.0135940791417589,0.00249452913688617));
#3448=CARTESIAN_POINT('',(-0.0035418285403971,0.0135822025575562,0.00249452913688619));
#3449=CARTESIAN_POINT('',(-0.00373353046249583,0.0135559913367594,0.00249452913688621));
#3450=CARTESIAN_POINT('',(-0.00385623320755197,0.0135270595143122,0.00249452913688623));
#3451=CARTESIAN_POINT('',(-0.00408874779492201,0.01344683704936,0.00249452913688625));
#3452=CARTESIAN_POINT('',(-0.00430767081234189,0.0133443607840537,0.00249452913688627));
#3453=CARTESIAN_POINT('',(-0.00457436342558072,0.0131355862715391,0.00249452913688625));
#3454=CARTESIAN_POINT('',(-0.00478196701484168,0.0128712804390296,0.00249452913688623));
#3455=CARTESIAN_POINT('',(-0.00488537578034214,0.0126519089431585,0.00249452913688624));
#3456=CARTESIAN_POINT('',(-0.00496627875480788,0.0124188553432569,0.00249452913688621));
#3457=CARTESIAN_POINT('',(-0.0049954286307169,0.0122958212490738,0.00249452913688618));
#3458=CARTESIAN_POINT('',(-0.00502188393903905,0.0121033260177128,0.00249452913688621));
#3459=CARTESIAN_POINT('',(-0.00503388609892291,0.011971513438986,0.00249452913688623));
#3460=CARTESIAN_POINT('',(-0.00503548745408948,0.0118266664727163,0.00249452913688606));
#3461=CARTESIAN_POINT('',(-0.00503548738299422,0.0117315751522966,0.00249452913688618));
#3462=CARTESIAN_POINT('',(-0.00317139094177049,0.0136686955604253,0.00262400425551164));
#3463=CARTESIAN_POINT('',(-0.0032661924024171,0.0136686956315603,0.00262400425551167));
#3464=CARTESIAN_POINT('',(-0.0034140129947373,0.0136671071881245,0.00262400425551164));
#3465=CARTESIAN_POINT('',(-0.00354947709826044,0.0136548597198753,0.00262400425551165));
#3466=CARTESIAN_POINT('',(-0.0037478349880512,0.0136277397692123,0.00262400425551167));
#3467=CARTESIAN_POINT('',(-0.00387531382738092,0.0135977139976299,0.00262400425551169));
#3468=CARTESIAN_POINT('',(-0.00411731360215363,0.0135142398619684,0.0026240042555117));
#3469=CARTESIAN_POINT('',(-0.00434567896632181,0.0134074554565122,0.00262400425551171));
#3470=CARTESIAN_POINT('',(-0.00462650213166704,0.0131877879928089,0.0026240042555117));
#3471=CARTESIAN_POINT('',(-0.00484495792991235,0.0129094536753949,0.00262400425551169));
#3472=CARTESIAN_POINT('',(-0.00495272430555314,0.012680601418842,0.00262400425551169));
#3473=CARTESIAN_POINT('',(-0.00503691146300708,0.0124380291207863,0.00262400425551167));
#3474=CARTESIAN_POINT('',(-0.00506716331432518,0.0123102038829897,0.00262400425551166));
#3475=CARTESIAN_POINT('',(-0.00509453664483896,0.0121110183726358,0.00262400425551166));
#3476=CARTESIAN_POINT('',(-0.00510691434548229,0.0119749431512233,0.00262400425551166));
#3477=CARTESIAN_POINT('',(-0.00510851142125275,0.0118266665209681,0.00262400425551161));
#3478=CARTESIAN_POINT('',(-0.00510851134989898,0.0117315751522966,0.00262400425551164));
#3479=CARTESIAN_POINT('',(-0.00317139094177049,0.0137129472787466,0.00268327508759352));
#3480=CARTESIAN_POINT('',(-0.0032661924315708,0.0137129473498515,0.00268327508759356));
#3481=CARTESIAN_POINT('',(-0.00341607992488787,0.0137113613786337,0.00268327508759352));
#3482=CARTESIAN_POINT('',(-0.00355411203994437,0.0136988891586915,0.00268327508759353));
#3483=CARTESIAN_POINT('',(-0.00375650337272581,0.0136712185276737,0.00268327508759355));
#3484=CARTESIAN_POINT('',(-0.00388687647249406,0.0136405298350189,0.00268327508759356));
#3485=CARTESIAN_POINT('',(-0.00413462416618909,0.0135550852228199,0.00268327508759358));
#3486=CARTESIAN_POINT('',(-0.00436871148831529,0.013445690131933,0.00268327508759359));
#3487=CARTESIAN_POINT('',(-0.00465809761234746,0.0132194216599953,0.00268327508759357));
#3488=CARTESIAN_POINT('',(-0.00488312972950089,0.0129325862354926,0.00268327508759356));
#3489=CARTESIAN_POINT('',(-0.00499353676884075,0.0126979887425619,0.00268327508759356));
#3490=CARTESIAN_POINT('',(-0.00507971410491445,0.0124496482184381,0.00268327508759355));
#3491=CARTESIAN_POINT('',(-0.00511063374113832,0.0123189196004691,0.00268327508759355));
#3492=CARTESIAN_POINT('',(-0.00513856338305375,0.0121156798548547,0.00268327508759353));
#3493=CARTESIAN_POINT('',(-0.00515116865730699,0.0119770215190015,0.00268327508759353));
#3494=CARTESIAN_POINT('',(-0.00515276313954381,0.0118266665502081,0.00268327508759352));
#3495=CARTESIAN_POINT('',(-0.0051527630682203,0.0117315751522966,0.00268327508759353));
#3496=CARTESIAN_POINT('',(-0.00317139094177049,0.0138160670176696,0.00278639482651656));
#3497=CARTESIAN_POINT('',(-0.00326619249950766,0.013816067088812,0.0027863948265166));
#3498=CARTESIAN_POINT('',(-0.00342089649033626,0.0138144868784477,0.00278639482651655));
#3499=CARTESIAN_POINT('',(-0.00356491284033136,0.0138014909198704,0.00278639482651657));
#3500=CARTESIAN_POINT('',(-0.00377670330164247,0.0137725370389702,0.00278639482651659));
#3501=CARTESIAN_POINT('',(-0.00391382089387601,0.0137403035419235,0.00278639482651659));
#3502=CARTESIAN_POINT('',(-0.00417496295780362,0.0136502671300203,0.0027863948265166));
#3503=CARTESIAN_POINT('',(-0.00442238415335118,0.0135347883612675,0.00278639482651661));
#3504=CARTESIAN_POINT('',(-0.00473172453221511,0.013293137565843,0.0027863948265166));
#3505=CARTESIAN_POINT('',(-0.00497208143934054,0.0129864920192319,0.00278639482651659));
#3506=CARTESIAN_POINT('',(-0.00508864201487811,0.0127385064071991,0.00278639482651658));
#3507=CARTESIAN_POINT('',(-0.00517945706240037,0.0124767241911197,0.00278639482651659));
#3508=CARTESIAN_POINT('',(-0.00521193283720241,0.0123392298289776,0.00278639482651659));
#3509=CARTESIAN_POINT('',(-0.00524115885102363,0.0121265425026262,0.00278639482651656));
#3510=CARTESIAN_POINT('',(-0.00525429443982238,0.0119818647375431,0.00278639482651655));
#3511=CARTESIAN_POINT('',(-0.00525588287850439,0.0118266666183461,0.0027863948265166));
#3512=CARTESIAN_POINT('',(-0.00525588280714334,0.0117315751522966,0.00278639482651656));
#3513=CARTESIAN_POINT('',(-0.00317139094177049,0.0138753378497515,0.00283064654483789));
#3514=CARTESIAN_POINT('',(-0.0032661925385562,0.0138753379209155,0.00283064654483793));
#3515=CARTESIAN_POINT('',(-0.00342366494034287,0.013873761021756,0.00283064654483788));
#3516=CARTESIAN_POINT('',(-0.00357112088966094,0.0138604640303694,0.00283064654483789));
#3517=CARTESIAN_POINT('',(-0.00378831375185685,0.0138307725672265,0.00283064654483792));
#3518=CARTESIAN_POINT('',(-0.00392930792179085,0.013797651152477,0.00283064654483791));
#3519=CARTESIAN_POINT('',(-0.00419814875878742,0.0137049754806991,0.00283064654483792));
#3520=CARTESIAN_POINT('',(-0.00445323395524122,0.0135859999551372,0.00283064654483793));
#3521=CARTESIAN_POINT('',(-0.00477404357655868,0.0133355077572622,0.00283064654483792));
#3522=CARTESIAN_POINT('',(-0.00502320881720596,0.0130174758123409,0.00283064654483792));
#3523=CARTESIAN_POINT('',(-0.00514330630250003,0.012761795020244,0.0028306465448379));
#3524=CARTESIAN_POINT('',(-0.00523678699890175,0.0124922868316676,0.00283064654483791));
#3525=CARTESIAN_POINT('',(-0.00527015720603389,0.0123509036768369,0.00283064654483792));
#3526=CARTESIAN_POINT('',(-0.00530012834433221,0.0121327861003967,0.00283064654483789));
#3527=CARTESIAN_POINT('',(-0.00531356874562085,0.011984648507129,0.00283064654483787));
#3528=CARTESIAN_POINT('',(-0.00531515371060784,0.0118266666575102,0.00283064654483793));
#3529=CARTESIAN_POINT('',(-0.00531515363922522,0.0117315751522966,0.00283064654483789));
#3530=CARTESIAN_POINT('',(-0.00317139094177049,0.014004812968377,0.00290367051174265));
#3531=CARTESIAN_POINT('',(-0.00326619262385642,0.0140048130395881,0.00290367051174269));
#3532=CARTESIAN_POINT('',(-0.00342971252530876,0.0140032433736431,0.00290367051174264));
#3533=CARTESIAN_POINT('',(-0.00358468216246826,0.0139892887863139,0.00290367051174265));
#3534=CARTESIAN_POINT('',(-0.00381367638582029,0.0139579860998253,0.00290367051174267));
#3535=CARTESIAN_POINT('',(-0.0039631388080126,0.0139229250590258,0.00290367051174267));
#3536=CARTESIAN_POINT('',(-0.0042487973531695,0.0138244840137354,0.00290367051174267));
#3537=CARTESIAN_POINT('',(-0.00452062429917578,0.0136978699417457,0.00290367051174268));
#3538=CARTESIAN_POINT('',(-0.00486648809090142,0.0134280640006537,0.00290367051174267));
#3539=CARTESIAN_POINT('',(-0.00513489483681487,0.0130851588555403,0.00290367051174267));
#3540=CARTESIAN_POINT('',(-0.00526271858128576,0.0128126682040798,0.00290367051174266));
#3541=CARTESIAN_POINT('',(-0.00536202229708439,0.0125262828911171,0.00290367051174267));
#3542=CARTESIAN_POINT('',(-0.00539734636124827,0.0123764048008012,0.00290367051174267));
#3543=CARTESIAN_POINT('',(-0.00542894519864708,0.0121464250275651,0.00290367051174265));
#3544=CARTESIAN_POINT('',(-0.00544305145246218,0.0119907295571952,0.00290367051174264));
#3545=CARTESIAN_POINT('',(-0.00544462882928041,0.0118266667430629,0.0029036705117427));
#3546=CARTESIAN_POINT('',(-0.00544462875785069,0.0117315751522966,0.00290367051174265));
#3547=CARTESIAN_POINT('',(-0.00317139094177049,0.0140747870769319,0.00293232767133176));
#3548=CARTESIAN_POINT('',(-0.00326619266995646,0.0140747871481686,0.00293232767133178));
#3549=CARTESIAN_POINT('',(-0.00343298090900588,0.014073221391374,0.00293232767133175));
#3550=CARTESIAN_POINT('',(-0.00359201127701657,0.014058911409971,0.00293232767133176));
#3551=CARTESIAN_POINT('',(-0.00382738348044232,0.0140267379467765,0.00293232767133177));
#3552=CARTESIAN_POINT('',(-0.00398142252252178,0.013990628645854,0.00293232767133177));
#3553=CARTESIAN_POINT('',(-0.00427617010462221,0.0138890717364785,0.00293232767133177));
#3554=CARTESIAN_POINT('',(-0.00455704503616441,0.0137583294545083,0.00293232767133177));
#3555=CARTESIAN_POINT('',(-0.00491644921509731,0.0134780855081932,0.00293232767133177));
#3556=CARTESIAN_POINT('',(-0.00519525492563462,0.0131217377802204,0.00293232767133177));
#3557=CARTESIAN_POINT('',(-0.00532725428395396,0.0128401623336551,0.00293232767133176));
#3558=CARTESIAN_POINT('',(-0.00542970501823553,0.0125446558725795,0.00293232767133177));
#3559=CARTESIAN_POINT('',(-0.00546608503357746,0.0123901867415749,0.00293232767133177));
#3560=CARTESIAN_POINT('',(-0.00549856355191235,0.0121537961099815,0.00293232767133175));
#3561=CARTESIAN_POINT('',(-0.00551302966202622,0.0119940160269199,0.00293232767133174));
#3562=CARTESIAN_POINT('',(-0.00551460293786078,0.0118266667892993,0.00293232767133179));
#3563=CARTESIAN_POINT('',(-0.0055146028664056,0.0117315751522966,0.00293232767133176));
#3564=CARTESIAN_POINT('',(-0.00317139094177049,0.0142165767179511,0.0029737597092919));
#3565=CARTESIAN_POINT('',(-0.00326619276336968,0.0142165767892395,0.00297375970929192));
#3566=CARTESIAN_POINT('',(-0.00343960368649741,0.0142150189536183,0.0029737597092919));
#3567=CARTESIAN_POINT('',(-0.00360686237754868,0.0141999888315919,0.0029737597092919));
#3568=CARTESIAN_POINT('',(-0.00385515838270273,0.0141660508998092,0.00297375970929191));
#3569=CARTESIAN_POINT('',(-0.00401847110192195,0.0141278174928479,0.00297375970929191));
#3570=CARTESIAN_POINT('',(-0.00433163594309218,0.0140199468588791,0.00297375970929191));
#3571=CARTESIAN_POINT('',(-0.00463084495058874,0.0138808395198431,0.00297375970929191));
#3572=CARTESIAN_POINT('',(-0.00501768622991531,0.0135794448787339,0.00297375970929191));
#3573=CARTESIAN_POINT('',(-0.00531756352666411,0.0131958582328619,0.00297375970929191));
#3574=CARTESIAN_POINT('',(-0.00545802399725531,0.0128958741225313,0.00297375970929191));
#3575=CARTESIAN_POINT('',(-0.00556685158477864,0.0125818853350166,0.00297375970929191));
#3576=CARTESIAN_POINT('',(-0.00560537129066555,0.0124181133057741,0.00297375970929191));
#3577=CARTESIAN_POINT('',(-0.00563963232037094,0.0121687322506674,0.0029737597092919));
#3578=CARTESIAN_POINT('',(-0.00565482761298491,0.0120006754524147,0.0029737597092919));
#3579=CARTESIAN_POINT('',(-0.00565639257893152,0.011826666882989,0.00297375970929192));
#3580=CARTESIAN_POINT('',(-0.00565639250742478,0.0117315751522966,0.00297375970929191));
#3581=CARTESIAN_POINT('',(-0.00317139094177049,0.0142881620724267,0.00298641949866862));
#3582=CARTESIAN_POINT('',(-0.00326619281053122,0.0142881621437412,0.00298641949866863));
#3583=CARTESIAN_POINT('',(-0.00344294732902966,0.0142866083072839,0.00298641949866862));
#3584=CARTESIAN_POINT('',(-0.00361436025460304,0.0142712146077674,0.00298641949866862));
#3585=CARTESIAN_POINT('',(-0.00386918110121407,0.0142363858484993,0.00298641949866862));
#3586=CARTESIAN_POINT('',(-0.00403717582301522,0.0141970800438465,0.00298641949866862));
#3587=CARTESIAN_POINT('',(-0.00435963898816387,0.0140860217989222,0.00298641949866862));
#3588=CARTESIAN_POINT('',(-0.00466810432296855,0.0139426911924391,0.00298641949866862));
#3589=CARTESIAN_POINT('',(-0.00506879777473413,0.0136306181973023,0.00298641949866862));
#3590=CARTESIAN_POINT('',(-0.0053793134859501,0.013233279435413,0.00298641949866862));
#3591=CARTESIAN_POINT('',(-0.00552404571939285,0.0129240013406166,0.00298641949866862));
#3592=CARTESIAN_POINT('',(-0.0056360927896405,0.0126006813785522,0.00298641949866862));
#3593=CARTESIAN_POINT('',(-0.00567569276137073,0.0124322125938682,0.00298641949866862));
#3594=CARTESIAN_POINT('',(-0.00571085372782324,0.0121762730619552,0.00298641949866862));
#3595=CARTESIAN_POINT('',(-0.00572641716290074,0.0120040375974291,0.00298641949866861));
#3596=CARTESIAN_POINT('',(-0.00572797793343315,0.0118266669302901,0.00298641949866863));
#3597=CARTESIAN_POINT('',(-0.00572797786190037,0.0117315751522966,0.00298641949866862));
#3598=CARTESIAN_POINT('',(-0.00317139094177049,0.0144268443105988,0.00299959718851983));
#3599=CARTESIAN_POINT('',(-0.00326619290189721,0.0144268443819639,0.00299959718851983));
#3600=CARTESIAN_POINT('',(-0.00344942496448202,0.0144252982930829,0.00299959718851983));
#3601=CARTESIAN_POINT('',(-0.00362888588458777,0.0144092002352457,0.00299959718851983));
#3602=CARTESIAN_POINT('',(-0.00389634730025936,0.0143726456767496,0.00299959718851983));
#3603=CARTESIAN_POINT('',(-0.00407341246114606,0.0143312623170832,0.00299959718851983));
#3604=CARTESIAN_POINT('',(-0.00441388926036867,0.0142140287165299,0.00299959718851983));
#3605=CARTESIAN_POINT('',(-0.00474028686913844,0.0140625163780954,0.00299959718851983));
#3606=CARTESIAN_POINT('',(-0.00516781612120789,0.0137297562180016,0.00299959718851983));
#3607=CARTESIAN_POINT('',(-0.00549894162250897,0.0133057754950176,0.00299959718851983));
#3608=CARTESIAN_POINT('',(-0.00565194953800334,0.0129784921730807,0.00299959718851983));
#3609=CARTESIAN_POINT('',(-0.00577023370902722,0.0126370949355626,0.00299959718851983));
#3610=CARTESIAN_POINT('',(-0.00581192647873368,0.0124595271310922,0.00299959718851983));
#3611=CARTESIAN_POINT('',(-0.00584883089177827,0.012190881868389,0.00299959718851983));
#3612=CARTESIAN_POINT('',(-0.00586510752889523,0.0120105510777222,0.00299959718851983));
#3613=CARTESIAN_POINT('',(-0.00586666017165576,0.0118266670219266,0.00299959718851983));
#3614=CARTESIAN_POINT('',(-0.00586666010007254,0.0117315751522966,0.00299959718851983));
#3615=CARTESIAN_POINT('',(-0.00317139094177049,0.0144937110163068,0.003));
#3616=CARTESIAN_POINT('',(-0.00326619294595002,0.0144937110876962,0.003));
#3617=CARTESIAN_POINT('',(-0.00345254820613997,0.0144921687343685,0.003));
#3618=CARTESIAN_POINT('',(-0.00363588952858871,0.0144757310647601,0.003));
#3619=CARTESIAN_POINT('',(-0.00390944569166625,0.0144383443989184,0.003));
#3620=CARTESIAN_POINT('',(-0.00409088423438591,0.0143959593301542,0.003));
#3621=CARTESIAN_POINT('',(-0.00444004644555621,0.0142757482344802,0.003));
#3622=CARTESIAN_POINT('',(-0.00477509023787264,0.0141202910111794,0.003));
#3623=CARTESIAN_POINT('',(-0.00521555857705956,0.0137775563756997,0.003));
#3624=CARTESIAN_POINT('',(-0.0055566212468581,0.013340730026661,0.003));
#3625=CARTESIAN_POINT('',(-0.00571361934598068,0.013004765346244,0.003));
#3626=CARTESIAN_POINT('',(-0.00583491078302198,0.0126546520115982,0.003));
#3627=CARTESIAN_POINT('',(-0.00587761261133772,0.0124726970448907,0.003));
#3628=CARTESIAN_POINT('',(-0.00591535764053999,0.0121979256165533,0.003));
#3629=CARTESIAN_POINT('',(-0.00593197815349506,0.0120136916022453,0.003));
#3630=CARTESIAN_POINT('',(-0.005933526877388,0.0118266670661098,0.003));
#3631=CARTESIAN_POINT('',(-0.00593352680578045,0.0117315751522966,0.003));
#3632=CARTESIAN_POINT('',(-0.00317139094177049,0.014560002277043,0.003));
#3633=CARTESIAN_POINT('',(-0.00326619298962371,0.0145600023484566,0.003));
#3634=CARTESIAN_POINT('',(-0.00345564456964251,0.0145584636985347,0.003));
#3635=CARTESIAN_POINT('',(-0.00364283290026606,0.0145416893398037,0.003));
#3636=CARTESIAN_POINT('',(-0.00392243136025553,0.014503477727609,0.003));
#3637=CARTESIAN_POINT('',(-0.00410820564813145,0.0144600995703072,0.003));
#3638=CARTESIAN_POINT('',(-0.00446597852587983,0.0143369366033947,0.003));
#3639=CARTESIAN_POINT('',(-0.00480959409396713,0.014177568444323,0.003));
#3640=CARTESIAN_POINT('',(-0.00526289016840303,0.0138249451723162,0.003));
#3641=CARTESIAN_POINT('',(-0.00561380448889786,0.0133753837447791,0.003));
#3642=CARTESIAN_POINT('',(-0.00577475843271897,0.0130308124163679,0.003));
#3643=CARTESIAN_POINT('',(-0.00589903125569148,0.0126720579940363,0.003));
#3644=CARTESIAN_POINT('',(-0.00594273345880748,0.0124857536203605,0.003));
#3645=CARTESIAN_POINT('',(-0.00598131186994919,0.0122049087472636,0.003));
#3646=CARTESIAN_POINT('',(-0.00599827329939782,0.0120168050998792,0.003));
#3647=CARTESIAN_POINT('',(-0.00599981813814836,0.0118266671099128,0.003));
#3648=CARTESIAN_POINT('',(-0.00599981806651669,0.0117315751522966,0.003));
#3649=CARTESIAN_POINT('',(-0.00599981806651669,0.0117315751522966,0.003));
#3650=CARTESIAN_POINT('',(-0.00599981823490331,0.0119551105182328,0.003));
#3651=CARTESIAN_POINT('',(-0.0059837371396312,0.0123074384136688,0.003));
#3652=CARTESIAN_POINT('',(-0.00585639893162835,0.012856250281701,0.003));
#3653=CARTESIAN_POINT('',(-0.00560932049907166,0.0133845797267633,0.003));
#3654=CARTESIAN_POINT('',(-0.00526210576114418,0.0138236763626065,0.003));
#3655=CARTESIAN_POINT('',(-0.00481721571282872,0.0141734477011773,0.003));
#3656=CARTESIAN_POINT('',(-0.00438393459041841,0.0143758886055572,0.003));
#3657=CARTESIAN_POINT('',(-0.00401487991417413,0.0144818024816118,0.003));
#3658=CARTESIAN_POINT('',(-0.00366642553434268,0.0145463506877403,0.003));
#3659=CARTESIAN_POINT('',(-0.003393891567022,0.0145600024446508,0.003));
#3660=CARTESIAN_POINT('',(-0.00317139094177049,0.014560002277043,0.003));
#3661=CARTESIAN_POINT('',(-0.00599981806651669,0.0117315751522966,0.003));
#3662=CARTESIAN_POINT('',(-0.00493915789473685,0.0117315751522966,0.00193933982822018));
#3663=CARTESIAN_POINT('',(-0.00493915789473685,0.0117315751522966,0.00207192234969266));
#3664=CARTESIAN_POINT('',(-0.0049529685740569,0.0117315751522966,0.00235642234368568));
#3665=CARTESIAN_POINT('',(-0.0051725583752457,0.0117315751522966,0.00276659951949117));
#3666=CARTESIAN_POINT('',(-0.0055827355510512,0.0117315751522966,0.00298618932067996));
#3667=CARTESIAN_POINT('',(-0.00586723554504419,0.0117315751522966,0.003));
#3668=CARTESIAN_POINT('',(-0.00599981806651667,0.0117315751522966,0.003));
#3669=CARTESIAN_POINT('',(-0.00493915789473686,0.0117315751522967,0.00193933982821417));
#3670=CARTESIAN_POINT('',(-0.00317139094177049,0.0134993421052632,0.00193933982822017));
#3671=CARTESIAN_POINT('',(-0.0033923618108912,0.0134993421052632,0.00193933982822017));
#3672=CARTESIAN_POINT('',(-0.00386652846754609,0.0134763243063963,0.00193933982822017));
#3673=CARTESIAN_POINT('',(-0.00455015709388872,0.0131103413044149,0.00193933982822018));
#3674=CARTESIAN_POINT('',(-0.00491614009587013,0.012426712678072,0.00193933982822018));
#3675=CARTESIAN_POINT('',(-0.00493915789473687,0.0119525460214172,0.00193933982822017));
#3676=CARTESIAN_POINT('',(-0.00493915789473687,0.0117315751522966,0.00193933982822017));
#3677=CARTESIAN_POINT('',(-0.00599981806651667,0.00376710905822925,0.003));
#3678=CARTESIAN_POINT('',(-0.00599981806651667,0.0117315751522968,0.003));
#3679=CARTESIAN_POINT('',(-0.00584071904074969,0.00376710905822925,0.003));
#3680=CARTESIAN_POINT('',(-0.0058407190407497,0.0117315751522968,0.003));
#3681=CARTESIAN_POINT('',(-0.00568162001498273,0.00376710905822925,0.003));
#3682=CARTESIAN_POINT('',(-0.00568162001498273,0.0117315751522968,0.003));
#3683=CARTESIAN_POINT('',(-0.00529271128533012,0.00376710905822925,0.00289393398282202));
#3684=CARTESIAN_POINT('',(-0.00529271128533013,0.0117315751522968,0.00289393398282202));
#3685=CARTESIAN_POINT('',(-0.00504522391191483,0.00376710905822925,0.00264644660940673));
#3686=CARTESIAN_POINT('',(-0.00504522391191484,0.0117315751522968,0.00264644660940673));
#3687=CARTESIAN_POINT('',(-0.00493915789473684,0.00376710905822925,0.00225753787975412));
#3688=CARTESIAN_POINT('',(-0.00493915789473685,0.0117315751522968,0.00225753787975412));
#3689=CARTESIAN_POINT('',(-0.00493915789473684,0.00376710905822925,0.00209843885398715));
#3690=CARTESIAN_POINT('',(-0.00493915789473685,0.0117315751522968,0.00209843885398715));
#3691=CARTESIAN_POINT('',(-0.00493915789473684,0.00376710905822925,0.00193933982822018));
#3692=CARTESIAN_POINT('',(-0.00493915789473685,0.0117315751522968,0.00193933982822018));
#3693=CARTESIAN_POINT('',(-0.00599981806651667,0.00376710905822951,0.003));
#3694=CARTESIAN_POINT('',(-0.00599981806651667,0.00642193108958528,0.003));
#3695=CARTESIAN_POINT('',(-0.00599981806651667,0.00907675312094105,0.003));
#3696=CARTESIAN_POINT('',(-0.00599981806651667,0.0117315751522968,0.003));
#3697=CARTESIAN_POINT('',(-0.00599981806651666,0.00376710905822954,0.003));
#3698=CARTESIAN_POINT('',(-0.00599981806651666,0.00376710905822925,0.003));
#3699=CARTESIAN_POINT('',(-0.00586723554504419,0.00376710905822927,0.003));
#3700=CARTESIAN_POINT('',(-0.00558273555105116,0.00376710905822932,0.00298618932067995));
#3701=CARTESIAN_POINT('',(-0.00517255837524568,0.00376710905822939,0.00276659951949116));
#3702=CARTESIAN_POINT('',(-0.00495296857405689,0.00376710905822946,0.00235642234368568));
#3703=CARTESIAN_POINT('',(-0.00493915789473684,0.00376710905822951,0.00207192234969265));
#3704=CARTESIAN_POINT('',(-0.00493915789473684,0.00376710905822953,0.00193933982822018));
#3705=CARTESIAN_POINT('',(-0.00493915789473684,0.00376710905822954,0.00193933982821972));
#3706=CARTESIAN_POINT('',(-0.00493915789473685,0.0117315751522968,0.00193933982822018));
#3707=CARTESIAN_POINT('',(-0.00493915789473685,0.00907675312094104,0.00193933982822018));
#3708=CARTESIAN_POINT('',(-0.00493915789473685,0.00642193108958528,0.00193933982822018));
#3709=CARTESIAN_POINT('',(-0.00493915789473685,0.00376710905822953,0.00193933982822018));
#3710=CARTESIAN_POINT('',(-0.00493915789473684,0.00376710905822953,0.00193933982822018));
#3711=CARTESIAN_POINT('',(-0.00493915789473681,0.00367230770915615,0.00193933982822016));
#3712=CARTESIAN_POINT('',(-0.00493756009170614,0.00353239724639697,0.00193933982822029));
#3713=CARTESIAN_POINT('',(-0.00492617273889424,0.00340676104657318,0.00193933982822031));
#3714=CARTESIAN_POINT('',(-0.00490116023740509,0.00322383933716945,0.00193933982822032));
#3715=CARTESIAN_POINT('',(-0.0048736715099285,0.00310743697176142,0.00193933982822034));
#3716=CARTESIAN_POINT('',(-0.00479773849763934,0.00288743475933367,0.00193933982822035));
#3717=CARTESIAN_POINT('',(-0.00470094530006302,0.0026809676037935,0.00193933982822033));
#3718=CARTESIAN_POINT('',(-0.00450654021684799,0.00243291529216886,0.00193933982822031));
#3719=CARTESIAN_POINT('',(-0.0042607400441156,0.00223962738718538,0.00193933982822032));
#3720=CARTESIAN_POINT('',(-0.00405387508382237,0.00214196694766696,0.00193933982822028));
#3721=CARTESIAN_POINT('',(-0.00383337806453565,0.00206539631444763,0.00193933982822027));
#3722=CARTESIAN_POINT('',(-0.00371666420232205,0.00203770012140029,0.00193933982822027));
#3723=CARTESIAN_POINT('',(-0.00353299444537082,0.00201245579025245,0.00193933982822021));
#3724=CARTESIAN_POINT('',(-0.00340680492721013,0.00200094900459637,0.00193933982822016));
#3725=CARTESIAN_POINT('',(-0.00326648219854103,0.00199934210526316,0.00193933982822026));
#3726=CARTESIAN_POINT('',(-0.00317139094177018,0.00199934210526316,0.00193933982822018));
#3727=CARTESIAN_POINT('',(-0.00493915789473684,0.00376710905822953,0.00200563108895642));
#3728=CARTESIAN_POINT('',(-0.00493915792433182,0.00367230770915615,0.0020056310889564));
#3729=CARTESIAN_POINT('',(-0.00493756007905743,0.00353239724639734,0.00200563108895652));
#3730=CARTESIAN_POINT('',(-0.0049261727345967,0.00340676104657244,0.00200563108895654));
#3731=CARTESIAN_POINT('',(-0.00490116024600022,0.00322383933717093,0.00200563108895655));
#3732=CARTESIAN_POINT('',(-0.00487367151301361,0.00310743697177626,0.00200563108895657));
#3733=CARTESIAN_POINT('',(-0.00479773849455427,0.00288743475931881,0.00200563108895658));
#3734=CARTESIAN_POINT('',(-0.00470094530149487,0.00268096760368986,0.00200563108895656));
#3735=CARTESIAN_POINT('',(-0.00450654021646421,0.00243291529255381,0.00200563108895655));
#3736=CARTESIAN_POINT('',(-0.00426074004421892,0.00223962738574914,0.00200563108895654));
#3737=CARTESIAN_POINT('',(-0.00405387508383718,0.00214196695076148,0.00200563108895652));
#3738=CARTESIAN_POINT('',(-0.00383337806452085,0.00206539631135309,0.00200563108895651));
#3739=CARTESIAN_POINT('',(-0.00371666420232057,0.00203770011277885,0.0020056310889565));
#3740=CARTESIAN_POINT('',(-0.00353299444537156,0.00201245579456316,0.00200563108895644));
#3741=CARTESIAN_POINT('',(-0.00340680492720976,0.00200094901728382,0.0020056310889564));
#3742=CARTESIAN_POINT('',(-0.00326648219854103,0.00199934207557754,0.00200563108895649));
#3743=CARTESIAN_POINT('',(-0.00317139094177018,0.00199934210526316,0.00200563108895642));
#3744=CARTESIAN_POINT('',(-0.00493956070621701,0.00376710905822953,0.00207249779466432));
#3745=CARTESIAN_POINT('',(-0.00493956075102582,0.00367230770889077,0.00207249779466431));
#3746=CARTESIAN_POINT('',(-0.00493796290653885,0.00353237843168875,0.00207249779466442));
#3747=CARTESIAN_POINT('',(-0.00492657352051711,0.00340671885594554,0.00207249779466444));
#3748=CARTESIAN_POINT('',(-0.00490155602585341,0.00322376043119936,0.00207249779466445));
#3749=CARTESIAN_POINT('',(-0.00487406125564215,0.00310733172013786,0.00207249779466446));
#3750=CARTESIAN_POINT('',(-0.00479811029729337,0.00288727718590643,0.00207249779466447));
#3751=CARTESIAN_POINT('',(-0.00470129334218927,0.00268075794478878,0.00207249779466446));
#3752=CARTESIAN_POINT('',(-0.00450682816902415,0.00243262768759596,0.00207249779466444));
#3753=CARTESIAN_POINT('',(-0.00426095061373976,0.00223927991739427,0.00207249779466444));
#3754=CARTESIAN_POINT('',(-0.00405403335597228,0.00214159544748491,0.00207249779466442));
#3755=CARTESIAN_POINT('',(-0.00383348383003153,0.00206500668883462,0.0020724977946644));
#3756=CARTESIAN_POINT('',(-0.00371674353914992,0.00203730440875289,0.0020724977946644));
#3757=CARTESIAN_POINT('',(-0.0035330368775898,0.00201205503323237,0.00207249779466435));
#3758=CARTESIAN_POINT('',(-0.003406823846032,0.00200054618871801,0.00207249779466432));
#3759=CARTESIAN_POINT('',(-0.0032664821988072,0.00199893924883698,0.00207249779466436));
#3760=CARTESIAN_POINT('',(-0.00317139094177018,0.001998939293783,0.00207249779466432));
#3761=CARTESIAN_POINT('',(-0.00495273839606822,0.00376710905822953,0.00221118003283649));
#3762=CARTESIAN_POINT('',(-0.00495273845960989,0.00367230770020911,0.00221118003283648));
#3763=CARTESIAN_POINT('',(-0.00495114132457112,0.00353176292193023,0.00221118003283657));
#3764=CARTESIAN_POINT('',(-0.00493968501518039,0.0034053386197349,0.00221118003283658));
#3765=CARTESIAN_POINT('',(-0.00491450354194369,0.0032211790786769,0.00221118003283659));
#3766=CARTESIAN_POINT('',(-0.00488681135741654,0.00310388848772734,0.0022111800328366));
#3767=CARTESIAN_POINT('',(-0.00481027360825904,0.00288212228451324,0.00221118003283661));
#3768=CARTESIAN_POINT('',(-0.00471267922173243,0.00267389910527385,0.0022111800328366));
#3769=CARTESIAN_POINT('',(-0.00451624833755315,0.00242321889060199,0.00221118003283659));
#3770=CARTESIAN_POINT('',(-0.00426783924353522,0.00222791276160074,0.00221118003283658));
#3771=CARTESIAN_POINT('',(-0.00405921111558095,0.00212944193306895,0.00221118003283658));
#3772=CARTESIAN_POINT('',(-0.00383694387340613,0.00205226051652798,0.00221118003283655));
#3773=CARTESIAN_POINT('',(-0.00371933898687691,0.00202435937372198,0.00221118003283653));
#3774=CARTESIAN_POINT('',(-0.00353442501728875,0.00199894434278774,0.00221118003283652));
#3775=CARTESIAN_POINT('',(-0.00340744276179407,0.00198736773458382,0.00221118003283651));
#3776=CARTESIAN_POINT('',(-0.00326648220751453,0.00198576154019555,0.00221118003283647));
#3777=CARTESIAN_POINT('',(-0.00317139094177018,0.00198576160393178,0.00221118003283649));
#3778=CARTESIAN_POINT('',(-0.00496539818544493,0.00376710905822952,0.00228276538731208));
#3779=CARTESIAN_POINT('',(-0.00496539825241311,0.00367230769186865,0.00228276538731207));
#3780=CARTESIAN_POINT('',(-0.0049638018197376,0.00353117160251138,0.00228276538731216));
#3781=CARTESIAN_POINT('',(-0.00495228121304252,0.00340401262861587,0.00228276538731217));
#3782=CARTESIAN_POINT('',(-0.00492694219945829,0.00321869917668954,0.00228276538731217));
#3783=CARTESIAN_POINT('',(-0.00489906036196916,0.00310058057885404,0.00228276538731218));
#3784=CARTESIAN_POINT('',(-0.00482195888668811,0.00287716997750527,0.00228276538731219));
#3785=CARTESIAN_POINT('',(-0.00472361762058861,0.00266730982718826,0.00228276538731218));
#3786=CARTESIAN_POINT('',(-0.00452529828130706,0.00241417987146631,0.00228276538731217));
#3787=CARTESIAN_POINT('',(-0.00427445714110444,0.00221699235062846,0.00228276538731216));
#3788=CARTESIAN_POINT('',(-0.00406418538244662,0.00211776606616769,0.00228276538731216));
#3789=CARTESIAN_POINT('',(-0.00384026793255059,0.00204001528701453,0.00228276538731213));
#3790=CARTESIAN_POINT('',(-0.0037218324301088,0.00201192309977083,0.00228276538731211));
#3791=CARTESIAN_POINT('',(-0.00353575860127865,0.00198634891753093,0.00228276538731211));
#3792=CARTESIAN_POINT('',(-0.00340803735335607,0.0019747072047152,0.00228276538731211));
#3793=CARTESIAN_POINT('',(-0.00326648221587965,0.00197310174738183,0.00228276538731204));
#3794=CARTESIAN_POINT('',(-0.00317139094177018,0.00197310181455507,0.00228276538731208));
#3795=CARTESIAN_POINT('',(-0.00500683022340508,0.00376710905822951,0.00242455502833126));
#3796=CARTESIAN_POINT('',(-0.00500683029408766,0.0036723076645726,0.00242455502833123));
#3797=CARTESIAN_POINT('',(-0.00500523617076042,0.00352923637532232,0.00242455502833132));
#3798=CARTESIAN_POINT('',(-0.00499350513440759,0.00339967302131742,0.00242455502833133));
#3799=CARTESIAN_POINT('',(-0.0049676505309643,0.00321058313382143,0.00242455502833133));
#3800=CARTESIAN_POINT('',(-0.00493914801245045,0.00308975469526493,0.00242455502833134));
#3801=CARTESIAN_POINT('',(-0.00486020161687411,0.00286096242730113,0.00242455502833135));
#3802=CARTESIAN_POINT('',(-0.00475941601648234,0.00264574491711623,0.00242455502833134));
#3803=CARTESIAN_POINT('',(-0.00455491627914437,0.00238459762692473,0.00242455502833133));
#3804=CARTESIAN_POINT('',(-0.00429611571494115,0.00218125282417405,0.00242455502833132));
#3805=CARTESIAN_POINT('',(-0.00408046480127596,0.00207955413734305,0.00242455502833132));
#3806=CARTESIAN_POINT('',(-0.00385114667157256,0.00199993999120925,0.0024245550283313));
#3807=CARTESIAN_POINT('',(-0.00372999278977719,0.00197122256902452,0.00242455502833128));
#3808=CARTESIAN_POINT('',(-0.00354012305797266,0.00194512752468901,0.00242455502833129));
#3809=CARTESIAN_POINT('',(-0.00340998328937724,0.00193327274011192,0.00242455502833129));
#3810=CARTESIAN_POINT('',(-0.00326648224325644,0.00193166970569588,0.00242455502833121));
#3811=CARTESIAN_POINT('',(-0.00317139094177018,0.00193166977659492,0.00242455502833126));
#3812=CARTESIAN_POINT('',(-0.00503548738299419,0.00376710905822951,0.00249452913688618));
#3813=CARTESIAN_POINT('',(-0.00503548745387213,0.00367230764569283,0.00249452913688615));
#3814=CARTESIAN_POINT('',(-0.00503389493123239,0.00352789784318319,0.00249452913688624));
#3815=CARTESIAN_POINT('',(-0.00502201834702979,0.00339667145960272,0.00249452913688624));
#3816=CARTESIAN_POINT('',(-0.00499580712623323,0.0032049695375042,0.00249452913688623));
#3817=CARTESIAN_POINT('',(-0.00496687530378589,0.00308226679244794,0.00249452913688625));
#3818=CARTESIAN_POINT('',(-0.00488665283883354,0.0028497522050778,0.00249452913688626));
#3819=CARTESIAN_POINT('',(-0.00478417657352732,0.00263082918765806,0.00249452913688625));
#3820=CARTESIAN_POINT('',(-0.00457540206101262,0.00236413657441926,0.00249452913688624));
#3821=CARTESIAN_POINT('',(-0.00431109622850326,0.00215653298515829,0.00249452913688624));
#3822=CARTESIAN_POINT('',(-0.00409172473263172,0.0020531242196578,0.00249452913688623));
#3823=CARTESIAN_POINT('',(-0.00385867113273061,0.00197222124519214,0.00249452913688621));
#3824=CARTESIAN_POINT('',(-0.00373563703854795,0.00194307136928318,0.0024945291368862));
#3825=CARTESIAN_POINT('',(-0.00354314180718596,0.00191661606096093,0.0024945291368862));
#3826=CARTESIAN_POINT('',(-0.00341132922845858,0.001904613901077,0.00249452913688621));
#3827=CARTESIAN_POINT('',(-0.00326648226219205,0.0019030125459108,0.00249452913688613));
#3828=CARTESIAN_POINT('',(-0.00317139094177018,0.00190301261700582,0.00249452913688618));
#3829=CARTESIAN_POINT('',(-0.00510851134989895,0.00376710905822949,0.00262400425551165));
#3830=CARTESIAN_POINT('',(-0.00510851142103461,0.00367230759758356,0.00262400425551161));
#3831=CARTESIAN_POINT('',(-0.00510692297759793,0.00352448700526239,0.00262400425551169));
#3832=CARTESIAN_POINT('',(-0.00509467550934893,0.00338902290173937,0.00262400425551169));
#3833=CARTESIAN_POINT('',(-0.0050675555586861,0.00319066501194884,0.00262400425551169));
#3834=CARTESIAN_POINT('',(-0.00503752978710355,0.00306318617261899,0.0026240042555117));
#3835=CARTESIAN_POINT('',(-0.00495405565144192,0.00282118639784617,0.0026240042555117));
#3836=CARTESIAN_POINT('',(-0.00484727124598573,0.00259282103367814,0.0026240042555117));
#3837=CARTESIAN_POINT('',(-0.00462760378228241,0.00231199786833294,0.00262400425551169));
#3838=CARTESIAN_POINT('',(-0.0043492694648685,0.00209354207008761,0.00262400425551169));
#3839=CARTESIAN_POINT('',(-0.00412041720831527,0.00198577569444681,0.00262400425551169));
#3840=CARTESIAN_POINT('',(-0.00387784491025998,0.00190158853699294,0.00262400425551167));
#3841=CARTESIAN_POINT('',(-0.00375001967246382,0.00187133668567489,0.00262400425551166));
#3842=CARTESIAN_POINT('',(-0.003550834162109,0.00184396335516102,0.00262400425551166));
#3843=CARTESIAN_POINT('',(-0.00341475894069597,0.00183158565451763,0.00262400425551166));
#3844=CARTESIAN_POINT('',(-0.00326648231044366,0.00182998857874751,0.00262400425551161));
#3845=CARTESIAN_POINT('',(-0.00317139094177017,0.00182998865010106,0.00262400425551165));
#3846=CARTESIAN_POINT('',(-0.00515276306822027,0.00376710905822947,0.00268327508759353));
#3847=CARTESIAN_POINT('',(-0.00515276313932575,0.00367230756842987,0.0026832750875935));
#3848=CARTESIAN_POINT('',(-0.00515117716810712,0.0035224200751118,0.00268327508759357));
#3849=CARTESIAN_POINT('',(-0.00513870494816512,0.00338438796005543,0.00268327508759357));
#3850=CARTESIAN_POINT('',(-0.00511103431714755,0.00318199662727423,0.00268327508759356));
#3851=CARTESIAN_POINT('',(-0.00508034562449254,0.00305162352750585,0.00268327508759357));
#3852=CARTESIAN_POINT('',(-0.00499490101229337,0.00280387583381071,0.00268327508759358));
#3853=CARTESIAN_POINT('',(-0.0048855059214066,0.00256978851168467,0.00268327508759357));
#3854=CARTESIAN_POINT('',(-0.00465923744946881,0.00228040238765252,0.00268327508759357));
#3855=CARTESIAN_POINT('',(-0.00437240202496625,0.00205537027049907,0.00268327508759356));
#3856=CARTESIAN_POINT('',(-0.00413780453203515,0.0019449632311592,0.00268327508759356));
#3857=CARTESIAN_POINT('',(-0.00388946400791183,0.00185878589508556,0.00268327508759355));
#3858=CARTESIAN_POINT('',(-0.00375873538994318,0.00182786625886174,0.00268327508759354));
#3859=CARTESIAN_POINT('',(-0.00355549564432792,0.00179993661694623,0.00268327508759354));
#3860=CARTESIAN_POINT('',(-0.00341683730847418,0.00178733134269294,0.00268327508759354));
#3861=CARTESIAN_POINT('',(-0.00326648233968361,0.00178573686045644,0.00268327508759351));
#3862=CARTESIAN_POINT('',(-0.00317139094177017,0.00178573693177973,0.00268327508759353));
#3863=CARTESIAN_POINT('',(-0.00525588280714331,0.00376710905822945,0.00278639482651656));
#3864=CARTESIAN_POINT('',(-0.00525588287828622,0.00367230750049307,0.00278639482651655));
#3865=CARTESIAN_POINT('',(-0.00525430266792123,0.00351760350966334,0.00278639482651659));
#3866=CARTESIAN_POINT('',(-0.00524130670934403,0.00337358715966842,0.00278639482651659));
#3867=CARTESIAN_POINT('',(-0.00521235282844399,0.00316179669835759,0.00278639482651659));
#3868=CARTESIAN_POINT('',(-0.00518011933139722,0.00302467910612392,0.00278639482651659));
#3869=CARTESIAN_POINT('',(-0.00509008291949382,0.00276353704219617,0.0027863948265166));
#3870=CARTESIAN_POINT('',(-0.00497460415074103,0.00251611584664878,0.00278639482651659));
#3871=CARTESIAN_POINT('',(-0.00473295335531658,0.00220677546778486,0.00278639482651659));
#3872=CARTESIAN_POINT('',(-0.00442630780870546,0.00196641856065941,0.00278639482651659));
#3873=CARTESIAN_POINT('',(-0.00417832219667242,0.00184985798512184,0.00278639482651659));
#3874=CARTESIAN_POINT('',(-0.00391653998059334,0.00175904293759964,0.00278639482651658));
#3875=CARTESIAN_POINT('',(-0.00377904561845166,0.00172656716279765,0.00278639482651658));
#3876=CARTESIAN_POINT('',(-0.00356635829209945,0.00169734114897635,0.00278639482651657));
#3877=CARTESIAN_POINT('',(-0.00342168052701585,0.00168420556017755,0.00278639482651657));
#3878=CARTESIAN_POINT('',(-0.00326648240782146,0.00168261712149583,0.00278639482651656));
#3879=CARTESIAN_POINT('',(-0.00317139094177017,0.00168261719285669,0.00278639482651656));
#3880=CARTESIAN_POINT('',(-0.00531515363922519,0.00376710905822943,0.00283064654483789));
#3881=CARTESIAN_POINT('',(-0.00531515371038962,0.00367230746144458,0.00283064654483789));
#3882=CARTESIAN_POINT('',(-0.00531357681122956,0.0035148350596567,0.00283064654483791));
#3883=CARTESIAN_POINT('',(-0.00530027981984307,0.00336737911033883,0.00283064654483791));
#3884=CARTESIAN_POINT('',(-0.00527058835670032,0.00315018624814324,0.00283064654483791));
#3885=CARTESIAN_POINT('',(-0.00523746694195068,0.00300919207820908,0.00283064654483792));
#3886=CARTESIAN_POINT('',(-0.00514479127017265,0.00274035124121236,0.00283064654483792));
#3887=CARTESIAN_POINT('',(-0.00502581574461071,0.00248526604475874,0.00283064654483791));
#3888=CARTESIAN_POINT('',(-0.00477532354673577,0.00216445642344128,0.00283064654483791));
#3889=CARTESIAN_POINT('',(-0.00445729160181449,0.00191529118279399,0.00283064654483791));
#3890=CARTESIAN_POINT('',(-0.00420161080971728,0.00179519369749992,0.00283064654483791));
#3891=CARTESIAN_POINT('',(-0.0039321026211413,0.00170171300109825,0.0028306465448379));
#3892=CARTESIAN_POINT('',(-0.00379071946631089,0.00166834279396616,0.0028306465448379));
#3893=CARTESIAN_POINT('',(-0.00357260188986991,0.00163837165566778,0.0028306465448379));
#3894=CARTESIAN_POINT('',(-0.00342446429660174,0.00162493125437909,0.00283064654483789));
#3895=CARTESIAN_POINT('',(-0.00326648244698552,0.00162334628939235,0.00283064654483789));
#3896=CARTESIAN_POINT('',(-0.00317139094177017,0.00162334636077481,0.00283064654483789));
#3897=CARTESIAN_POINT('',(-0.00544462875785066,0.0037671090582294,0.00290367051174265));
#3898=CARTESIAN_POINT('',(-0.00544462882906207,0.00367230737614448,0.00290367051174266));
#3899=CARTESIAN_POINT('',(-0.00544305916311669,0.00350878747469072,0.00290367051174266));
#3900=CARTESIAN_POINT('',(-0.00542910457578756,0.00335381783753147,0.00290367051174266));
#3901=CARTESIAN_POINT('',(-0.00539780188929906,0.00312482361417983,0.00290367051174267));
#3902=CARTESIAN_POINT('',(-0.0053627408484995,0.00297536119198735,0.00290367051174267));
#3903=CARTESIAN_POINT('',(-0.00526429980320892,0.00268970264683027,0.00290367051174267));
#3904=CARTESIAN_POINT('',(-0.00513768573121922,0.00241787570082418,0.00290367051174267));
#3905=CARTESIAN_POINT('',(-0.00486787979012721,0.00207201190909853,0.00290367051174267));
#3906=CARTESIAN_POINT('',(-0.00452497464501382,0.00180360516318507,0.00290367051174267));
#3907=CARTESIAN_POINT('',(-0.00425248399355313,0.00167578141871419,0.00290367051174266));
#3908=CARTESIAN_POINT('',(-0.00396609868059074,0.00157647770291561,0.00290367051174266));
#3909=CARTESIAN_POINT('',(-0.00381622059027523,0.00154115363875176,0.00290367051174266));
#3910=CARTESIAN_POINT('',(-0.00358624081703839,0.00150955480135292,0.00290367051174266));
#3911=CARTESIAN_POINT('',(-0.003430545346668,0.00149544854753779,0.00290367051174265));
#3912=CARTESIAN_POINT('',(-0.00326648253253809,0.00149387117071971,0.00290367051174266));
#3913=CARTESIAN_POINT('',(-0.00317139094177017,0.00149387124214934,0.00290367051174265));
#3914=CARTESIAN_POINT('',(-0.00551460286640558,0.00376710905822938,0.00293232767133176));
#3915=CARTESIAN_POINT('',(-0.00551460293764238,0.00367230733004452,0.00293232767133177));
#3916=CARTESIAN_POINT('',(-0.00551303718084769,0.00350551909099355,0.00293232767133176));
#3917=CARTESIAN_POINT('',(-0.00549872719944467,0.00334648872298314,0.00293232767133176));
#3918=CARTESIAN_POINT('',(-0.0054665537362502,0.00311111651955784,0.00293232767133177));
#3919=CARTESIAN_POINT('',(-0.00543044443532766,0.00295707747747818,0.00293232767133177));
#3920=CARTESIAN_POINT('',(-0.00532888752595207,0.00266232989537755,0.00293232767133177));
#3921=CARTESIAN_POINT('',(-0.00519814524398187,0.00238145496383555,0.00293232767133177));
#3922=CARTESIAN_POINT('',(-0.00491790129766676,0.00202205078490263,0.00293232767133177));
#3923=CARTESIAN_POINT('',(-0.004561553569694,0.00174324507436531,0.00293232767133177));
#3924=CARTESIAN_POINT('',(-0.00427997812312841,0.00161124571604599,0.00293232767133177));
#3925=CARTESIAN_POINT('',(-0.00398447166205319,0.00150879498176446,0.00293232767133176));
#3926=CARTESIAN_POINT('',(-0.00383000253104884,0.00147241496642256,0.00293232767133176));
#3927=CARTESIAN_POINT('',(-0.00359361189945478,0.00143993644808765,0.00293232767133176));
#3928=CARTESIAN_POINT('',(-0.0034338318163927,0.00142547033797378,0.00293232767133175));
#3929=CARTESIAN_POINT('',(-0.00326648257877451,0.0014238970621393,0.00293232767133176));
#3930=CARTESIAN_POINT('',(-0.00317139094177017,0.00142389713359442,0.00293232767133176));
#3931=CARTESIAN_POINT('',(-0.00565639250742475,0.00376710905822934,0.00297375970929191));
#3932=CARTESIAN_POINT('',(-0.00565639257871301,0.00367230723663143,0.00297375970929191));
#3933=CARTESIAN_POINT('',(-0.00565483474309208,0.00349889631350192,0.00297375970929191));
#3934=CARTESIAN_POINT('',(-0.00563980462106565,0.00333163762245099,0.00297375970929191));
#3935=CARTESIAN_POINT('',(-0.00560586668928278,0.00308334161729748,0.00297375970929191));
#3936=CARTESIAN_POINT('',(-0.00556763328232155,0.00292002889807803,0.00297375970929191));
#3937=CARTESIAN_POINT('',(-0.00545976264835265,0.00260686405690756,0.00297375970929191));
#3938=CARTESIAN_POINT('',(-0.00532065530931669,0.00230765504941123,0.00297375970929191));
#3939=CARTESIAN_POINT('',(-0.00501926066820742,0.00192081377008461,0.00297375970929191));
#3940=CARTESIAN_POINT('',(-0.00463567402233539,0.00162093647333581,0.00297375970929191));
#3941=CARTESIAN_POINT('',(-0.00433568991200465,0.00148047600274464,0.00297375970929191));
#3942=CARTESIAN_POINT('',(-0.00402170112449026,0.00137164841522134,0.00297375970929191));
#3943=CARTESIAN_POINT('',(-0.00385792909524801,0.00133312870933444,0.00297375970929191));
#3944=CARTESIAN_POINT('',(-0.00360854804014063,0.00129886767962908,0.00297375970929191));
#3945=CARTESIAN_POINT('',(-0.00344049124188749,0.00128367238701512,0.0029737597092919));
#3946=CARTESIAN_POINT('',(-0.00326648267246407,0.00128210742106847,0.00297375970929191));
#3947=CARTESIAN_POINT('',(-0.00317139094177017,0.00128210749257525,0.00297375970929191));
#3948=CARTESIAN_POINT('',(-0.00572797786190035,0.00376710905822932,0.00298641949866862));
#3949=CARTESIAN_POINT('',(-0.00572797793321458,0.00367230718946995,0.00298641949866862));
#3950=CARTESIAN_POINT('',(-0.00572642409675767,0.00349555267096962,0.00298641949866862));
#3951=CARTESIAN_POINT('',(-0.00571103039724117,0.00332413974539661,0.00298641949866862));
#3952=CARTESIAN_POINT('',(-0.00567620163797293,0.00306931889878615,0.00298641949866862));
#3953=CARTESIAN_POINT('',(-0.00563689583332009,0.00290132417698477,0.00298641949866862));
#3954=CARTESIAN_POINT('',(-0.00552583758839581,0.00257886101183587,0.00298641949866862));
#3955=CARTESIAN_POINT('',(-0.00538250698191268,0.00227039567703142,0.00298641949866862));
#3956=CARTESIAN_POINT('',(-0.00507043398677584,0.00186970222526578,0.00298641949866862));
#3957=CARTESIAN_POINT('',(-0.00467309522488649,0.00155918651404982,0.00298641949866862));
#3958=CARTESIAN_POINT('',(-0.00436381713008989,0.00141445428060711,0.00298641949866862));
#3959=CARTESIAN_POINT('',(-0.00404049716802586,0.00130240721035948,0.00298641949866862));
#3960=CARTESIAN_POINT('',(-0.00387202838334207,0.00126280723862925,0.00298641949866862));
#3961=CARTESIAN_POINT('',(-0.00361608885142845,0.00122764627217677,0.00298641949866862));
#3962=CARTESIAN_POINT('',(-0.00344385338690191,0.00121208283709931,0.00298641949866862));
#3963=CARTESIAN_POINT('',(-0.00326648271976513,0.00121052206656681,0.00298641949866862));
#3964=CARTESIAN_POINT('',(-0.00317139094177017,0.00121052213809966,0.00298641949866862));
#3965=CARTESIAN_POINT('',(-0.00586666010007252,0.00376710905822928,0.00299959718851983));
#3966=CARTESIAN_POINT('',(-0.00586666017143709,0.00367230709810404,0.00299959718851983));
#3967=CARTESIAN_POINT('',(-0.00586511408255675,0.00348907503551718,0.00299959718851983));
#3968=CARTESIAN_POINT('',(-0.00584901602471947,0.00330961411541185,0.00299959718851983));
#3969=CARTESIAN_POINT('',(-0.00581246146622313,0.00304215269974091,0.00299959718851983));
#3970=CARTESIAN_POINT('',(-0.0057710781065568,0.00286508753885394,0.00299959718851983));
#3971=CARTESIAN_POINT('',(-0.00565384450600352,0.00252461073963106,0.00299959718851983));
#3972=CARTESIAN_POINT('',(-0.00550233216756889,0.00219821313086152,0.00299959718851983));
#3973=CARTESIAN_POINT('',(-0.0051695720074751,0.001770683878792,0.00299959718851983));
#3974=CARTESIAN_POINT('',(-0.0047455912844911,0.00143955837749094,0.00299959718851983));
#3975=CARTESIAN_POINT('',(-0.00441830796255406,0.00128655046199662,0.00299959718851983));
#3976=CARTESIAN_POINT('',(-0.00407691072503614,0.00116826629097275,0.00299959718851983));
#3977=CARTESIAN_POINT('',(-0.00389934292056608,0.00112657352126628,0.00299959718851983));
#3978=CARTESIAN_POINT('',(-0.00363069765786225,0.00108966910822175,0.00299959718851983));
#3979=CARTESIAN_POINT('',(-0.00345036686719511,0.00107339247110484,0.00299959718851983));
#3980=CARTESIAN_POINT('',(-0.00326648281140142,0.00107183982834415,0.00299959718851983));
#3981=CARTESIAN_POINT('',(-0.00317139094177017,0.00107183989992749,0.00299959718851983));
#3982=CARTESIAN_POINT('',(-0.00593352680578042,0.00376710905822926,0.003));
#3983=CARTESIAN_POINT('',(-0.00593352687716927,0.00367230705405126,0.003));
#3984=CARTESIAN_POINT('',(-0.00593198452384245,0.00348595179385921,0.003));
#3985=CARTESIAN_POINT('',(-0.00591554685423391,0.0033026104714109,0.003));
#3986=CARTESIAN_POINT('',(-0.00587816018839191,0.00302905430833403,0.003));
#3987=CARTESIAN_POINT('',(-0.00583577511962779,0.0028476157656141,0.003));
#3988=CARTESIAN_POINT('',(-0.00571556402395379,0.00249845355444351,0.003));
#3989=CARTESIAN_POINT('',(-0.00556010680065293,0.00216340976212732,0.003));
#3990=CARTESIAN_POINT('',(-0.00521737216517325,0.00172294142294033,0.003));
#3991=CARTESIAN_POINT('',(-0.00478054581613449,0.00138187875314181,0.003));
#3992=CARTESIAN_POINT('',(-0.00444458113571729,0.00122488065401928,0.003));
#3993=CARTESIAN_POINT('',(-0.0040944678010718,0.00110358921697798,0.003));
#3994=CARTESIAN_POINT('',(-0.00391251283436454,0.00106088738866224,0.003));
#3995=CARTESIAN_POINT('',(-0.0036377414060266,0.00102314235946004,0.003));
#3996=CARTESIAN_POINT('',(-0.00345350739171823,0.00100652184650501,0.003));
#3997=CARTESIAN_POINT('',(-0.00326648285558454,0.00100497312261191,0.003));
#3998=CARTESIAN_POINT('',(-0.00317139094177017,0.00100497319421958,0.003));
#3999=CARTESIAN_POINT('',(-0.00599981806651666,0.00376710905822925,0.003));
#4000=CARTESIAN_POINT('',(-0.00599981813792958,0.00367230701037757,0.003));
#4001=CARTESIAN_POINT('',(-0.00599827948800865,0.00348285543035664,0.003));
#4002=CARTESIAN_POINT('',(-0.00598150512927747,0.00329566709973354,0.003));
#4003=CARTESIAN_POINT('',(-0.00594329351708246,0.00301606863974476,0.003));
#4004=CARTESIAN_POINT('',(-0.00589991535978077,0.00283029435186857,0.003));
#4005=CARTESIAN_POINT('',(-0.00577675239286835,0.00247252147411989,0.003));
#4006=CARTESIAN_POINT('',(-0.00561738423379648,0.00212890590603284,0.003));
#4007=CARTESIAN_POINT('',(-0.00526476096178966,0.00167560983159684,0.003));
#4008=CARTESIAN_POINT('',(-0.00481519953425254,0.00132469551110205,0.003));
#4009=CARTESIAN_POINT('',(-0.00447062820584124,0.00116374156728099,0.003));
#4010=CARTESIAN_POINT('',(-0.00411187378350991,0.00103946874430848,0.003));
#4011=CARTESIAN_POINT('',(-0.00392556940983428,0.000995766541192478,0.003));
#4012=CARTESIAN_POINT('',(-0.00364472453673687,0.000957188130050832,0.003));
#4013=CARTESIAN_POINT('',(-0.00345662088935217,0.000940226700602251,0.003));
#4014=CARTESIAN_POINT('',(-0.00326648289938744,0.000938681861851544,0.003));
#4015=CARTESIAN_POINT('',(-0.00317139094177017,0.000938681933483345,0.003));
#4016=CARTESIAN_POINT('',(-0.00317139094177017,0.000938681933483341,0.003));
#4017=CARTESIAN_POINT('',(-0.0033949263077041,0.000938681765096428,0.003));
#4018=CARTESIAN_POINT('',(-0.00374725420314239,0.000954762860368805,0.003));
#4019=CARTESIAN_POINT('',(-0.00429606607117291,0.00108210106837132,0.003));
#4020=CARTESIAN_POINT('',(-0.00482439551623687,0.00132917950092793,0.003));
#4021=CARTESIAN_POINT('',(-0.00526349215208002,0.0016763942388555,0.003));
#4022=CARTESIAN_POINT('',(-0.00561326349065072,0.00212128428717228,0.003));
#4023=CARTESIAN_POINT('',(-0.00581570439502957,0.00255456540957726,0.003));
#4024=CARTESIAN_POINT('',(-0.00592161827108452,0.00292362008582454,0.003));
#4025=CARTESIAN_POINT('',(-0.00598616647721334,0.0032720744656503,0.003));
#4026=CARTESIAN_POINT('',(-0.00599981823412294,0.00354460843296659,0.003));
#4027=CARTESIAN_POINT('',(-0.00599981806651666,0.00376710905822926,0.003));
#4028=CARTESIAN_POINT('',(-0.00493915789473684,0.00376710905822953,0.00193933982822018));
#4029=CARTESIAN_POINT('',(-0.0049391578947367,0.00354613818910884,0.00193933982822018));
#4030=CARTESIAN_POINT('',(-0.00491614009586981,0.00307197153245391,0.00193933982822018));
#4031=CARTESIAN_POINT('',(-0.00455015709388858,0.00238834290611131,0.00193933982822018));
#4032=CARTESIAN_POINT('',(-0.00386652846754607,0.00202235990413003,0.00193933982822018));
#4033=CARTESIAN_POINT('',(-0.00339236181089101,0.00199934210526316,0.00193933982822018));
#4034=CARTESIAN_POINT('',(-0.00317139094177017,0.00199934210526316,0.00193933982822018));
#4035=CARTESIAN_POINT('',(0.0342358421052633,0.0037671090582311,0.00193933982822205));
#4036=CARTESIAN_POINT('',(0.0342358421052633,0.0037671090582311,0.));
#4037=CARTESIAN_POINT('',(0.0342358421052633,0.00350194401528692,0.00193933982822205));
#4038=CARTESIAN_POINT('',(0.0342358421052633,0.00350194401528692,0.));
#4039=CARTESIAN_POINT('',(0.0342358421052633,0.00323677897234195,0.00193933982822205));
#4040=CARTESIAN_POINT('',(0.0342358421052633,0.00323677897234195,-2.16840434497101E-19));
#4041=CARTESIAN_POINT('',(0.0340590654099666,0.0025885977562527,0.00193933982822205));
#4042=CARTESIAN_POINT('',(0.0340590654099666,0.0025885977562527,-2.16840434497101E-19));
#4043=CARTESIAN_POINT('',(0.0336465864542744,0.00217611880056059,0.00193933982822205));
#4044=CARTESIAN_POINT('',(0.0336465864542744,0.00217611880056059,-2.16840434497101E-19));
#4045=CARTESIAN_POINT('',(0.0329984052381868,0.00199934210526319,0.00193933982822205));
#4046=CARTESIAN_POINT('',(0.0329984052381868,0.00199934210526319,0.));
#4047=CARTESIAN_POINT('',(0.0327332401952418,0.0019993421052632,0.00193933982822205));
#4048=CARTESIAN_POINT('',(0.0327332401952418,0.0019993421052632,0.));
#4049=CARTESIAN_POINT('',(0.0324680751522969,0.0019993421052632,0.00193933982822205));
#4050=CARTESIAN_POINT('',(0.0324680751522969,0.0019993421052632,0.));
#4051=CARTESIAN_POINT('',(0.0324680751522968,0.0019993421052632,0.0019393398281888));
#4052=CARTESIAN_POINT('',(0.0324680751522968,0.0019993421052632,0.00129289321879253));
#4053=CARTESIAN_POINT('',(0.0324680751522968,0.0019993421052632,0.000646446609396267));
#4054=CARTESIAN_POINT('',(0.0324680751522968,0.0019993421052632,0.));
#4055=CARTESIAN_POINT('',(0.0324680751522968,0.00199934210526319,0.));
#4056=CARTESIAN_POINT('',(0.0342358421052632,0.00376710905822957,0.));
#4057=CARTESIAN_POINT('',(0.0342358421052632,0.00376710905822957,0.000646446609407352));
#4058=CARTESIAN_POINT('',(0.0342358421052632,0.00376710905822957,0.0012928932188147));
#4059=CARTESIAN_POINT('',(0.0342358421052632,0.00376710905822957,0.00193933982822205));
#4060=CARTESIAN_POINT('',(0.0342358421052631,0.00376710905822957,0.));
#4061=CARTESIAN_POINT('',(0.0324680751522968,0.00199934210526319,2.03287907341032E-20));
#4062=CARTESIAN_POINT('',(0.0327077892701782,0.00199934210526319,2.03287907341032E-20));
#4063=CARTESIAN_POINT('',(0.0331896785791003,0.00203121818859706,2.86902159705707E-19));
#4064=CARTESIAN_POINT('',(0.0338414972139465,0.00239177918949345,1.5458351287391E-19));
#4065=CARTESIAN_POINT('',(0.0342044072740732,0.0030460426652197,2.83998046743692E-19));
#4066=CARTESIAN_POINT('',(0.0342358421052631,0.00352661876583728,2.71050543121376E-20));
#4067=CARTESIAN_POINT('',(0.0342358421052631,0.00376710905822957,2.71050543121376E-20));
#4068=CARTESIAN_POINT('',(-0.00493915789473687,0.0117315751522965,0.00193933982823999));
#4069=CARTESIAN_POINT('',(-0.00493915789473687,0.0117315751522965,0.));
#4070=CARTESIAN_POINT('',(-0.00493915789473687,0.0119967401952412,0.00193933982823999));
#4071=CARTESIAN_POINT('',(-0.00493915789473687,0.0119967401952412,0.));
#4072=CARTESIAN_POINT('',(-0.00493915789473686,0.0122619052381858,0.00193933982823999));
#4073=CARTESIAN_POINT('',(-0.00493915789473686,0.0122619052381858,0.));
#4074=CARTESIAN_POINT('',(-0.00476238119944037,0.0129100864542744,0.00193933982823999));
#4075=CARTESIAN_POINT('',(-0.00476238119944037,0.0129100864542744,0.));
#4076=CARTESIAN_POINT('',(-0.00434990224374786,0.0133225654099659,0.00193933982823999));
#4077=CARTESIAN_POINT('',(-0.00434990224374786,0.0133225654099659,0.));
#4078=CARTESIAN_POINT('',(-0.00370172102766024,0.0134993421052632,0.00193933982823999));
#4079=CARTESIAN_POINT('',(-0.00370172102766024,0.0134993421052632,0.));
#4080=CARTESIAN_POINT('',(-0.00343655598471536,0.0134993421052632,0.00193933982823999));
#4081=CARTESIAN_POINT('',(-0.00343655598471536,0.0134993421052632,0.));
#4082=CARTESIAN_POINT('',(-0.00317139094177048,0.0134993421052632,0.00193933982823999));
#4083=CARTESIAN_POINT('',(-0.00317139094177048,0.0134993421052632,0.));
#4084=CARTESIAN_POINT('',(-0.00317139094177051,0.0134993421052632,0.00193933982823999));
#4085=CARTESIAN_POINT('',(-0.00317139094177051,0.0134993421052632,0.00129289321882666));
#4086=CARTESIAN_POINT('',(-0.00317139094177051,0.0134993421052632,0.00064644660941333));
#4087=CARTESIAN_POINT('',(-0.00317139094177051,0.0134993421052632,0.));
#4088=CARTESIAN_POINT('',(-0.00317139094177049,0.0134993421052632,0.));
#4089=CARTESIAN_POINT('',(-0.00493915789473685,0.0117315751522968,0.));
#4090=CARTESIAN_POINT('',(-0.00493915789473685,0.0117315751522968,0.000646446609404723));
#4091=CARTESIAN_POINT('',(-0.00493915789473685,0.0117315751522968,0.00129289321880945));
#4092=CARTESIAN_POINT('',(-0.00493915789473685,0.0117315751522968,0.00193933982821417));
#4093=CARTESIAN_POINT('',(-0.00493915789473685,0.0117315751522968,0.));
#4094=CARTESIAN_POINT('',(-0.00317139094177049,0.0134993421052632,2.03287907341032E-20));
#4095=CARTESIAN_POINT('',(-0.00341110505965187,0.0134993421052632,2.03287907341032E-20));
#4096=CARTESIAN_POINT('',(-0.00389299436857398,0.0134674660219293,2.86902159705707E-19));
#4097=CARTESIAN_POINT('',(-0.00454481300342016,0.0131069050210329,1.5458351287391E-19));
#4098=CARTESIAN_POINT('',(-0.00490772306354692,0.0124526415453067,2.83998046743692E-19));
#4099=CARTESIAN_POINT('',(-0.00493915789473685,0.0119720654446891,2.71050543121376E-20));
#4100=CARTESIAN_POINT('',(-0.00493915789473685,0.0117315751522968,2.71050543121376E-20));
#4101=CARTESIAN_POINT('',(-0.00493915789473684,0.00376710905822954,0.));
#4102=CARTESIAN_POINT('',(-0.00493915789473684,0.00376710905822954,0.00193933982822018));
#4103=CARTESIAN_POINT('',(-0.00493915789473668,0.00350194401528467,0.));
#4104=CARTESIAN_POINT('',(-0.00493915789473668,0.00350194401528467,0.00193933982822018));
#4105=CARTESIAN_POINT('',(-0.00493915789473651,0.0032367789723398,0.));
#4106=CARTESIAN_POINT('',(-0.00493915789473651,0.0032367789723398,0.00193933982822018));
#4107=CARTESIAN_POINT('',(-0.00476238119944007,0.00258859775625188,0.));
#4108=CARTESIAN_POINT('',(-0.00476238119944007,0.00258859775625188,0.00193933982822018));
#4109=CARTESIAN_POINT('',(-0.00434990224374762,0.00217611880055986,0.));
#4110=CARTESIAN_POINT('',(-0.00434990224374762,0.00217611880055986,0.00193933982822018));
#4111=CARTESIAN_POINT('',(-0.0037017210276599,0.00199934210526319,0.));
#4112=CARTESIAN_POINT('',(-0.0037017210276599,0.00199934210526319,0.00193933982822018));
#4113=CARTESIAN_POINT('',(-0.00343655598471492,0.00199934210526316,0.));
#4114=CARTESIAN_POINT('',(-0.00343655598471492,0.00199934210526316,0.00193933982822018));
#4115=CARTESIAN_POINT('',(-0.00317139094176988,0.00199934210526316,0.));
#4116=CARTESIAN_POINT('',(-0.00317139094176988,0.00199934210526316,0.00193933982822018));
#4117=CARTESIAN_POINT('',(-0.00493915789473685,0.00376710905822953,0.00193933982821972));
#4118=CARTESIAN_POINT('',(-0.00493915789473685,0.00376710905822953,0.00129289321881314));
#4119=CARTESIAN_POINT('',(-0.00493915789473685,0.00376710905822953,0.000646446609406572));
#4120=CARTESIAN_POINT('',(-0.00493915789473685,0.00376710905822953,0.));
#4121=CARTESIAN_POINT('',(-0.00493915789473684,0.00376710905822954,0.));
#4122=CARTESIAN_POINT('',(-0.00317139094177049,0.00199934210526316,0.));
#4123=CARTESIAN_POINT('',(-0.00317139094177049,0.00199934210526316,0.000646446609406572));
#4124=CARTESIAN_POINT('',(-0.00317139094177049,0.00199934210526316,0.00129289321881314));
#4125=CARTESIAN_POINT('',(-0.00317139094177049,0.00199934210526316,0.00193933982821972));
#4126=CARTESIAN_POINT('',(-0.00317139094177047,0.00199934210526316,0.));
#4127=CARTESIAN_POINT('',(-0.00493915789473684,0.00376710905822954,-5.59041745187838E-20));
#4128=CARTESIAN_POINT('',(-0.00493915789473684,0.00352739494034815,-5.59041745187838E-20));
#4129=CARTESIAN_POINT('',(-0.00490728181140299,0.00304550563142604,4.55522218562688E-19));
#4130=CARTESIAN_POINT('',(-0.00454672081050662,0.00239368699657986,1.97146918473438E-19));
#4131=CARTESIAN_POINT('',(-0.00389245733478035,0.00203077693645309,4.63508529208228E-19));
#4132=CARTESIAN_POINT('',(-0.00341188123416276,0.00199934210526317,-7.45388993583784E-20));
#4133=CARTESIAN_POINT('',(-0.00317139094177047,0.00199934210526317,-7.45388993583784E-20));
#4134=CARTESIAN_POINT('',(0.0280530340217836,-0.0151165773168385,0.00123223304703363));
#4135=CARTESIAN_POINT('',(0.0284044961470029,-0.0133496578947368,0.00123223304703363));
#4136=CARTESIAN_POINT('',(0.0280530340217836,-0.0115827384726352,0.00123223304703363));
#4137=CARTESIAN_POINT('',(0.0270521545686782,-0.010084816515384,0.00123223304703363));
#4138=CARTESIAN_POINT('',(0.0255542326114271,-0.0090839370622785,0.00123223304703363));
#4139=CARTESIAN_POINT('',(0.0237873131893255,-0.00873247493705911,0.00123223304703363));
#4140=CARTESIAN_POINT('',(0.0220203937672238,-0.00908393706227841,0.00123223304703363));
#4141=CARTESIAN_POINT('',(0.0205224718099726,-0.0100848165153838,0.00123223304703363));
#4142=CARTESIAN_POINT('',(0.0195215923568671,-0.0115827384726349,0.00123223304703363));
#4143=CARTESIAN_POINT('',(0.0191701302316477,-0.0133496578947366,0.00123223304703363));
#4144=CARTESIAN_POINT('',(0.019521592356867,-0.0151165773168383,0.00123223304703363));
#4145=CARTESIAN_POINT('',(0.0205224718099725,-0.0166144992740894,0.00123223304703363));
#4146=CARTESIAN_POINT('',(0.0220203937672236,-0.0176153787271949,0.00123223304703363));
#4147=CARTESIAN_POINT('',(0.0237873131893252,-0.0179668408524143,0.00123223304703363));
#4148=CARTESIAN_POINT('',(0.0255542326114269,-0.017615378727195,0.00123223304703363));
#4149=CARTESIAN_POINT('',(0.027052154568678,-0.0166144992740896,0.00123223304703363));
#4150=CARTESIAN_POINT('',(0.0280530340217836,-0.0151165773168385,0.00123223304703363));
#4151=CARTESIAN_POINT('',(0.0284044961470029,-0.0133496578947368,0.00123223304703363));
#4152=CARTESIAN_POINT('',(0.0280530340217836,-0.0115827384726352,0.00123223304703363));
#4153=CARTESIAN_POINT('',(0.0280476574167315,-0.0151143502541064,0.00148279109626031));
#4154=CARTESIAN_POINT('',(0.0283986765516305,-0.0133496578947368,0.00148279109626031));
#4155=CARTESIAN_POINT('',(0.0280476574167316,-0.0115849655353673,0.00148279109626031));
#4156=CARTESIAN_POINT('',(0.0270480394933266,-0.0100889315907356,0.00148279109626031));
#4157=CARTESIAN_POINT('',(0.025552005548695,-0.00908931366733057,0.00148279109626031));
#4158=CARTESIAN_POINT('',(0.0237873131893255,-0.00873829453243153,0.00148279109626031));
#4159=CARTESIAN_POINT('',(0.0220226208299559,-0.00908931366733049,0.00148279109626031));
#4160=CARTESIAN_POINT('',(0.0205265868853243,-0.0100889315907354,0.00148279109626031));
#4161=CARTESIAN_POINT('',(0.0195269689619192,-0.011584965535367,0.00148279109626031));
#4162=CARTESIAN_POINT('',(0.0191759498270202,-0.0133496578947366,0.00148279109626031));
#4163=CARTESIAN_POINT('',(0.0195269689619191,-0.0151143502541062,0.00148279109626031));
#4164=CARTESIAN_POINT('',(0.0205265868853241,-0.0166103841987378,0.00148279109626031));
#4165=CARTESIAN_POINT('',(0.0220226208299557,-0.0176100021221428,0.00148279109626031));
#4166=CARTESIAN_POINT('',(0.0237873131893252,-0.0179610212570419,0.00148279109626031));
#4167=CARTESIAN_POINT('',(0.0255520055486948,-0.0176100021221429,0.00148279109626031));
#4168=CARTESIAN_POINT('',(0.0270480394933264,-0.016610384198738,0.00148279109626031));
#4169=CARTESIAN_POINT('',(0.0280476574167315,-0.0151143502541064,0.00148279109626031));
#4170=CARTESIAN_POINT('',(0.0283986765516305,-0.0133496578947368,0.00148279109626031));
#4171=CARTESIAN_POINT('',(0.0280476574167316,-0.0115849655353673,0.00148279109626031));
#4172=CARTESIAN_POINT('',(0.0280854116023338,-0.0151299885498192,0.00197663129200508));
#4173=CARTESIAN_POINT('',(0.0284395413876548,-0.0133496578947368,0.00197663129200508));
#4174=CARTESIAN_POINT('',(0.0280854116023339,-0.0115693272396544,0.00197663129200508));
#4175=CARTESIAN_POINT('',(0.0270769352959915,-0.0100600357880707,0.00197663129200508));
#4176=CARTESIAN_POINT('',(0.0255676438444079,-0.00905155948172824,0.00197663129200508));
#4177=CARTESIAN_POINT('',(0.0237873131893254,-0.00869742969640718,0.00197663129200508));
#4178=CARTESIAN_POINT('',(0.0220069825342431,-0.00905155948172814,0.00197663129200508));
#4179=CARTESIAN_POINT('',(0.0204976910826593,-0.0100600357880705,0.00197663129200508));
#4180=CARTESIAN_POINT('',(0.0194892147763169,-0.0115693272396542,0.00197663129200508));
#4181=CARTESIAN_POINT('',(0.0191350849909958,-0.0133496578947366,0.00197663129200508));
#4182=CARTESIAN_POINT('',(0.0194892147763168,-0.015129988549819,0.00197663129200508));
#4183=CARTESIAN_POINT('',(0.0204976910826592,-0.0166392800014027,0.00197663129200508));
#4184=CARTESIAN_POINT('',(0.0220069825342428,-0.0176477563077452,0.00197663129200508));
#4185=CARTESIAN_POINT('',(0.0237873131893252,-0.0180018860930662,0.00197663129200508));
#4186=CARTESIAN_POINT('',(0.0255676438444076,-0.0176477563077453,0.00197663129200508));
#4187=CARTESIAN_POINT('',(0.0270769352959913,-0.0166392800014029,0.00197663129200508));
#4188=CARTESIAN_POINT('',(0.0280854116023338,-0.0151299885498192,0.00197663129200508));
#4189=CARTESIAN_POINT('',(0.0284395413876548,-0.0133496578947368,0.00197663129200508));
#4190=CARTESIAN_POINT('',(0.0280854116023339,-0.0115693272396544,0.00197663129200508));
#4191=CARTESIAN_POINT('',(0.0284376562249189,-0.015275893049767,0.00259420582913672));
#4192=CARTESIAN_POINT('',(0.0288208082197359,-0.0133496578947368,0.00259420582913672));
#4193=CARTESIAN_POINT('',(0.028437656224919,-0.0114234227397067,0.00259420582913672));
#4194=CARTESIAN_POINT('',(0.0273465316583976,-0.00979043942566466,0.00259420582913672));
#4195=CARTESIAN_POINT('',(0.0257135483443556,-0.00869931485914312,0.00259420582913672));
#4196=CARTESIAN_POINT('',(0.0237873131893255,-0.00831616286432609,0.00259420582913672));
#4197=CARTESIAN_POINT('',(0.0218610780342953,-0.00869931485914302,0.00259420582913672));
#4198=CARTESIAN_POINT('',(0.0202280947202533,-0.00979043942566449,0.00259420582913672));
#4199=CARTESIAN_POINT('',(0.0191369701537317,-0.0114234227397064,0.00259420582913672));
#4200=CARTESIAN_POINT('',(0.0187538181589147,-0.0133496578947366,0.00259420582913672));
#4201=CARTESIAN_POINT('',(0.0191369701537316,-0.0152758930497667,0.00259420582913672));
#4202=CARTESIAN_POINT('',(0.0202280947202531,-0.0169088763638088,0.00259420582913672));
#4203=CARTESIAN_POINT('',(0.0218610780342951,-0.0180000009303303,0.00259420582913672));
#4204=CARTESIAN_POINT('',(0.0237873131893252,-0.0183831529251473,0.00259420582913672));
#4205=CARTESIAN_POINT('',(0.0257135483443554,-0.0180000009303304,0.00259420582913672));
#4206=CARTESIAN_POINT('',(0.0273465316583974,-0.0169088763638089,0.00259420582913672));
#4207=CARTESIAN_POINT('',(0.0284376562249189,-0.015275893049767,0.00259420582913672));
#4208=CARTESIAN_POINT('',(0.0288208082197359,-0.0133496578947368,0.00259420582913672));
#4209=CARTESIAN_POINT('',(0.028437656224919,-0.0114234227397067,0.00259420582913672));
#4210=CARTESIAN_POINT('',(0.0290230533793715,-0.0155183724905158,0.00296582397300785));
#4211=CARTESIAN_POINT('',(0.0294544375337887,-0.0133496578947368,0.00296582397300785));
#4212=CARTESIAN_POINT('',(0.0290230533793716,-0.0111809432989578,0.00296582397300785));
#4213=CARTESIAN_POINT('',(0.0277945752431229,-0.00934239584093934,0.00296582397300785));
#4214=CARTESIAN_POINT('',(0.0259560277851045,-0.00811391770469056,0.00296582397300785));
#4215=CARTESIAN_POINT('',(0.0237873131893255,-0.0076825335502733,0.00296582397300785));
#4216=CARTESIAN_POINT('',(0.0216185985935464,-0.00811391770469047,0.00296582397300785));
#4217=CARTESIAN_POINT('',(0.019780051135528,-0.00934239584093919,0.00296582397300785));
#4218=CARTESIAN_POINT('',(0.0185515729992792,-0.0111809432989576,0.00296582397300785));
#4219=CARTESIAN_POINT('',(0.0181201888448619,-0.0133496578947366,0.00296582397300785));
#4220=CARTESIAN_POINT('',(0.0185515729992791,-0.0155183724905156,0.00296582397300785));
#4221=CARTESIAN_POINT('',(0.0197800511355278,-0.0173569199485341,0.00296582397300785));
#4222=CARTESIAN_POINT('',(0.0216185985935462,-0.0185853980847829,0.00296582397300785));
#4223=CARTESIAN_POINT('',(0.0237873131893253,-0.0190167822392001,0.00296582397300785));
#4224=CARTESIAN_POINT('',(0.0259560277851043,-0.018585398084783,0.00296582397300785));
#4225=CARTESIAN_POINT('',(0.0277945752431227,-0.0173569199485342,0.00296582397300785));
#4226=CARTESIAN_POINT('',(0.0290230533793715,-0.0155183724905158,0.00296582397300785));
#4227=CARTESIAN_POINT('',(0.0294544375337887,-0.0133496578947368,0.00296582397300785));
#4228=CARTESIAN_POINT('',(0.0290230533793716,-0.0111809432989578,0.00296582397300785));
#4229=CARTESIAN_POINT('',(0.0294911890989629,-0.0157122806546019,0.00300567150463125));
#4230=CARTESIAN_POINT('',(0.0299611439853528,-0.0133496578947368,0.00300567150463125));
#4231=CARTESIAN_POINT('',(0.029491189098963,-0.0109870351348717,0.00300567150463125));
#4232=CARTESIAN_POINT('',(0.0281528708110948,-0.00898410027296741,0.00300567150463125));
#4233=CARTESIAN_POINT('',(0.0261499359491905,-0.00764578198509908,0.00300567150463125));
#4234=CARTESIAN_POINT('',(0.0237873131893254,-0.0071758270987092,0.00300567150463125));
#4235=CARTESIAN_POINT('',(0.0214246904294603,-0.00764578198509899,0.00300567150463125));
#4236=CARTESIAN_POINT('',(0.019421755567556,-0.00898410027296723,0.00300567150463125));
#4237=CARTESIAN_POINT('',(0.0180834372796877,-0.0109870351348715,0.00300567150463125));
#4238=CARTESIAN_POINT('',(0.0176134823932978,-0.0133496578947366,0.00300567150463125));
#4239=CARTESIAN_POINT('',(0.0180834372796876,-0.0157122806546017,0.00300567150463125));
#4240=CARTESIAN_POINT('',(0.0194217555675559,-0.017715215516506,0.00300567150463125));
#4241=CARTESIAN_POINT('',(0.0214246904294601,-0.0190535338043743,0.00300567150463125));
#4242=CARTESIAN_POINT('',(0.0237873131893252,-0.0195234886907642,0.00300567150463125));
#4243=CARTESIAN_POINT('',(0.0261499359491903,-0.0190535338043744,0.00300567150463125));
#4244=CARTESIAN_POINT('',(0.0281528708110946,-0.0177152155165062,0.00300567150463125));
#4245=CARTESIAN_POINT('',(0.0294911890989629,-0.0157122806546019,0.00300567150463125));
#4246=CARTESIAN_POINT('',(0.0299611439853528,-0.0133496578947368,0.00300567150463125));
#4247=CARTESIAN_POINT('',(0.029491189098963,-0.0109870351348717,0.00300567150463125));
#4248=CARTESIAN_POINT('',(0.0297287018373518,-0.0158106616520789,0.00299999999999993));
#4249=CARTESIAN_POINT('',(0.030218225920855,-0.0133496578947368,0.00299999999999993));
#4250=CARTESIAN_POINT('',(0.0297287018373519,-0.0108886541373947,0.00299999999999993));
#4251=CARTESIAN_POINT('',(0.0283346551910089,-0.00880231589305331,0.00299999999999993));
#4252=CARTESIAN_POINT('',(0.0262483169466676,-0.0074082692467103,0.00299999999999993));
#4253=CARTESIAN_POINT('',(0.0237873131893255,-0.0069187451632071,0.00299999999999993));
#4254=CARTESIAN_POINT('',(0.0213263094319834,-0.00740826924671021,0.00299999999999993));
#4255=CARTESIAN_POINT('',(0.019239971187642,-0.00880231589305314,0.00299999999999993));
#4256=CARTESIAN_POINT('',(0.0178459245412989,-0.0108886541373945,0.00299999999999993));
#4257=CARTESIAN_POINT('',(0.0173564004577958,-0.0133496578947366,0.00299999999999993));
#4258=CARTESIAN_POINT('',(0.0178459245412988,-0.0158106616520787,0.00299999999999993));
#4259=CARTESIAN_POINT('',(0.0192399711876418,-0.0178969998964201,0.00299999999999993));
#4260=CARTESIAN_POINT('',(0.0213263094319832,-0.0192910465427631,0.00299999999999993));
#4261=CARTESIAN_POINT('',(0.0237873131893253,-0.0197805706262663,0.00299999999999993));
#4262=CARTESIAN_POINT('',(0.0262483169466674,-0.0192910465427632,0.00299999999999993));
#4263=CARTESIAN_POINT('',(0.0283346551910088,-0.0178969998964203,0.00299999999999993));
#4264=CARTESIAN_POINT('',(0.0297287018373518,-0.0158106616520789,0.00299999999999993));
#4265=CARTESIAN_POINT('',(0.030218225920855,-0.0133496578947368,0.00299999999999993));
#4266=CARTESIAN_POINT('',(0.0297287018373519,-0.0108886541373947,0.00299999999999993));
#4267=CARTESIAN_POINT('',(0.0202610897932526,-0.00982340558272632,0.00123223304703363));
#4268=CARTESIAN_POINT('',(0.0188004682612684,-0.0133496578947368,0.00123223304703363));
#4269=CARTESIAN_POINT('',(0.0202610897932526,-0.0168759102067473,0.00123223304703363));
#4270=CARTESIAN_POINT('',(0.0237873421052631,-0.0183365317387316,0.00123223304703363));
#4271=CARTESIAN_POINT('',(0.0273135944172737,-0.0168759102067473,0.00123223304703363));
#4272=CARTESIAN_POINT('',(0.0287742159492579,-0.0133496578947368,0.00123223304703363));
#4273=CARTESIAN_POINT('',(0.0273135944172737,-0.00982340558272632,0.00123223304703363));
#4274=CARTESIAN_POINT('',(0.0237873421052632,-0.00836278405074207,0.00123223304703363));
#4275=CARTESIAN_POINT('',(0.0202610897932526,-0.00982340558272632,0.00123223304703363));
#4276=CARTESIAN_POINT('',(0.0188004682612684,-0.0133496578947368,0.00123223304703363));
#4277=CARTESIAN_POINT('',(0.0202610897932526,-0.0168759102067473,0.00123223304703363));
#4278=CARTESIAN_POINT('',(0.0192873421052632,-0.0133496578947368,0.00123223304703363));
#4279=CARTESIAN_POINT('',(0.0178732403883887,-0.0158989812085261,0.003));
#4280=CARTESIAN_POINT('',(0.0173564132668715,-0.0134328947643416,0.003));
#4281=CARTESIAN_POINT('',(0.0178205277778255,-0.0109745838381381,0.003));
#4282=CARTESIAN_POINT('',(0.0191477106565548,-0.00889683907852894,0.003));
#4283=CARTESIAN_POINT('',(0.0212027549860043,-0.00746097866490006,0.003));
#4284=CARTESIAN_POINT('',(0.0236528856514396,-0.00692007664093584,0.003));
#4285=CARTESIAN_POINT('',(0.0261236102283407,-0.00735805672350883,0.003));
#4286=CARTESIAN_POINT('',(0.0282386587118293,-0.00870818718714087,0.003));
#4287=CARTESIAN_POINT('',(0.0296760363515517,-0.0107649442763217,0.003));
#4288=CARTESIAN_POINT('',(0.0302169132990967,-0.0132151992494826,0.003));
#4289=CARTESIAN_POINT('',(0.0297789463189863,-0.0156859250582571,0.003));
#4290=CARTESIAN_POINT('',(0.0284288122849081,-0.0178009738137933,0.003));
#4291=CARTESIAN_POINT('',(0.0263720549945979,-0.0192383555705972,0.003));
#4292=CARTESIAN_POINT('',(0.0239218042094618,-0.0197792160487134,0.003));
#4293=CARTESIAN_POINT('',(0.0214510618359004,-0.0193413108381777,0.003));
#4294=CARTESIAN_POINT('',(0.0193360751506692,-0.0179909461953776,0.003));
#4295=CARTESIAN_POINT('',(0.0178732403883887,-0.0158989812085261,0.003));
#4296=CARTESIAN_POINT('',(0.0173564132668715,-0.0134328947643416,0.003));
#4297=CARTESIAN_POINT('',(0.0178205277778255,-0.0109745838381381,0.003));
#4298=CARTESIAN_POINT('',(0.0175195751522968,-0.0133496578947368,0.003));
#4299=CARTESIAN_POINT('',(-0.0192586578947368,-0.0409006578947368,-0.003));
#4300=CARTESIAN_POINT('',(0.0662413421052632,-0.0409006578947368,-0.003));
#4301=CARTESIAN_POINT('',(0.0662413421052632,-0.0409006578947368,-0.003));
#4302=CARTESIAN_POINT('',(0.0662413421052632,-0.0409006578947368,0.0005));
#4303=CARTESIAN_POINT('',(0.0662413421052632,-0.0409006578947368,0.0005));
#4304=CARTESIAN_POINT('',(0.0175746754385965,-0.0409006578947368,0.0005));
#4305=CARTESIAN_POINT('',(-0.0310919912280701,-0.0409006578947369,0.0005));
#4306=CARTESIAN_POINT('',(-0.0797586578947368,-0.0409006578947369,0.0005));
#4307=CARTESIAN_POINT('',(-0.0797586578947368,-0.0409006578947369,0.0005));
#4308=CARTESIAN_POINT('',(-0.0797586578947368,-0.0409006578947369,-0.003));
#4309=CARTESIAN_POINT('',(-0.0797586578947368,-0.0409006578947369,-0.003));
#4310=CARTESIAN_POINT('',(-0.0192586578947368,-0.0409006578947368,-0.003));
#4311=CARTESIAN_POINT('',(0.0662413421052632,-0.0359006578947368,-0.003));
#4312=CARTESIAN_POINT('',(0.0712413421052632,-0.0359006578947368,-0.003));
#4313=CARTESIAN_POINT('',(0.0712413421052632,-0.0359006578947368,-0.003));
#4314=CARTESIAN_POINT('',(0.0712413421052632,-0.0359006578947368,0.0005));
#4315=CARTESIAN_POINT('',(0.0712413421052632,-0.0359006578947368,0.0005));
#4316=CARTESIAN_POINT('',(0.0712413421052632,-0.0372096548337325,0.0005));
#4317=CARTESIAN_POINT('',(0.0701579114476308,-0.0398172272371044,0.0005));
#4318=CARTESIAN_POINT('',(0.067550339044259,-0.0409006578947368,0.0005));
#4319=CARTESIAN_POINT('',(0.0662413421052633,-0.0409006578947368,0.0005));
#4320=CARTESIAN_POINT('',(0.0662413421052632,-0.0359006578947368,-0.003));
#4321=CARTESIAN_POINT('',(0.0712413421052632,-0.0119006578947368,-0.003));
#4322=CARTESIAN_POINT('',(0.0712413421052632,0.0120993421052632,-0.003));
#4323=CARTESIAN_POINT('',(0.0712413421052632,0.0120993421052632,-0.003));
#4324=CARTESIAN_POINT('',(0.0712413421052632,0.0120993421052632,0.0005));
#4325=CARTESIAN_POINT('',(0.0712413421052632,0.0120993421052632,0.0005));
#4326=CARTESIAN_POINT('',(0.0712413421052632,-0.0039006578947368,0.0005));
#4327=CARTESIAN_POINT('',(0.0712413421052632,-0.0199006578947368,0.0005));
#4328=CARTESIAN_POINT('',(0.0712413421052632,-0.0359006578947368,0.0005));
#4329=CARTESIAN_POINT('',(0.0712413421052632,-0.0119006578947368,-0.003));
#4330=CARTESIAN_POINT('',(0.0662413421052632,0.0120993421052632,-0.003));
#4331=CARTESIAN_POINT('',(0.0662413421052632,0.0170993421052632,-0.003));
#4332=CARTESIAN_POINT('',(0.0662413421052632,0.0170993421052632,-0.003));
#4333=CARTESIAN_POINT('',(0.0662413421052632,0.0170993421052632,0.0005));
#4334=CARTESIAN_POINT('',(0.0662413421052632,0.0170993421052632,0.0005));
#4335=CARTESIAN_POINT('',(0.067550339044259,0.0170993421052632,0.0005));
#4336=CARTESIAN_POINT('',(0.0701579114476308,0.0160159114476308,0.0005));
#4337=CARTESIAN_POINT('',(0.0712413421052632,0.013408339044259,0.0005));
#4338=CARTESIAN_POINT('',(0.0712413421052632,0.0120993421052632,0.0005));
#4339=CARTESIAN_POINT('',(0.0662413421052632,0.0120993421052632,-0.003));
#4340=CARTESIAN_POINT('',(0.0332038421052631,0.0160493421052632,-0.003));
#4341=CARTESIAN_POINT('',(0.0332038421052631,0.0136993421052632,-0.005));
#4342=CARTESIAN_POINT('',(0.0332038421052631,0.0136993421052632,-0.005));
#4343=CARTESIAN_POINT('',(0.0332038421052631,0.0136993421052632,-0.0015));
#4344=CARTESIAN_POINT('',(0.0332038421052631,0.0170993421052632,-0.0015));
#4345=CARTESIAN_POINT('',(0.0332038421052631,0.0170993421052632,-0.0015));
#4346=CARTESIAN_POINT('',(0.0332038421052631,0.0170993421052632,-0.003));
#4347=CARTESIAN_POINT('',(0.0332038421052631,0.0170993421052632,-0.003));
#4348=CARTESIAN_POINT('',(0.0332038421052631,0.0160493421052632,-0.003));
#4349=CARTESIAN_POINT('',(0.0332038421052631,0.0149993421052632,-0.003));
#4350=CARTESIAN_POINT('',(0.0332038421052631,0.0149993421052632,-0.005));
#4351=CARTESIAN_POINT('',(0.0332038421052631,0.0149993421052632,-0.005));
#4352=CARTESIAN_POINT('',(0.0332038421052631,0.0143493421052632,-0.005));
#4353=CARTESIAN_POINT('',(-0.00355765789473686,0.0160493421052632,-0.003));
#4354=CARTESIAN_POINT('',(-0.00355765789473686,0.0170993421052632,-0.003));
#4355=CARTESIAN_POINT('',(-0.00355765789473686,0.0170993421052632,-0.003));
#4356=CARTESIAN_POINT('',(-0.00355765789473686,0.0170993421052632,-0.0015));
#4357=CARTESIAN_POINT('',(-0.00355765789473686,0.0160493421052632,-0.0015));
#4358=CARTESIAN_POINT('',(-0.00355765789473686,0.0136993421052632,-0.0015));
#4359=CARTESIAN_POINT('',(-0.00355765789473686,0.0136993421052632,-0.005));
#4360=CARTESIAN_POINT('',(-0.00355765789473686,0.0136993421052632,-0.005));
#4361=CARTESIAN_POINT('',(-0.00355765789473686,0.0143493421052632,-0.005));
#4362=CARTESIAN_POINT('',(-0.00355765789473686,0.0149993421052632,-0.005));
#4363=CARTESIAN_POINT('',(-0.00355765789473686,0.0149993421052632,-0.005));
#4364=CARTESIAN_POINT('',(-0.00355765789473686,0.0149993421052632,-0.003));
#4365=CARTESIAN_POINT('',(-0.00355765789473686,0.0160493421052632,-0.003));
#4366=CARTESIAN_POINT('',(-0.0418649078947368,0.0170993421052632,-0.003));
#4367=CARTESIAN_POINT('',(-0.0797586578947368,0.0170993421052631,-0.003));
#4368=CARTESIAN_POINT('',(-0.0797586578947368,0.0170993421052631,-0.003));
#4369=CARTESIAN_POINT('',(-0.0797586578947368,0.0170993421052631,0.0005));
#4370=CARTESIAN_POINT('',(-0.0797586578947369,0.0170993421052631,0.0005));
#4371=CARTESIAN_POINT('',(-0.0310919912280702,0.0170993421052632,0.0005));
#4372=CARTESIAN_POINT('',(0.0175746754385965,0.0170993421052632,0.0005));
#4373=CARTESIAN_POINT('',(0.0662413421052632,0.0170993421052632,0.0005));
#4374=CARTESIAN_POINT('',(0.0374725921052632,0.0170993421052632,-0.003));
#4375=CARTESIAN_POINT('',(0.0317038421052631,0.0170993421052632,-0.0015));
#4376=CARTESIAN_POINT('',(0.0317038421052631,0.0170993421052632,0.));
#4377=CARTESIAN_POINT('',(-0.0418649078947368,0.0170993421052632,0.));
#4378=CARTESIAN_POINT('',(0.0306238421052632,0.0170993421052632,0.));
#4379=CARTESIAN_POINT('',(0.0306238421052632,0.0170993421052632,-0.0015));
#4380=CARTESIAN_POINT('',(0.0291238421052631,0.0170993421052632,-0.0015));
#4381=CARTESIAN_POINT('',(0.0291238421052631,0.0170993421052632,-0.003));
#4382=CARTESIAN_POINT('',(0.0291238421052631,0.0170993421052632,-0.003));
#4383=CARTESIAN_POINT('',(0.0286238421052632,0.0170993421052632,-0.003));
#4384=CARTESIAN_POINT('',(0.0281238421052632,0.0170993421052632,-0.003));
#4385=CARTESIAN_POINT('',(0.0281238421052632,0.0170993421052632,-0.003));
#4386=CARTESIAN_POINT('',(0.0281238421052632,0.0170993421052632,-0.0015));
#4387=CARTESIAN_POINT('',(0.0266238421052632,0.0170993421052632,-0.0015));
#4388=CARTESIAN_POINT('',(0.0266238421052632,0.0170993421052632,0.));
#4389=CARTESIAN_POINT('',(-0.0418649078947368,0.0170993421052632,0.));
#4390=CARTESIAN_POINT('',(0.0255438421052631,0.0170993421052632,0.));
#4391=CARTESIAN_POINT('',(0.0255438421052631,0.0170993421052632,-0.0015));
#4392=CARTESIAN_POINT('',(0.0240438421052632,0.0170993421052632,-0.0015));
#4393=CARTESIAN_POINT('',(0.0240438421052632,0.0170993421052632,-0.003));
#4394=CARTESIAN_POINT('',(0.0240438421052632,0.0170993421052632,-0.003));
#4395=CARTESIAN_POINT('',(0.0230283421052632,0.0170993421052632,-0.003));
#4396=CARTESIAN_POINT('',(0.0220128421052632,0.0170993421052632,-0.003));
#4397=CARTESIAN_POINT('',(0.0220128421052632,0.0170993421052632,-0.003));
#4398=CARTESIAN_POINT('',(0.0220128421052632,0.0170993421052632,-0.0015));
#4399=CARTESIAN_POINT('',(0.0205128421052632,0.0170993421052632,-0.0015));
#4400=CARTESIAN_POINT('',(0.0205128421052632,0.0170993421052632,0.));
#4401=CARTESIAN_POINT('',(-0.0418649078947368,0.0170993421052632,0.));
#4402=CARTESIAN_POINT('',(0.0194328421052632,0.0170993421052632,0.));
#4403=CARTESIAN_POINT('',(0.0194328421052632,0.0170993421052632,-0.0015));
#4404=CARTESIAN_POINT('',(0.0179328421052631,0.0170993421052632,-0.0015));
#4405=CARTESIAN_POINT('',(0.0179328421052631,0.0170993421052632,-0.003));
#4406=CARTESIAN_POINT('',(0.0179328421052631,0.0170993421052632,-0.003));
#4407=CARTESIAN_POINT('',(0.0174328421052631,0.0170993421052632,-0.003));
#4408=CARTESIAN_POINT('',(0.0169328421052632,0.0170993421052632,-0.003));
#4409=CARTESIAN_POINT('',(0.0169328421052632,0.0170993421052632,-0.003));
#4410=CARTESIAN_POINT('',(0.0169328421052632,0.0170993421052632,-0.0015));
#4411=CARTESIAN_POINT('',(0.0154328421052631,0.0170993421052632,-0.0015));
#4412=CARTESIAN_POINT('',(0.0154328421052631,0.0170993421052632,0.));
#4413=CARTESIAN_POINT('',(-0.0418649078947368,0.0170993421052632,0.));
#4414=CARTESIAN_POINT('',(0.0143528421052631,0.0170993421052632,0.));
#4415=CARTESIAN_POINT('',(0.0143528421052631,0.0170993421052632,-0.0015));
#4416=CARTESIAN_POINT('',(0.0128528421052631,0.0170993421052632,-0.0015));
#4417=CARTESIAN_POINT('',(0.0128528421052631,0.0170993421052632,-0.003));
#4418=CARTESIAN_POINT('',(0.0128528421052631,0.0170993421052632,-0.003));
#4419=CARTESIAN_POINT('',(0.0123528421052631,0.0170993421052632,-0.003));
#4420=CARTESIAN_POINT('',(0.0118528421052631,0.0170993421052632,-0.003));
#4421=CARTESIAN_POINT('',(0.0118528421052631,0.0170993421052632,-0.003));
#4422=CARTESIAN_POINT('',(0.0118528421052631,0.0170993421052632,-0.0015));
#4423=CARTESIAN_POINT('',(0.0103528421052631,0.0170993421052632,-0.0015));
#4424=CARTESIAN_POINT('',(0.0103528421052631,0.0170993421052632,0.));
#4425=CARTESIAN_POINT('',(-0.0418649078947368,0.0170993421052632,0.));
#4426=CARTESIAN_POINT('',(0.00927284210526314,0.0170993421052632,0.));
#4427=CARTESIAN_POINT('',(0.00927284210526314,0.0170993421052632,-0.0015));
#4428=CARTESIAN_POINT('',(0.00777284210526314,0.0170993421052632,-0.0015));
#4429=CARTESIAN_POINT('',(0.00777284210526314,0.0170993421052632,-0.003));
#4430=CARTESIAN_POINT('',(0.00777284210526314,0.0170993421052632,-0.003));
#4431=CARTESIAN_POINT('',(0.00672984210526314,0.0170993421052632,-0.003));
#4432=CARTESIAN_POINT('',(0.00568684210526314,0.0170993421052632,-0.003));
#4433=CARTESIAN_POINT('',(0.00568684210526314,0.0170993421052632,-0.003));
#4434=CARTESIAN_POINT('',(0.00568684210526314,0.0170993421052632,-0.0015));
#4435=CARTESIAN_POINT('',(0.00418684210526314,0.0170993421052632,-0.0015));
#4436=CARTESIAN_POINT('',(0.00418684210526314,0.0170993421052632,0.));
#4437=CARTESIAN_POINT('',(-0.0418649078947368,0.0170993421052632,0.));
#4438=CARTESIAN_POINT('',(0.00310684210526314,0.0170993421052632,0.));
#4439=CARTESIAN_POINT('',(0.00310684210526314,0.0170993421052632,-0.0015));
#4440=CARTESIAN_POINT('',(0.00160684210526314,0.0170993421052632,-0.0015));
#4441=CARTESIAN_POINT('',(0.00160684210526314,0.0170993421052632,-0.003));
#4442=CARTESIAN_POINT('',(0.00160684210526314,0.0170993421052632,-0.003));
#4443=CARTESIAN_POINT('',(0.00110684210526314,0.0170993421052632,-0.003));
#4444=CARTESIAN_POINT('',(0.000606842105263141,0.0170993421052632,-0.003));
#4445=CARTESIAN_POINT('',(0.000606842105263141,0.0170993421052632,-0.003));
#4446=CARTESIAN_POINT('',(0.000606842105263141,0.0170993421052632,-0.0015));
#4447=CARTESIAN_POINT('',(-0.000893157894736859,0.0170993421052632,-0.0015));
#4448=CARTESIAN_POINT('',(-0.00089315789473686,0.0170993421052632,0.));
#4449=CARTESIAN_POINT('',(-0.0418649078947368,0.0170993421052632,0.));
#4450=CARTESIAN_POINT('',(-0.00205765789473686,0.0170993421052632,0.));
#4451=CARTESIAN_POINT('',(-0.00205765789473685,0.0170993421052632,-0.0015));
#4452=CARTESIAN_POINT('',(-0.0418649078947368,0.0170993421052632,-0.003));
#4453=CARTESIAN_POINT('',(-0.0797586578947368,0.0120993421052631,-0.003));
#4454=CARTESIAN_POINT('',(-0.0847586578947368,0.0120993421052631,-0.003));
#4455=CARTESIAN_POINT('',(-0.0847586578947368,0.0120993421052631,-0.003));
#4456=CARTESIAN_POINT('',(-0.0847586578947368,0.0120993421052631,0.0005));
#4457=CARTESIAN_POINT('',(-0.0847586578947368,0.0120993421052631,0.0005));
#4458=CARTESIAN_POINT('',(-0.0847586578947368,0.0134083390442588,0.0005));
#4459=CARTESIAN_POINT('',(-0.0836752272371044,0.0160159114476307,0.0005));
#4460=CARTESIAN_POINT('',(-0.0810676548337326,0.0170993421052631,0.0005));
#4461=CARTESIAN_POINT('',(-0.0797586578947368,0.0170993421052631,0.0005));
#4462=CARTESIAN_POINT('',(-0.0797586578947368,0.0120993421052631,-0.003));
#4463=CARTESIAN_POINT('',(-0.0847586578947368,0.00209934210526311,-0.003));
#4464=CARTESIAN_POINT('',(-0.0847586578947368,-0.0359006578947369,-0.003));
#4465=CARTESIAN_POINT('',(-0.0847586578947368,-0.0359006578947369,-0.003));
#4466=CARTESIAN_POINT('',(-0.0847586578947368,-0.0359006578947369,0.0005));
#4467=CARTESIAN_POINT('',(-0.0847586578947368,-0.0359006578947369,0.0005));
#4468=CARTESIAN_POINT('',(-0.0847586578947368,-0.0199006578947369,0.0005));
#4469=CARTESIAN_POINT('',(-0.0847586578947368,-0.00390065789473689,0.0005));
#4470=CARTESIAN_POINT('',(-0.0847586578947368,0.0120993421052631,0.0005));
#4471=CARTESIAN_POINT('',(-0.0847586578947368,0.00209934210526311,-0.003));
#4472=CARTESIAN_POINT('',(-0.0797586578947368,-0.0359006578947368,-0.003));
#4473=CARTESIAN_POINT('',(-0.0797586578947368,-0.0409006578947368,0.0005));
#4474=CARTESIAN_POINT('',(-0.0810676548337325,-0.0409006578947368,0.0005));
#4475=CARTESIAN_POINT('',(-0.0836752272371044,-0.0398172272371045,0.0005));
#4476=CARTESIAN_POINT('',(-0.0847586578947368,-0.0372096548337326,0.0005));
#4477=CARTESIAN_POINT('',(-0.0847586578947368,-0.0359006578947369,0.0005));
#4478=CARTESIAN_POINT('',(-0.0797586578947368,-0.0359006578947368,-0.003));
#4479=CARTESIAN_POINT('',(-0.00675865789473683,-0.0119006578947368,-0.003));
#4480=CARTESIAN_POINT('',(-0.0413149078947369,0.0149993421052631,-0.003));
#4481=CARTESIAN_POINT('',(-0.0786586578947369,0.0149993421052631,-0.003));
#4482=CARTESIAN_POINT('',(-0.0786586578947369,0.0109993421052631,-0.003));
#4483=CARTESIAN_POINT('',(-0.0826586578947369,0.0109993421052631,-0.003));
#4484=CARTESIAN_POINT('',(-0.0826586578947368,-0.0263506578947369,-0.003));
#4485=CARTESIAN_POINT('',(-0.0826586578947368,-0.0348006578947369,-0.003));
#4486=CARTESIAN_POINT('',(-0.0786586578947368,-0.0348006578947369,-0.003));
#4487=CARTESIAN_POINT('',(-0.0786586578947368,-0.0388006578947369,-0.003));
#4488=CARTESIAN_POINT('',(-0.0187086578947368,-0.0388006578947368,-0.003));
#4489=CARTESIAN_POINT('',(0.0651413421052632,-0.0388006578947368,-0.003));
#4490=CARTESIAN_POINT('',(0.0651413421052632,-0.0348006578947368,-0.003));
#4491=CARTESIAN_POINT('',(0.0691413421052632,-0.0348006578947368,-0.003));
#4492=CARTESIAN_POINT('',(0.0691413421052632,-0.0119006578947368,-0.003));
#4493=CARTESIAN_POINT('',(0.0691413421052631,0.0109993421052632,-0.003));
#4494=CARTESIAN_POINT('',(0.0651413421052631,0.0109993421052632,-0.003));
#4495=CARTESIAN_POINT('',(0.0651413421052631,0.0149993421052632,-0.003));
#4496=CARTESIAN_POINT('',(0.0374725921052632,0.0149993421052632,-0.003));
#4497=CARTESIAN_POINT('',(-0.00376440789473685,0.0149993421052632,-0.005));
#4498=CARTESIAN_POINT('',(-0.0786586578947369,0.0149993421052631,-0.005));
#4499=CARTESIAN_POINT('',(-0.0786586578947369,0.0149993421052631,-0.005));
#4500=CARTESIAN_POINT('',(-0.00376440789473685,0.0149993421052632,-0.005));
#4501=CARTESIAN_POINT('',(-0.0826586578947368,0.00154934210526311,-0.005));
#4502=CARTESIAN_POINT('',(-0.0826586578947369,0.0109993421052631,-0.005));
#4503=CARTESIAN_POINT('',(-0.0826586578947369,0.0109993421052631,-0.005));
#4504=CARTESIAN_POINT('',(-0.0826586578947368,0.00154934210526311,-0.005));
#4505=CARTESIAN_POINT('',(-0.0826586578947368,-0.0348006578947369,-0.005));
#4506=CARTESIAN_POINT('',(-0.0826586578947368,-0.0348006578947369,-0.005));
#4507=CARTESIAN_POINT('',(-0.0187086578947368,-0.0388006578947368,-0.005));
#4508=CARTESIAN_POINT('',(-0.0786586578947368,-0.0388006578947369,-0.005));
#4509=CARTESIAN_POINT('',(-0.0786586578947368,-0.0388006578947369,-0.005));
#4510=CARTESIAN_POINT('',(-0.0187086578947368,-0.0388006578947368,-0.005));
#4511=CARTESIAN_POINT('',(0.0651413421052632,-0.0388006578947368,-0.005));
#4512=CARTESIAN_POINT('',(0.0651413421052632,-0.0388006578947368,-0.005));
#4513=CARTESIAN_POINT('',(0.0691413421052632,-0.0119006578947368,-0.005));
#4514=CARTESIAN_POINT('',(0.0691413421052631,0.0109993421052632,-0.005));
#4515=CARTESIAN_POINT('',(0.0691413421052631,0.0109993421052632,-0.005));
#4516=CARTESIAN_POINT('',(0.0691413421052632,-0.0348006578947368,-0.005));
#4517=CARTESIAN_POINT('',(0.0691413421052632,-0.0348006578947368,-0.005));
#4518=CARTESIAN_POINT('',(0.0691413421052632,-0.0119006578947368,-0.005));
#4519=CARTESIAN_POINT('',(0.0531913421052631,0.0149993421052632,-0.005));
#4520=CARTESIAN_POINT('',(0.0651413421052631,0.0149993421052632,-0.005));
#4521=CARTESIAN_POINT('',(0.0651413421052631,0.0149993421052632,-0.005));
#4522=CARTESIAN_POINT('',(0.0531913421052631,0.0149993421052632,-0.005));
#4523=CARTESIAN_POINT('',(-0.0786586578947369,0.0109993421052631,-0.005));
#4524=CARTESIAN_POINT('',(-0.0786586578947369,0.0109993421052631,-0.005));
#4525=CARTESIAN_POINT('',(-0.0786586578947368,-0.0348006578947369,-0.005));
#4526=CARTESIAN_POINT('',(-0.0786586578947368,-0.0348006578947369,-0.005));
#4527=CARTESIAN_POINT('',(0.0651413421052632,-0.0348006578947368,-0.005));
#4528=CARTESIAN_POINT('',(0.0651413421052632,-0.0348006578947368,-0.005));
#4529=CARTESIAN_POINT('',(0.0651413421052631,0.0109993421052632,-0.005));
#4530=CARTESIAN_POINT('',(0.0651413421052631,0.0109993421052632,-0.005));
#4531=CARTESIAN_POINT('',(-0.0773586578947369,0.00969934210526311,-0.005));
#4532=CARTESIAN_POINT('',(-0.0773586578947369,0.00969934210526311,0.));
#4533=CARTESIAN_POINT('',(-0.0773586578947369,0.0136993421052631,0.));
#4534=CARTESIAN_POINT('',(-0.0813586578947369,0.0096993421052631,0.));
#4535=CARTESIAN_POINT('',(-0.0813586578947369,0.0096993421052631,-0.005));
#4536=CARTESIAN_POINT('',(-0.0813586578947369,0.0096993421052631,-0.005));
#4537=CARTESIAN_POINT('',(-0.0773586578947369,0.00969934210526311,-0.005));
#4538=CARTESIAN_POINT('',(-0.0773586578947369,0.0136993421052631,-0.005));
#4539=CARTESIAN_POINT('',(-0.0773586578947369,0.0136993421052631,-0.005));
#4540=CARTESIAN_POINT('',(-0.0404581578947368,0.0136993421052631,-0.005));
#4541=CARTESIAN_POINT('',(-0.0404581578947368,0.0136993421052631,0.));
#4542=CARTESIAN_POINT('',(-0.00205765789473686,0.0136993421052632,0.));
#4543=CARTESIAN_POINT('',(-0.0404581578947368,0.0136993421052631,-0.005));
#4544=CARTESIAN_POINT('',(-0.00205765789473685,0.0136993421052632,-0.0015));
#4545=CARTESIAN_POINT('',(0.0524413421052631,0.0136993421052632,-0.005));
#4546=CARTESIAN_POINT('',(0.0524413421052631,0.0136993421052632,0.));
#4547=CARTESIAN_POINT('',(0.0317038421052631,0.0136993421052632,0.));
#4548=CARTESIAN_POINT('',(0.0636413421052631,0.0136993421052632,0.));
#4549=CARTESIAN_POINT('',(0.0317038421052631,0.0136993421052632,-0.0015));
#4550=CARTESIAN_POINT('',(0.0524413421052631,0.0136993421052632,-0.005));
#4551=CARTESIAN_POINT('',(0.0636413421052631,0.0136993421052632,-0.005));
#4552=CARTESIAN_POINT('',(0.0636413421052631,0.0136993421052632,-0.005));
#4553=CARTESIAN_POINT('',(0.0636413421052631,0.00969934210526321,-0.005));
#4554=CARTESIAN_POINT('',(0.0636413421052631,0.00969934210526321,0.));
#4555=CARTESIAN_POINT('',(0.0676413421052631,0.00969934210526321,0.));
#4556=CARTESIAN_POINT('',(0.0636413421052631,0.00969934210526321,-0.005));
#4557=CARTESIAN_POINT('',(0.0676413421052631,0.00969934210526321,-0.005));
#4558=CARTESIAN_POINT('',(0.0676413421052631,0.00969934210526321,-0.005));
#4559=CARTESIAN_POINT('',(0.0676413421052632,-0.0118006578947368,-0.005));
#4560=CARTESIAN_POINT('',(0.0676413421052632,-0.0118006578947368,0.));
#4561=CARTESIAN_POINT('',(0.0676413421052632,-0.0333006578947368,0.));
#4562=CARTESIAN_POINT('',(0.0676413421052632,-0.0118006578947368,-0.005));
#4563=CARTESIAN_POINT('',(0.0676413421052632,-0.0333006578947368,-0.005));
#4564=CARTESIAN_POINT('',(0.0676413421052632,-0.0333006578947368,-0.005));
#4565=CARTESIAN_POINT('',(0.0636413421052632,-0.0333006578947368,-0.005));
#4566=CARTESIAN_POINT('',(0.0636413421052632,-0.0333006578947368,0.));
#4567=CARTESIAN_POINT('',(0.0636413421052632,-0.0373006578947368,0.));
#4568=CARTESIAN_POINT('',(0.0636413421052632,-0.0333006578947368,-0.005));
#4569=CARTESIAN_POINT('',(0.0636413421052632,-0.0373006578947368,-0.005));
#4570=CARTESIAN_POINT('',(0.0636413421052632,-0.0373006578947368,-0.005));
#4571=CARTESIAN_POINT('',(-0.0180586578947368,-0.0373006578947368,-0.005));
#4572=CARTESIAN_POINT('',(-0.0180586578947368,-0.0373006578947368,0.));
#4573=CARTESIAN_POINT('',(-0.0773586578947368,-0.0373006578947369,0.));
#4574=CARTESIAN_POINT('',(-0.0180586578947368,-0.0373006578947368,-0.005));
#4575=CARTESIAN_POINT('',(-0.0773586578947368,-0.0373006578947369,-0.005));
#4576=CARTESIAN_POINT('',(-0.0773586578947368,-0.0373006578947369,-0.005));
#4577=CARTESIAN_POINT('',(-0.0773586578947368,-0.0333006578947369,-0.005));
#4578=CARTESIAN_POINT('',(-0.0773586578947368,-0.0333006578947369,0.));
#4579=CARTESIAN_POINT('',(-0.0813586578947368,-0.0333006578947369,0.));
#4580=CARTESIAN_POINT('',(-0.0773586578947368,-0.0333006578947369,-0.005));
#4581=CARTESIAN_POINT('',(-0.0813586578947368,-0.0333006578947369,-0.005));
#4582=CARTESIAN_POINT('',(-0.0813586578947368,-0.0333006578947369,-0.005));
#4583=CARTESIAN_POINT('',(-0.0813586578947368,-0.0118006578947369,-0.005));
#4584=CARTESIAN_POINT('',(-0.0813586578947368,-0.0118006578947369,0.));
#4585=CARTESIAN_POINT('',(-0.0813586578947368,-0.0118006578947369,-0.005));
#4586=CARTESIAN_POINT('',(-0.00675865789473683,-0.0119006578947368,-0.005));
#4587=CARTESIAN_POINT('',(0.000606842105263141,0.0160493421052632,-0.003));
#4588=CARTESIAN_POINT('',(0.000606842105263156,0.0136993421052632,-0.005));
#4589=CARTESIAN_POINT('',(0.000606842105263156,0.0136993421052632,-0.005));
#4590=CARTESIAN_POINT('',(0.000606842105263156,0.0136993421052632,-0.0015));
#4591=CARTESIAN_POINT('',(0.000606842105263141,0.0160493421052632,-0.0015));
#4592=CARTESIAN_POINT('',(0.000606842105263141,0.0160493421052632,-0.003));
#4593=CARTESIAN_POINT('',(0.000606842105263142,0.0149993421052632,-0.003));
#4594=CARTESIAN_POINT('',(0.000606842105263142,0.0149993421052632,-0.005));
#4595=CARTESIAN_POINT('',(0.000606842105263142,0.0149993421052632,-0.005));
#4596=CARTESIAN_POINT('',(0.000606842105263142,0.0143493421052632,-0.005));
#4597=CARTESIAN_POINT('',(0.00160684210526314,0.0160493421052632,-0.003));
#4598=CARTESIAN_POINT('',(0.00160684210526314,0.0136993421052632,-0.0015));
#4599=CARTESIAN_POINT('',(0.00160684210526314,0.0136993421052632,-0.0015));
#4600=CARTESIAN_POINT('',(0.00160684210526314,0.0136993421052632,-0.005));
#4601=CARTESIAN_POINT('',(0.00160684210526314,0.0136993421052632,-0.005));
#4602=CARTESIAN_POINT('',(0.00160684210526314,0.0143493421052632,-0.005));
#4603=CARTESIAN_POINT('',(0.00160684210526314,0.0149993421052632,-0.005));
#4604=CARTESIAN_POINT('',(0.00160684210526314,0.0149993421052632,-0.005));
#4605=CARTESIAN_POINT('',(0.00160684210526314,0.0149993421052632,-0.003));
#4606=CARTESIAN_POINT('',(0.00160684210526314,0.0160493421052632,-0.003));
#4607=CARTESIAN_POINT('',(-0.00675865789473683,-0.0119006578947368,-0.003));
#4608=CARTESIAN_POINT('',(0.00110684210526314,0.0149993421052632,-0.003));
#4609=CARTESIAN_POINT('',(0.00110684210526314,0.0149993421052632,-0.005));
#4610=CARTESIAN_POINT('',(0.00110684210526314,0.0149993421052632,-0.005));
#4611=CARTESIAN_POINT('',(0.00110684210526314,0.0136993421052632,-0.005));
#4612=CARTESIAN_POINT('',(0.00110684210526314,0.0136993421052632,0.));
#4613=CARTESIAN_POINT('',(-0.000893157894736858,0.0136993421052632,0.));
#4614=CARTESIAN_POINT('',(0.00310684210526314,0.0136993421052632,0.));
#4615=CARTESIAN_POINT('',(-0.000893157894736858,0.0136993421052632,-0.0015));
#4616=CARTESIAN_POINT('',(0.00110684210526314,0.0136993421052632,-0.005));
#4617=CARTESIAN_POINT('',(0.00310684210526314,0.0136993421052632,-0.0015));
#4618=CARTESIAN_POINT('',(-0.00675865789473683,-0.0119006578947368,-0.005));
#4619=CARTESIAN_POINT('',(-0.00675865789473683,-0.0119006578947368,0.));
#4620=CARTESIAN_POINT('',(-0.00493915789473685,0.00774934210526316,0.));
#4621=CARTESIAN_POINT('',(0.0146483421052632,0.00199934210526318,0.));
#4622=CARTESIAN_POINT('',(0.0342358421052631,0.0077493421052632,0.));
#4623=CARTESIAN_POINT('',(0.0342358421052631,0.0134993421052632,0.));
#4624=CARTESIAN_POINT('',(0.0146483421052631,0.0134993421052632,0.));
#4625=CARTESIAN_POINT('',(0.0266238421052632,-0.0119006578947368,0.));
#4626=CARTESIAN_POINT('',(0.0266238421052632,0.0136993421052632,0.));
#4627=CARTESIAN_POINT('',(0.0286238421052632,0.0136993421052632,0.));
#4628=CARTESIAN_POINT('',(0.0306238421052632,0.0136993421052632,0.));
#4629=CARTESIAN_POINT('',(0.0306238421052632,0.0170993421052632,0.));
#4630=CARTESIAN_POINT('',(0.0317038421052631,0.0136993421052632,0.));
#4631=CARTESIAN_POINT('',(-0.00205765789473685,-0.0119006578947368,0.));
#4632=CARTESIAN_POINT('',(-0.00089315789473685,-0.0119006578947368,0.));
#4633=CARTESIAN_POINT('',(0.00310684210526314,0.0170993421052632,0.));
#4634=CARTESIAN_POINT('',(0.00418684210526316,-0.0119006578947368,0.));
#4635=CARTESIAN_POINT('',(0.00418684210526315,0.0136993421052632,0.));
#4636=CARTESIAN_POINT('',(0.00672984210526313,0.0136993421052632,0.));
#4637=CARTESIAN_POINT('',(0.00927284210526314,0.0136993421052632,0.));
#4638=CARTESIAN_POINT('',(0.00927284210526314,0.0170993421052632,0.));
#4639=CARTESIAN_POINT('',(0.0103528421052631,-0.0119006578947368,0.));
#4640=CARTESIAN_POINT('',(0.0103528421052631,0.0136993421052632,0.));
#4641=CARTESIAN_POINT('',(0.0123528421052631,0.0136993421052632,0.));
#4642=CARTESIAN_POINT('',(0.0143528421052631,0.0136993421052632,0.));
#4643=CARTESIAN_POINT('',(0.0143528421052631,0.0170993421052632,0.));
#4644=CARTESIAN_POINT('',(0.0154328421052631,-0.0119006578947368,0.));
#4645=CARTESIAN_POINT('',(0.0154328421052631,0.0136993421052632,0.));
#4646=CARTESIAN_POINT('',(0.0174328421052631,0.0136993421052632,0.));
#4647=CARTESIAN_POINT('',(0.0194328421052632,0.0136993421052632,0.));
#4648=CARTESIAN_POINT('',(0.0194328421052632,0.0170993421052632,0.));
#4649=CARTESIAN_POINT('',(0.0205128421052632,-0.0119006578947368,0.));
#4650=CARTESIAN_POINT('',(0.0205128421052632,0.0136993421052632,0.));
#4651=CARTESIAN_POINT('',(0.0230283421052632,0.0136993421052632,0.));
#4652=CARTESIAN_POINT('',(0.0255438421052631,0.0136993421052632,0.));
#4653=CARTESIAN_POINT('',(0.0255438421052631,0.0170993421052632,0.));
#4654=CARTESIAN_POINT('',(0.0237873421052632,-0.0133496578947368,0.));
#4655=CARTESIAN_POINT('',(0.0282873421052632,-0.0133496578947368,0.));
#4656=CARTESIAN_POINT('',(-0.0272906578947368,-0.0209706578947368,0.));
#4657=CARTESIAN_POINT('',(-0.0262906578947368,-0.0209706578947368,0.));
#4658=CARTESIAN_POINT('',(-0.0407586578947368,-0.0339006578947368,0.));
#4659=CARTESIAN_POINT('',(-0.0396586578947368,-0.0339006578947368,0.));
#4660=CARTESIAN_POINT('',(-0.0407586578947368,0.00332434210526314,0.));
#4661=CARTESIAN_POINT('',(-0.0396586578947368,0.00332434210526314,0.));
#4662=CARTESIAN_POINT('',(0.0376663421052632,0.0100993421052632,0.));
#4663=CARTESIAN_POINT('',(0.0387663421052632,0.0100993421052632,0.));
#4664=CARTESIAN_POINT('',(0.0376663421052632,-0.0339006578947368,0.));
#4665=CARTESIAN_POINT('',(0.0387663421052632,-0.0339006578947368,0.));
#4666=CARTESIAN_POINT('',(0.00568684210526314,0.0160493421052632,-0.003));
#4667=CARTESIAN_POINT('',(0.00568684210526313,0.0136993421052632,-0.005));
#4668=CARTESIAN_POINT('',(0.00568684210526313,0.0136993421052632,-0.005));
#4669=CARTESIAN_POINT('',(0.00568684210526313,0.0136993421052632,-0.0015));
#4670=CARTESIAN_POINT('',(0.00568684210526314,0.0160493421052632,-0.0015));
#4671=CARTESIAN_POINT('',(0.00568684210526314,0.0160493421052632,-0.003));
#4672=CARTESIAN_POINT('',(0.00568684210526314,0.0149993421052632,-0.003));
#4673=CARTESIAN_POINT('',(0.00568684210526314,0.0149993421052632,-0.005));
#4674=CARTESIAN_POINT('',(0.00568684210526314,0.0149993421052632,-0.005));
#4675=CARTESIAN_POINT('',(0.00568684210526314,0.0143493421052632,-0.005));
#4676=CARTESIAN_POINT('',(0.00777284210526314,0.0160493421052632,-0.003));
#4677=CARTESIAN_POINT('',(0.00777284210526314,0.0136993421052632,-0.0015));
#4678=CARTESIAN_POINT('',(0.00777284210526313,0.0136993421052632,-0.0015));
#4679=CARTESIAN_POINT('',(0.00777284210526313,0.0136993421052632,-0.005));
#4680=CARTESIAN_POINT('',(0.00777284210526313,0.0136993421052632,-0.005));
#4681=CARTESIAN_POINT('',(0.00777284210526314,0.0143493421052632,-0.005));
#4682=CARTESIAN_POINT('',(0.00777284210526314,0.0149993421052632,-0.005));
#4683=CARTESIAN_POINT('',(0.00777284210526314,0.0149993421052632,-0.005));
#4684=CARTESIAN_POINT('',(0.00777284210526314,0.0149993421052632,-0.003));
#4685=CARTESIAN_POINT('',(0.00777284210526314,0.0160493421052632,-0.003));
#4686=CARTESIAN_POINT('',(-0.00675865789473683,-0.0119006578947368,-0.003));
#4687=CARTESIAN_POINT('',(0.00672984210526314,0.0149993421052632,-0.003));
#4688=CARTESIAN_POINT('',(0.00672984210526314,0.0149993421052632,-0.005));
#4689=CARTESIAN_POINT('',(0.00672984210526314,0.0149993421052632,-0.005));
#4690=CARTESIAN_POINT('',(0.00672984210526313,0.0136993421052632,-0.005));
#4691=CARTESIAN_POINT('',(0.00418684210526315,0.0136993421052632,-0.0015));
#4692=CARTESIAN_POINT('',(0.00672984210526313,0.0136993421052632,-0.005));
#4693=CARTESIAN_POINT('',(0.00927284210526314,0.0136993421052632,-0.0015));
#4694=CARTESIAN_POINT('',(-0.00675865789473683,-0.0119006578947368,-0.005));
#4695=CARTESIAN_POINT('',(0.0118528421052631,0.0160493421052632,-0.003));
#4696=CARTESIAN_POINT('',(0.0118528421052631,0.0136993421052632,-0.005));
#4697=CARTESIAN_POINT('',(0.0118528421052631,0.0136993421052632,-0.005));
#4698=CARTESIAN_POINT('',(0.0118528421052631,0.0136993421052632,-0.0015));
#4699=CARTESIAN_POINT('',(0.0118528421052631,0.0160493421052632,-0.0015));
#4700=CARTESIAN_POINT('',(0.0118528421052631,0.0160493421052632,-0.003));
#4701=CARTESIAN_POINT('',(0.0118528421052631,0.0149993421052632,-0.003));
#4702=CARTESIAN_POINT('',(0.0118528421052631,0.0149993421052632,-0.005));
#4703=CARTESIAN_POINT('',(0.0118528421052631,0.0149993421052632,-0.005));
#4704=CARTESIAN_POINT('',(0.0118528421052631,0.0143493421052632,-0.005));
#4705=CARTESIAN_POINT('',(0.0128528421052631,0.0160493421052632,-0.003));
#4706=CARTESIAN_POINT('',(0.0128528421052631,0.0136993421052632,-0.0015));
#4707=CARTESIAN_POINT('',(0.0128528421052631,0.0136993421052632,-0.0015));
#4708=CARTESIAN_POINT('',(0.0128528421052631,0.0136993421052632,-0.005));
#4709=CARTESIAN_POINT('',(0.0128528421052631,0.0136993421052632,-0.005));
#4710=CARTESIAN_POINT('',(0.0128528421052631,0.0143493421052632,-0.005));
#4711=CARTESIAN_POINT('',(0.0128528421052631,0.0149993421052632,-0.005));
#4712=CARTESIAN_POINT('',(0.0128528421052631,0.0149993421052632,-0.005));
#4713=CARTESIAN_POINT('',(0.0128528421052631,0.0149993421052632,-0.003));
#4714=CARTESIAN_POINT('',(0.0128528421052631,0.0160493421052632,-0.003));
#4715=CARTESIAN_POINT('',(-0.00675865789473683,-0.0119006578947368,-0.003));
#4716=CARTESIAN_POINT('',(0.0123528421052631,0.0149993421052632,-0.003));
#4717=CARTESIAN_POINT('',(0.0123528421052631,0.0149993421052632,-0.005));
#4718=CARTESIAN_POINT('',(0.0123528421052631,0.0149993421052632,-0.005));
#4719=CARTESIAN_POINT('',(0.0123528421052631,0.0136993421052632,-0.005));
#4720=CARTESIAN_POINT('',(0.0103528421052631,0.0136993421052632,-0.0015));
#4721=CARTESIAN_POINT('',(0.0123528421052631,0.0136993421052632,-0.005));
#4722=CARTESIAN_POINT('',(0.0143528421052631,0.0136993421052632,-0.0015));
#4723=CARTESIAN_POINT('',(-0.00675865789473683,-0.0119006578947368,-0.005));
#4724=CARTESIAN_POINT('',(0.0169328421052632,0.0160493421052632,-0.003));
#4725=CARTESIAN_POINT('',(0.0169328421052632,0.0136993421052632,-0.005));
#4726=CARTESIAN_POINT('',(0.0169328421052632,0.0136993421052632,-0.005));
#4727=CARTESIAN_POINT('',(0.0169328421052632,0.0136993421052632,-0.0015));
#4728=CARTESIAN_POINT('',(0.0169328421052632,0.0160493421052632,-0.0015));
#4729=CARTESIAN_POINT('',(0.0169328421052632,0.0160493421052632,-0.003));
#4730=CARTESIAN_POINT('',(0.0169328421052632,0.0149993421052632,-0.003));
#4731=CARTESIAN_POINT('',(0.0169328421052632,0.0149993421052632,-0.005));
#4732=CARTESIAN_POINT('',(0.0169328421052632,0.0149993421052632,-0.005));
#4733=CARTESIAN_POINT('',(0.0169328421052632,0.0143493421052632,-0.005));
#4734=CARTESIAN_POINT('',(0.0179328421052631,0.0160493421052632,-0.003));
#4735=CARTESIAN_POINT('',(0.0179328421052631,0.0136993421052632,-0.0015));
#4736=CARTESIAN_POINT('',(0.0179328421052631,0.0136993421052632,-0.0015));
#4737=CARTESIAN_POINT('',(0.0179328421052631,0.0136993421052632,-0.005));
#4738=CARTESIAN_POINT('',(0.0179328421052631,0.0136993421052632,-0.005));
#4739=CARTESIAN_POINT('',(0.0179328421052631,0.0143493421052632,-0.005));
#4740=CARTESIAN_POINT('',(0.0179328421052631,0.0149993421052632,-0.005));
#4741=CARTESIAN_POINT('',(0.0179328421052631,0.0149993421052632,-0.005));
#4742=CARTESIAN_POINT('',(0.0179328421052631,0.0149993421052632,-0.003));
#4743=CARTESIAN_POINT('',(0.0179328421052631,0.0160493421052632,-0.003));
#4744=CARTESIAN_POINT('',(-0.00675865789473683,-0.0119006578947368,-0.003));
#4745=CARTESIAN_POINT('',(0.0174328421052631,0.0149993421052632,-0.003));
#4746=CARTESIAN_POINT('',(0.0174328421052631,0.0149993421052632,-0.005));
#4747=CARTESIAN_POINT('',(0.0174328421052631,0.0149993421052632,-0.005));
#4748=CARTESIAN_POINT('',(0.0174328421052631,0.0136993421052632,-0.005));
#4749=CARTESIAN_POINT('',(0.0154328421052631,0.0136993421052632,-0.0015));
#4750=CARTESIAN_POINT('',(0.0174328421052631,0.0136993421052632,-0.005));
#4751=CARTESIAN_POINT('',(0.0194328421052632,0.0136993421052632,-0.0015));
#4752=CARTESIAN_POINT('',(-0.00675865789473683,-0.0119006578947368,-0.005));
#4753=CARTESIAN_POINT('',(0.0220128421052632,0.0160493421052632,-0.003));
#4754=CARTESIAN_POINT('',(0.0220128421052632,0.0136993421052632,-0.005));
#4755=CARTESIAN_POINT('',(0.0220128421052632,0.0136993421052632,-0.005));
#4756=CARTESIAN_POINT('',(0.0220128421052632,0.0136993421052632,-0.0015));
#4757=CARTESIAN_POINT('',(0.0220128421052632,0.0160493421052632,-0.0015));
#4758=CARTESIAN_POINT('',(0.0220128421052632,0.0160493421052632,-0.003));
#4759=CARTESIAN_POINT('',(0.0220128421052632,0.0149993421052632,-0.003));
#4760=CARTESIAN_POINT('',(0.0220128421052632,0.0149993421052632,-0.005));
#4761=CARTESIAN_POINT('',(0.0220128421052632,0.0149993421052632,-0.005));
#4762=CARTESIAN_POINT('',(0.0220128421052632,0.0143493421052632,-0.005));
#4763=CARTESIAN_POINT('',(0.0240438421052632,0.0160493421052632,-0.003));
#4764=CARTESIAN_POINT('',(0.0240438421052632,0.0136993421052632,-0.0015));
#4765=CARTESIAN_POINT('',(0.0240438421052632,0.0136993421052632,-0.0015));
#4766=CARTESIAN_POINT('',(0.0240438421052632,0.0136993421052632,-0.005));
#4767=CARTESIAN_POINT('',(0.0240438421052632,0.0136993421052632,-0.005));
#4768=CARTESIAN_POINT('',(0.0240438421052632,0.0143493421052632,-0.005));
#4769=CARTESIAN_POINT('',(0.0240438421052632,0.0149993421052632,-0.005));
#4770=CARTESIAN_POINT('',(0.0240438421052632,0.0149993421052632,-0.005));
#4771=CARTESIAN_POINT('',(0.0240438421052632,0.0149993421052632,-0.003));
#4772=CARTESIAN_POINT('',(0.0240438421052632,0.0160493421052632,-0.003));
#4773=CARTESIAN_POINT('',(-0.00675865789473683,-0.0119006578947368,-0.003));
#4774=CARTESIAN_POINT('',(0.0230283421052632,0.0149993421052632,-0.003));
#4775=CARTESIAN_POINT('',(0.0230283421052632,0.0149993421052632,-0.005));
#4776=CARTESIAN_POINT('',(0.0230283421052632,0.0149993421052632,-0.005));
#4777=CARTESIAN_POINT('',(0.0230283421052632,0.0136993421052632,-0.005));
#4778=CARTESIAN_POINT('',(0.0205128421052632,0.0136993421052632,-0.0015));
#4779=CARTESIAN_POINT('',(0.0230283421052632,0.0136993421052632,-0.005));
#4780=CARTESIAN_POINT('',(0.0255438421052631,0.0136993421052632,-0.0015));
#4781=CARTESIAN_POINT('',(-0.00675865789473683,-0.0119006578947368,-0.005));
#4782=CARTESIAN_POINT('',(0.0281238421052632,0.0160493421052632,-0.003));
#4783=CARTESIAN_POINT('',(0.0281238421052632,0.0136993421052632,-0.005));
#4784=CARTESIAN_POINT('',(0.0281238421052632,0.0136993421052632,-0.005));
#4785=CARTESIAN_POINT('',(0.0281238421052632,0.0136993421052632,-0.0015));
#4786=CARTESIAN_POINT('',(0.0281238421052632,0.0160493421052632,-0.0015));
#4787=CARTESIAN_POINT('',(0.0281238421052632,0.0160493421052632,-0.003));
#4788=CARTESIAN_POINT('',(0.0281238421052632,0.0149993421052632,-0.003));
#4789=CARTESIAN_POINT('',(0.0281238421052632,0.0149993421052632,-0.005));
#4790=CARTESIAN_POINT('',(0.0281238421052632,0.0149993421052632,-0.005));
#4791=CARTESIAN_POINT('',(0.0281238421052632,0.0143493421052632,-0.005));
#4792=CARTESIAN_POINT('',(0.0291238421052631,0.0160493421052632,-0.003));
#4793=CARTESIAN_POINT('',(0.0291238421052631,0.0136993421052632,-0.0015));
#4794=CARTESIAN_POINT('',(0.0291238421052631,0.0136993421052632,-0.0015));
#4795=CARTESIAN_POINT('',(0.0291238421052631,0.0136993421052632,-0.005));
#4796=CARTESIAN_POINT('',(0.0291238421052631,0.0136993421052632,-0.005));
#4797=CARTESIAN_POINT('',(0.0291238421052631,0.0143493421052632,-0.005));
#4798=CARTESIAN_POINT('',(0.0291238421052631,0.0149993421052632,-0.005));
#4799=CARTESIAN_POINT('',(0.0291238421052631,0.0149993421052632,-0.005));
#4800=CARTESIAN_POINT('',(0.0291238421052631,0.0149993421052632,-0.003));
#4801=CARTESIAN_POINT('',(0.0291238421052631,0.0160493421052632,-0.003));
#4802=CARTESIAN_POINT('',(-0.00675865789473683,-0.0119006578947368,-0.003));
#4803=CARTESIAN_POINT('',(0.0286238421052632,0.0149993421052632,-0.003));
#4804=CARTESIAN_POINT('',(0.0286238421052632,0.0149993421052632,-0.005));
#4805=CARTESIAN_POINT('',(0.0286238421052632,0.0149993421052632,-0.005));
#4806=CARTESIAN_POINT('',(0.0286238421052632,0.0136993421052632,-0.005));
#4807=CARTESIAN_POINT('',(0.0266238421052632,0.0136993421052632,-0.0015));
#4808=CARTESIAN_POINT('',(0.0286238421052632,0.0136993421052632,-0.005));
#4809=CARTESIAN_POINT('',(0.0306238421052632,0.0136993421052632,-0.0015));
#4810=CARTESIAN_POINT('',(-0.00675865789473683,-0.0119006578947368,-0.005));
#4811=CARTESIAN_POINT('',(0.0146483421052631,0.0134993421052632,0.003));
#4812=CARTESIAN_POINT('',(0.0342358421052631,0.0134993421052632,0.003));
#4813=CARTESIAN_POINT('',(0.0342358421052631,0.0077493421052632,0.003));
#4814=CARTESIAN_POINT('',(0.0146483421052632,0.00199934210526318,0.003));
#4815=CARTESIAN_POINT('',(-0.00493915789473685,0.00774934210526316,0.003));
#4816=CARTESIAN_POINT('',(-0.0272906578947368,-0.0209706578947368,0.003));
#4817=CARTESIAN_POINT('',(-0.0272906578947368,-0.0209706578947368,0.003));
#4818=CARTESIAN_POINT('',(-0.0262906578947368,-0.0209706578947368,0.003));
#4819=CARTESIAN_POINT('',(0.0237873421052632,-0.0133496578947368,0.003));
#4820=CARTESIAN_POINT('',(0.0376663421052632,-0.0339006578947368,0.003));
#4821=CARTESIAN_POINT('',(0.0376663421052632,-0.0339006578947368,0.0015));
#4822=CARTESIAN_POINT('',(0.0399163421052632,-0.0339006578947368,0.0015));
#4823=CARTESIAN_POINT('',(0.0376663421052632,-0.0339006578947368,0.003));
#4824=CARTESIAN_POINT('',(0.0399163421052632,-0.0339006578947368,0.003));
#4825=CARTESIAN_POINT('',(0.0376663421052632,0.0100993421052632,0.003));
#4826=CARTESIAN_POINT('',(0.0376663421052632,0.0100993421052632,0.0015));
#4827=CARTESIAN_POINT('',(0.0399163421052632,0.0100993421052632,0.0015));
#4828=CARTESIAN_POINT('',(0.0376663421052632,0.0100993421052632,0.003));
#4829=CARTESIAN_POINT('',(0.0399163421052632,0.0100993421052632,0.003));
#4830=CARTESIAN_POINT('',(-0.0407586578947368,0.00332434210526314,0.003));
#4831=CARTESIAN_POINT('',(-0.0407586578947368,0.00332434210526314,0.0015));
#4832=CARTESIAN_POINT('',(-0.0385086578947368,0.00332434210526314,0.0015));
#4833=CARTESIAN_POINT('',(-0.0407586578947368,0.00332434210526314,0.003));
#4834=CARTESIAN_POINT('',(-0.0385086578947368,0.00332434210526314,0.003));
#4835=CARTESIAN_POINT('',(-0.0407586578947368,-0.0339006578947368,0.003));
#4836=CARTESIAN_POINT('',(-0.0407586578947368,-0.0339006578947368,0.0015));
#4837=CARTESIAN_POINT('',(-0.0385086578947368,-0.0339006578947368,0.0015));
#4838=CARTESIAN_POINT('',(-0.0407586578947368,-0.0339006578947368,0.003));
#4839=CARTESIAN_POINT('',(-0.0385086578947368,-0.0339006578947368,0.003));
#4840=CARTESIAN_POINT('',(-0.00675865789473683,-0.0119006578947368,0.003));
#4841=CARTESIAN_POINT('',(-0.0822586578947368,0.0120993421052632,0.003));
#4842=CARTESIAN_POINT('',(-0.0822586578947368,-0.00390065789473684,0.003));
#4843=CARTESIAN_POINT('',(-0.0822586578947368,-0.0199006578947368,0.003));
#4844=CARTESIAN_POINT('',(-0.0822586578947368,-0.0359006578947368,0.003));
#4845=CARTESIAN_POINT('',(-0.0822586578947369,0.0120993421052631,0.003));
#4846=CARTESIAN_POINT('',(-0.0822586578947369,-0.0359006578947369,0.003));
#4847=CARTESIAN_POINT('',(-0.0822586578947368,-0.0359006578947368,0.003));
#4848=CARTESIAN_POINT('',(-0.0822586578947368,-0.0365633054596144,0.003));
#4849=CARTESIAN_POINT('',(-0.0817124545334178,-0.0378548680182308,0.003));
#4850=CARTESIAN_POINT('',(-0.0804221324292404,-0.0384006578947368,0.003));
#4851=CARTESIAN_POINT('',(-0.0797586578947368,-0.0384006578947368,0.003));
#4852=CARTESIAN_POINT('',(-0.0797586578947368,-0.0384006578947369,0.003));
#4853=CARTESIAN_POINT('',(-0.0797586578947368,-0.0384006578947368,0.003));
#4854=CARTESIAN_POINT('',(-0.0310919912280702,-0.0384006578947368,0.003));
#4855=CARTESIAN_POINT('',(0.0175746754385965,-0.0384006578947368,0.003));
#4856=CARTESIAN_POINT('',(0.0662413421052632,-0.0384006578947368,0.003));
#4857=CARTESIAN_POINT('',(0.0662413421052632,-0.0384006578947368,0.003));
#4858=CARTESIAN_POINT('',(0.0662413421052632,-0.0384006578947368,0.003));
#4859=CARTESIAN_POINT('',(0.0669039896701408,-0.0384006578947368,0.003));
#4860=CARTESIAN_POINT('',(0.0681955522287572,-0.0378544545334196,0.003));
#4861=CARTESIAN_POINT('',(0.0687413421052632,-0.0365641324292365,0.003));
#4862=CARTESIAN_POINT('',(0.0687413421052632,-0.0359006578947368,0.003));
#4863=CARTESIAN_POINT('',(0.0687413421052632,-0.0359006578947368,0.003));
#4864=CARTESIAN_POINT('',(0.0687413421052632,-0.0359006578947368,0.003));
#4865=CARTESIAN_POINT('',(0.0687413421052632,-0.0199006578947368,0.003));
#4866=CARTESIAN_POINT('',(0.0687413421052632,-0.00390065789473684,0.003));
#4867=CARTESIAN_POINT('',(0.0687413421052632,0.0120993421052632,0.003));
#4868=CARTESIAN_POINT('',(0.0687413421052632,0.0120993421052632,0.003));
#4869=CARTESIAN_POINT('',(0.0687413421052632,0.0120993421052632,0.003));
#4870=CARTESIAN_POINT('',(0.0687413421052632,0.012761989670105,0.003));
#4871=CARTESIAN_POINT('',(0.0681951387439418,0.0140535522287751,0.003));
#4872=CARTESIAN_POINT('',(0.0669048166397714,0.0145993421052632,0.003));
#4873=CARTESIAN_POINT('',(0.0662413421052632,0.0145993421052632,0.003));
#4874=CARTESIAN_POINT('',(0.0662413421052632,0.0145993421052632,0.003));
#4875=CARTESIAN_POINT('',(0.0662413421052632,0.0145993421052632,0.003));
#4876=CARTESIAN_POINT('',(0.0175746754385965,0.0145993421052632,0.003));
#4877=CARTESIAN_POINT('',(-0.0310919912280702,0.0145993421052632,0.003));
#4878=CARTESIAN_POINT('',(-0.0797586578947368,0.0145993421052632,0.003));
#4879=CARTESIAN_POINT('',(-0.0797586578947369,0.0145993421052631,0.003));
#4880=CARTESIAN_POINT('',(-0.0797586578947368,0.0145993421052632,0.003));
#4881=CARTESIAN_POINT('',(-0.0804213054596049,0.0145993421052632,0.003));
#4882=CARTESIAN_POINT('',(-0.0817128680182356,0.014053138743945,0.003));
#4883=CARTESIAN_POINT('',(-0.0822586578947368,0.0127628166397647,0.003));
#4884=CARTESIAN_POINT('',(-0.0822586578947368,0.0120993421052632,0.003));
#4885=CARTESIAN_POINT('',(0.0687188424978449,0.0120758575741899,0.00300000000000002));
#4886=CARTESIAN_POINT('',(0.0687326479460605,0.0135489608725779,0.00299999999999999));
#4887=CARTESIAN_POINT('',(0.0676909608725778,0.0145906479460606,0.00299999999999999));
#4888=CARTESIAN_POINT('',(0.0662178575741898,0.0145768424978451,0.00300000000000002));
#4889=CARTESIAN_POINT('',(0.0687233423082119,0.0120758154034209,0.00300000000000002));
#4890=CARTESIAN_POINT('',(0.0687371728281841,0.0135515939707916,0.00299999999999999));
#4891=CARTESIAN_POINT('',(0.0676935939707915,0.0145951728281842,0.00299999999999999));
#4892=CARTESIAN_POINT('',(0.0662178154034208,0.0145813423082121,0.00300000000000002));
#4893=CARTESIAN_POINT('',(0.0687278421185789,0.0120757732326518,0.00300000000000002));
#4894=CARTESIAN_POINT('',(0.0687416977103077,0.0135542270690053,0.00299999999999999));
#4895=CARTESIAN_POINT('',(0.0676962270690052,0.0145996977103078,0.00299999999999999));
#4896=CARTESIAN_POINT('',(0.0662177732326517,0.0145858421185791,0.00300000000000002));
#4897=CARTESIAN_POINT('',(0.0687323419289459,0.0120757310618827,0.00300000000000002));
#4898=CARTESIAN_POINT('',(0.0687462225924313,0.0135568601672191,0.00299999999999999));
#4899=CARTESIAN_POINT('',(0.067698860167219,0.0146042225924314,0.00299999999999999));
#4900=CARTESIAN_POINT('',(0.0662177310618827,0.014590341928946,0.00300000000000002));
#4901=CARTESIAN_POINT('',(0.0687368417393128,0.0120756888911137,0.00300000000000002));
#4902=CARTESIAN_POINT('',(0.0687507474745549,0.0135594932654328,0.00299999999999999));
#4903=CARTESIAN_POINT('',(0.0677014932654327,0.014608747474555,0.00299999999999999));
#4904=CARTESIAN_POINT('',(0.0662176888911136,0.014594841739313,0.00300000000000002));
#4905=CARTESIAN_POINT('',(0.0687413415496798,0.0120756467203446,0.00300000000000002));
#4906=CARTESIAN_POINT('',(0.0687552723566785,0.0135621263636466,0.00299999999999999));
#4907=CARTESIAN_POINT('',(0.0677041263636465,0.0146132723566787,0.00299999999999999));
#4908=CARTESIAN_POINT('',(0.0662176467203445,0.01459934154968,0.00300000000000002));
#4909=CARTESIAN_POINT('',(0.0691163250829529,0.012072132495812,0.00300000000000002));
#4910=CARTESIAN_POINT('',(0.0691323451993056,0.0137815508262617,0.00299999999999999));
#4911=CARTESIAN_POINT('',(0.0679235508262616,0.0149903451993057,0.00299999999999999));
#4912=CARTESIAN_POINT('',(0.0662141324958119,0.0149743250829531,0.00300000000000002));
#4913=CARTESIAN_POINT('',(0.0694913086162259,0.0120686182712794,0.00300000000000003));
#4914=CARTESIAN_POINT('',(0.0695094180419325,0.0140009752888768,0.00299999999999999));
#4915=CARTESIAN_POINT('',(0.0681429752888768,0.0153674180419326,0.00299999999999999));
#4916=CARTESIAN_POINT('',(0.0662106182712793,0.0153493086162261,0.00300000000000003));
#4917=CARTESIAN_POINT('',(0.0704079350308933,0.0120600279446441,0.00275000000000004));
#4918=CARTESIAN_POINT('',(0.0704311516572429,0.0145373461974915,0.00274999999999999));
#4919=CARTESIAN_POINT('',(0.0686793461974915,0.0162891516572431,0.00274999999999999));
#4920=CARTESIAN_POINT('',(0.066202027944644,0.0162659350308935,0.00275000000000004));
#4921=CARTESIAN_POINT('',(0.0709912427493181,0.0120545613731489,0.00216666666666671));
#4922=CARTESIAN_POINT('',(0.0710177094124405,0.0148786731393373,0.00216666666666665));
#4923=CARTESIAN_POINT('',(0.0690206731393372,0.0168757094124406,0.00216666666666665));
#4924=CARTESIAN_POINT('',(0.0661965613731489,0.0168492427493183,0.0021666666666667));
#4925=CARTESIAN_POINT('',(0.0712412317715001,0.0120522185567938,0.00125000000000004));
#4926=CARTESIAN_POINT('',(0.0712690913075252,0.015024956114414,0.00124999999999998));
#4927=CARTESIAN_POINT('',(0.069166956114414,0.0171270913075252,0.00124999999999998));
#4928=CARTESIAN_POINT('',(0.0661942185567938,0.0170992317715003,0.00125000000000004));
#4929=CARTESIAN_POINT('',(0.0712412317715001,0.0120522185567938,0.000875000000000042));
#4930=CARTESIAN_POINT('',(0.0712690913075252,0.015024956114414,0.000874999999999982));
#4931=CARTESIAN_POINT('',(0.069166956114414,0.0171270913075252,0.000874999999999982));
#4932=CARTESIAN_POINT('',(0.0661942185567938,0.0170992317715003,0.000875000000000041));
#4933=CARTESIAN_POINT('',(0.0712412317715001,0.0120522185567938,0.000500000000000043));
#4934=CARTESIAN_POINT('',(0.0712690913075252,0.015024956114414,0.000499999999999983));
#4935=CARTESIAN_POINT('',(0.069166956114414,0.0171270913075252,0.000499999999999982));
#4936=CARTESIAN_POINT('',(0.0661942185567938,0.0170992317715003,0.000500000000000042));
#4937=CARTESIAN_POINT('',(0.0712413421052632,0.0120993421110244,0.0005));
#4938=CARTESIAN_POINT('',(0.0712413421052632,0.0120993421108643,0.00081250000000003));
#4939=CARTESIAN_POINT('',(0.0712087900219298,0.0120993421105442,0.00148307291666681));
#4940=CARTESIAN_POINT('',(0.0706912118969298,0.0120993421100641,0.00244986979166682));
#4941=CARTESIAN_POINT('',(0.0697244150219296,0.0120993421095839,0.00296744791666676));
#4942=CARTESIAN_POINT('',(0.0690538421052629,0.0120993421092638,0.003));
#4943=CARTESIAN_POINT('',(0.0687413421052629,0.0120993421091037,0.003));
#4944=CARTESIAN_POINT('',(0.0662413421091037,0.014599342105263,0.003));
#4945=CARTESIAN_POINT('',(0.0662413421092638,0.014911842105263,0.00300000000003957));
#4946=CARTESIAN_POINT('',(0.0662413421095839,0.0155824150219296,0.00296744791671505));
#4947=CARTESIAN_POINT('',(0.0662413421100641,0.0165492118969297,0.00244986979171376));
#4948=CARTESIAN_POINT('',(0.0662413421105442,0.0170667900219298,0.00148307291669761));
#4949=CARTESIAN_POINT('',(0.0662413421108643,0.0170993421052632,0.000812500000009914));
#4950=CARTESIAN_POINT('',(0.0662413421110244,0.0170993421052632,0.0005));
#4951=CARTESIAN_POINT('',(0.0662413421110244,0.0145993421052631,0.003));
#4952=CARTESIAN_POINT('',(-0.0797586578947369,0.0145993421052631,0.003));
#4953=CARTESIAN_POINT('',(0.0662413421110244,0.0149743421052631,0.00300000000004749));
#4954=CARTESIAN_POINT('',(-0.0797586578947369,0.0149743421052631,0.00300000000004749));
#4955=CARTESIAN_POINT('',(0.0662413421110244,0.0153493421052631,0.0030000000000475));
#4956=CARTESIAN_POINT('',(-0.0797586578947369,0.0153493421052631,0.0030000000000475));
#4957=CARTESIAN_POINT('',(0.0662413421110244,0.0162660087719298,0.00275000000004752));
#4958=CARTESIAN_POINT('',(-0.0797586578947369,0.0162660087719298,0.00275000000004752));
#4959=CARTESIAN_POINT('',(0.0662413421110244,0.0168493421052631,0.0021666666667142));
#4960=CARTESIAN_POINT('',(-0.0797586578947369,0.0168493421052631,0.0021666666667142));
#4961=CARTESIAN_POINT('',(0.0662413421110244,0.0170993421052631,0.00125000000002374));
#4962=CARTESIAN_POINT('',(-0.0797586578947369,0.0170993421052631,0.00125000000002374));
#4963=CARTESIAN_POINT('',(0.0662413421110244,0.0170993421052631,0.000875000000011872));
#4964=CARTESIAN_POINT('',(-0.0797586578947369,0.0170993421052631,0.000875000000011872));
#4965=CARTESIAN_POINT('',(0.0662413421110244,0.0170993421052632,0.0005));
#4966=CARTESIAN_POINT('',(-0.0797586578947369,0.0170993421052632,0.0005));
#4967=CARTESIAN_POINT('',(-0.0797586578947369,0.0170993421052632,0.0005));
#4968=CARTESIAN_POINT('',(-0.0797586578947369,0.0170993421052632,0.000812500000009903));
#4969=CARTESIAN_POINT('',(-0.0797586578947369,0.0170667900219298,0.00148307291669753));
#4970=CARTESIAN_POINT('',(-0.0797586578947369,0.0165492118969298,0.00244986979171371));
#4971=CARTESIAN_POINT('',(-0.0797586578947369,0.0155824150219297,0.00296744791671502));
#4972=CARTESIAN_POINT('',(-0.0797586578947369,0.0149118421052631,0.00300000000003958));
#4973=CARTESIAN_POINT('',(-0.0797586578947369,0.0145993421052631,0.003));
#4974=CARTESIAN_POINT('',(0.0687413421052632,-0.0359006578947368,0.003));
#4975=CARTESIAN_POINT('',(0.0687413421052632,0.0120993421110244,0.003));
#4976=CARTESIAN_POINT('',(0.0691163421052632,-0.0359006578947368,0.003));
#4977=CARTESIAN_POINT('',(0.0691163421052632,0.0120993421110244,0.003));
#4978=CARTESIAN_POINT('',(0.0694913421052631,-0.0359006578947368,0.00300000000000002));
#4979=CARTESIAN_POINT('',(0.0694913421052631,0.0120993421110244,0.00300000000000002));
#4980=CARTESIAN_POINT('',(0.0704080087719298,-0.0359006578947368,0.00275000000000005));
#4981=CARTESIAN_POINT('',(0.0704080087719298,0.0120993421110244,0.00275000000000005));
#4982=CARTESIAN_POINT('',(0.0709913421052632,-0.0359006578947368,0.00216666666666674));
#4983=CARTESIAN_POINT('',(0.0709913421052632,0.0120993421110244,0.00216666666666674));
#4984=CARTESIAN_POINT('',(0.0712413421052632,-0.0359006578947368,0.00125));
#4985=CARTESIAN_POINT('',(0.0712413421052632,0.0120993421110244,0.00125));
#4986=CARTESIAN_POINT('',(0.0712413421052632,-0.0359006578947368,0.000875));
#4987=CARTESIAN_POINT('',(0.0712413421052632,0.0120993421110244,0.000875));
#4988=CARTESIAN_POINT('',(0.0712413421052632,-0.0359006578947368,0.0005));
#4989=CARTESIAN_POINT('',(0.0712413421052632,0.0120993421110244,0.0005));
#4990=CARTESIAN_POINT('',(0.0687413421052632,-0.0359006578947368,0.003));
#4991=CARTESIAN_POINT('',(0.0690538421052632,-0.0359006578947368,0.003));
#4992=CARTESIAN_POINT('',(0.0697244150219299,-0.0359006578947368,0.00296744791666667));
#4993=CARTESIAN_POINT('',(0.0706912118969299,-0.0359006578947368,0.00244986979166667));
#4994=CARTESIAN_POINT('',(0.0712087900219299,-0.0359006578947368,0.00148307291666667));
#4995=CARTESIAN_POINT('',(0.0712413421052632,-0.0359006578947368,0.000812500000000001));
#4996=CARTESIAN_POINT('',(0.0712413421052632,-0.0359006578947368,0.0005));
#4997=CARTESIAN_POINT('',(-0.0797351733636632,0.0145768424978455,0.00300000000000004));
#4998=CARTESIAN_POINT('',(-0.0812082766620514,0.0145906479460606,0.00299999999999999));
#4999=CARTESIAN_POINT('',(-0.0822499637355342,0.0135489608725776,0.00299999999999999));
#5000=CARTESIAN_POINT('',(-0.0822361582873188,0.0120758575741894,0.00300000000000004));
#5001=CARTESIAN_POINT('',(-0.0797351311928941,0.0145813423082124,0.00300000000000004));
#5002=CARTESIAN_POINT('',(-0.0812109097602652,0.0145951728281842,0.00299999999999999));
#5003=CARTESIAN_POINT('',(-0.0822544886176578,0.0135515939707914,0.00299999999999999));
#5004=CARTESIAN_POINT('',(-0.0822406580976858,0.0120758154034204,0.00300000000000004));
#5005=CARTESIAN_POINT('',(-0.0797350890221251,0.0145858421185794,0.00300000000000004));
#5006=CARTESIAN_POINT('',(-0.0812135428584789,0.0145996977103079,0.00299999999999998));
#5007=CARTESIAN_POINT('',(-0.0822590134997815,0.0135542270690051,0.00299999999999999));
#5008=CARTESIAN_POINT('',(-0.0822451579080527,0.0120757732326513,0.00300000000000004));
#5009=CARTESIAN_POINT('',(-0.079735046851356,0.0145903419289464,0.00300000000000004));
#5010=CARTESIAN_POINT('',(-0.0812161759566926,0.0146042225924315,0.00299999999999998));
#5011=CARTESIAN_POINT('',(-0.0822635383819051,0.0135568601672188,0.00299999999999999));
#5012=CARTESIAN_POINT('',(-0.0822496577184197,0.0120757310618822,0.00300000000000004));
#5013=CARTESIAN_POINT('',(-0.079735004680587,0.0145948417393134,0.00300000000000003));
#5014=CARTESIAN_POINT('',(-0.0812188090549064,0.0146087474745551,0.00299999999999998));
#5015=CARTESIAN_POINT('',(-0.0822680632640287,0.0135594932654326,0.00299999999999999));
#5016=CARTESIAN_POINT('',(-0.0822541575287867,0.0120756888911132,0.00300000000000004));
#5017=CARTESIAN_POINT('',(-0.0797349625098179,0.0145993415496803,0.00300000000000003));
#5018=CARTESIAN_POINT('',(-0.0812214421531201,0.0146132723566787,0.00299999999999998));
#5019=CARTESIAN_POINT('',(-0.0822725881461523,0.0135621263636463,0.00299999999999999));
#5020=CARTESIAN_POINT('',(-0.0822586573391537,0.0120756467203441,0.00300000000000004));
#5021=CARTESIAN_POINT('',(-0.0797314482852853,0.0149743250829534,0.00300000000000002));
#5022=CARTESIAN_POINT('',(-0.0814408666157352,0.0149903451993056,0.00299999999999996));
#5023=CARTESIAN_POINT('',(-0.0826496609887792,0.0137815508262615,0.00299999999999997));
#5024=CARTESIAN_POINT('',(-0.0826336408724267,0.0120721324958116,0.00300000000000003));
#5025=CARTESIAN_POINT('',(-0.0797279340607528,0.0153493086162264,0.00300000000000006));
#5026=CARTESIAN_POINT('',(-0.0816602910783504,0.0153674180419326,0.00299999999999999));
#5027=CARTESIAN_POINT('',(-0.0830267338314062,0.0140009752888766,0.00299999999999999));
#5028=CARTESIAN_POINT('',(-0.0830086244056998,0.012068618271279,0.00300000000000006));
#5029=CARTESIAN_POINT('',(-0.0797193437341176,0.0162659350308939,0.00275000000000006));
#5030=CARTESIAN_POINT('',(-0.0821966619869651,0.0162891516572429,0.00274999999999997));
#5031=CARTESIAN_POINT('',(-0.0839484674467165,0.0145373461974914,0.00274999999999998));
#5032=CARTESIAN_POINT('',(-0.0839252508203672,0.0120600279446439,0.00275000000000007));
#5033=CARTESIAN_POINT('',(-0.0797138771626225,0.0168492427493186,0.00216666666666673));
#5034=CARTESIAN_POINT('',(-0.0825379889288108,0.0168757094124404,0.00216666666666663));
#5035=CARTESIAN_POINT('',(-0.084535025201914,0.0148786731393371,0.00216666666666664));
#5036=CARTESIAN_POINT('',(-0.0845085585387919,0.0120545613731488,0.00216666666666674));
#5037=CARTESIAN_POINT('',(-0.0797115343462674,0.0170992317715006,0.00125000000000007));
#5038=CARTESIAN_POINT('',(-0.0826842719038875,0.0171270913075251,0.00124999999999996));
#5039=CARTESIAN_POINT('',(-0.0847864070969986,0.0150249561144139,0.00124999999999997));
#5040=CARTESIAN_POINT('',(-0.0847585475609739,0.0120522185567937,0.00125000000000007));
#5041=CARTESIAN_POINT('',(-0.0797115343462674,0.0170992317715006,0.00087500000000007));
#5042=CARTESIAN_POINT('',(-0.0826842719038875,0.0171270913075251,0.000874999999999968));
#5043=CARTESIAN_POINT('',(-0.0847864070969986,0.0150249561144139,0.000874999999999971));
#5044=CARTESIAN_POINT('',(-0.084758547560974,0.0120522185567937,0.000875000000000078));
#5045=CARTESIAN_POINT('',(-0.0797115343462674,0.0170992317715006,0.00050000000000007));
#5046=CARTESIAN_POINT('',(-0.0826842719038876,0.0171270913075251,0.000499999999999968));
#5047=CARTESIAN_POINT('',(-0.0847864070969987,0.0150249561144139,0.000499999999999971));
#5048=CARTESIAN_POINT('',(-0.084758547560974,0.0120522185567937,0.000500000000000078));
#5049=CARTESIAN_POINT('',(-0.0822586578947366,0.0120993421091036,0.003));
#5050=CARTESIAN_POINT('',(-0.0825711578947366,0.0120993421092637,0.003));
#5051=CARTESIAN_POINT('',(-0.0832417308114033,0.0120993421095838,0.0029674479166668));
#5052=CARTESIAN_POINT('',(-0.0842085276864035,0.012099342110064,0.0024498697916669));
#5053=CARTESIAN_POINT('',(-0.0847261058114037,0.0120993421105441,0.00148307291666688));
#5054=CARTESIAN_POINT('',(-0.084758657894737,0.0120993421108642,0.00081250000000011));
#5055=CARTESIAN_POINT('',(-0.084758657894737,0.0120993421110243,0.000500000000000076));
#5056=CARTESIAN_POINT('',(0.0662178575741899,-0.0383781582873185,0.00300000000000004));
#5057=CARTESIAN_POINT('',(0.0676909608725779,-0.0383919637355341,0.00299999999999999));
#5058=CARTESIAN_POINT('',(0.0687326479460605,-0.0373502766620515,0.00299999999999999));
#5059=CARTESIAN_POINT('',(0.0687188424978451,-0.0358771733636635,0.00300000000000004));
#5060=CARTESIAN_POINT('',(0.0662178154034209,-0.0383826580976855,0.00300000000000004));
#5061=CARTESIAN_POINT('',(0.0676935939707916,-0.0383964886176577,0.00299999999999998));
#5062=CARTESIAN_POINT('',(0.0687371728281841,-0.0373529097602652,0.00299999999999998));
#5063=CARTESIAN_POINT('',(0.068723342308212,-0.0358771311928945,0.00300000000000004));
#5064=CARTESIAN_POINT('',(0.0662177732326518,-0.0383871579080525,0.00300000000000004));
#5065=CARTESIAN_POINT('',(0.0676962270690053,-0.0384010134997813,0.00299999999999998));
#5066=CARTESIAN_POINT('',(0.0687416977103078,-0.0373555428584789,0.00299999999999998));
#5067=CARTESIAN_POINT('',(0.068727842118579,-0.0358770890221254,0.00300000000000004));
#5068=CARTESIAN_POINT('',(0.0662177310618828,-0.0383916577184194,0.00300000000000004));
#5069=CARTESIAN_POINT('',(0.0676988601672191,-0.0384055383819049,0.00299999999999998));
#5070=CARTESIAN_POINT('',(0.0687462225924314,-0.0373581759566927,0.00299999999999998));
#5071=CARTESIAN_POINT('',(0.068732341928946,-0.0358770468513564,0.00300000000000004));
#5072=CARTESIAN_POINT('',(0.0662176888911137,-0.0383961575287864,0.00300000000000004));
#5073=CARTESIAN_POINT('',(0.0677014932654328,-0.0384100632640285,0.00299999999999998));
#5074=CARTESIAN_POINT('',(0.068750747474555,-0.0373608090549064,0.00299999999999998));
#5075=CARTESIAN_POINT('',(0.0687368417393129,-0.0358770046805873,0.00300000000000004));
#5076=CARTESIAN_POINT('',(0.0662176467203446,-0.0384006573391534,0.00300000000000004));
#5077=CARTESIAN_POINT('',(0.0677041263636465,-0.0384145881461521,0.00299999999999998));
#5078=CARTESIAN_POINT('',(0.0687552723566786,-0.0373634421531201,0.00299999999999998));
#5079=CARTESIAN_POINT('',(0.0687413415496799,-0.0358769625098182,0.00300000000000004));
#5080=CARTESIAN_POINT('',(0.066214132495812,-0.0387756408724264,0.00300000000000003));
#5081=CARTESIAN_POINT('',(0.0679235508262616,-0.0387916609887791,0.00299999999999996));
#5082=CARTESIAN_POINT('',(0.0691323451993056,-0.0375828666157353,0.00299999999999997));
#5083=CARTESIAN_POINT('',(0.0691163250829529,-0.0358734482852856,0.00300000000000003));
#5084=CARTESIAN_POINT('',(0.0662106182712794,-0.0391506244056995,0.00300000000000003));
#5085=CARTESIAN_POINT('',(0.0681429752888768,-0.0391687338314061,0.00299999999999996));
#5086=CARTESIAN_POINT('',(0.0695094180419326,-0.0378022910783504,0.00299999999999996));
#5087=CARTESIAN_POINT('',(0.069491308616226,-0.035869934060753,0.00300000000000004));
#5088=CARTESIAN_POINT('',(0.0662020279446441,-0.0400672508203669,0.00275000000000006));
#5089=CARTESIAN_POINT('',(0.0686793461974915,-0.0400904674467165,0.00274999999999997));
#5090=CARTESIAN_POINT('',(0.070431151657243,-0.0383386619869651,0.00274999999999997));
#5091=CARTESIAN_POINT('',(0.0704079350308934,-0.0358613437341177,0.00275000000000007));
#5092=CARTESIAN_POINT('',(0.0661965613731489,-0.0406505585387917,0.00216666666666674));
#5093=CARTESIAN_POINT('',(0.0690206731393373,-0.0406770252019141,0.00216666666666663));
#5094=CARTESIAN_POINT('',(0.0710177094124406,-0.0386799889288108,0.00216666666666664));
#5095=CARTESIAN_POINT('',(0.0709912427493182,-0.0358558771626225,0.00216666666666674));
#5096=CARTESIAN_POINT('',(0.0661942185567938,-0.0409005475609737,0.00125000000000007));
#5097=CARTESIAN_POINT('',(0.069166956114414,-0.0409284070969987,0.00124999999999996));
#5098=CARTESIAN_POINT('',(0.0712690913075252,-0.0388262719038876,0.00124999999999997));
#5099=CARTESIAN_POINT('',(0.0712412317715002,-0.0358535343462674,0.00125000000000008));
#5100=CARTESIAN_POINT('',(0.0661942185567938,-0.0409005475609737,0.000875000000000076));
#5101=CARTESIAN_POINT('',(0.069166956114414,-0.0409284070969987,0.000874999999999966));
#5102=CARTESIAN_POINT('',(0.0712690913075252,-0.0388262719038876,0.000874999999999968));
#5103=CARTESIAN_POINT('',(0.0712412317715002,-0.0358535343462674,0.000875000000000079));
#5104=CARTESIAN_POINT('',(0.0661942185567938,-0.0409005475609737,0.000500000000000077));
#5105=CARTESIAN_POINT('',(0.069166956114414,-0.0409284070969988,0.000499999999999967));
#5106=CARTESIAN_POINT('',(0.0712690913075252,-0.0388262719038876,0.000499999999999968));
#5107=CARTESIAN_POINT('',(0.0712412317715002,-0.0358535343462674,0.00050000000000008));
#5108=CARTESIAN_POINT('',(0.0662413421110244,-0.0409006578947368,0.000500000000000075));
#5109=CARTESIAN_POINT('',(0.0662413421108643,-0.0409006578947368,0.000812500000009992));
#5110=CARTESIAN_POINT('',(0.0662413421105442,-0.0408681058114035,0.00148307291668972));
#5111=CARTESIAN_POINT('',(0.0662413421100641,-0.0403505276864033,0.0024498697917222));
#5112=CARTESIAN_POINT('',(0.0662413421095839,-0.0393837308114032,0.00296744791671932));
#5113=CARTESIAN_POINT('',(0.0662413421092638,-0.0387131578947365,0.00300000000003958));
#5114=CARTESIAN_POINT('',(0.0662413421091037,-0.0384006578947365,0.003));
#5115=CARTESIAN_POINT('',(-0.082258657894737,0.0120993421110243,0.003));
#5116=CARTESIAN_POINT('',(-0.0822586578947367,-0.0359006578947369,0.003));
#5117=CARTESIAN_POINT('',(-0.082633657894737,0.0120993421110243,0.003));
#5118=CARTESIAN_POINT('',(-0.0826336578947367,-0.0359006578947369,0.003));
#5119=CARTESIAN_POINT('',(-0.0830086578947369,0.0120993421110243,0.00300000000000003));
#5120=CARTESIAN_POINT('',(-0.0830086578947366,-0.0359006578947369,0.00300000000000003));
#5121=CARTESIAN_POINT('',(-0.0839253245614036,0.0120993421110243,0.00275000000000007));
#5122=CARTESIAN_POINT('',(-0.0839253245614033,-0.0359006578947369,0.00275000000000007));
#5123=CARTESIAN_POINT('',(-0.084508657894737,0.0120993421110243,0.00216666666666678));
#5124=CARTESIAN_POINT('',(-0.0845086578947367,-0.0359006578947369,0.00216666666666678));
#5125=CARTESIAN_POINT('',(-0.084758657894737,0.0120993421110243,0.00125));
#5126=CARTESIAN_POINT('',(-0.0847586578947367,-0.0359006578947369,0.00125));
#5127=CARTESIAN_POINT('',(-0.084758657894737,0.0120993421110243,0.000875));
#5128=CARTESIAN_POINT('',(-0.0847586578947367,-0.0359006578947369,0.000875));
#5129=CARTESIAN_POINT('',(-0.084758657894737,0.0120993421110243,0.0005));
#5130=CARTESIAN_POINT('',(-0.0847586578947367,-0.0359006578947369,0.0005));
#5131=CARTESIAN_POINT('',(-0.0847586578947367,-0.0359006578947369,0.0005));
#5132=CARTESIAN_POINT('',(-0.0847586578947367,-0.0359006578947369,0.000812499999999995));
#5133=CARTESIAN_POINT('',(-0.0847261058114034,-0.0359006578947369,0.00148307291666665));
#5134=CARTESIAN_POINT('',(-0.0842085276864034,-0.0359006578947369,0.00244986979166664));
#5135=CARTESIAN_POINT('',(-0.0832417308114035,-0.0359006578947369,0.00296744791666665));
#5136=CARTESIAN_POINT('',(-0.0825711578947368,-0.0359006578947369,0.003));
#5137=CARTESIAN_POINT('',(-0.0822586578947368,-0.0359006578947369,0.003));
#5138=CARTESIAN_POINT('',(-0.0797586578947368,-0.0384006578947368,0.003));
#5139=CARTESIAN_POINT('',(0.0662413421110244,-0.0384006578947368,0.003));
#5140=CARTESIAN_POINT('',(-0.0797586578947368,-0.0387756578947368,0.00300000000004749));
#5141=CARTESIAN_POINT('',(0.0662413421110244,-0.0387756578947368,0.00300000000004749));
#5142=CARTESIAN_POINT('',(-0.0797586578947368,-0.0391506578947367,0.00300000000004751));
#5143=CARTESIAN_POINT('',(0.0662413421110244,-0.0391506578947367,0.00300000000004751));
#5144=CARTESIAN_POINT('',(-0.0797586578947368,-0.0400673245614034,0.00275000000006337));
#5145=CARTESIAN_POINT('',(0.0662413421110244,-0.0400673245614034,0.00275000000006337));
#5146=CARTESIAN_POINT('',(-0.0797586578947368,-0.0406506578947368,0.00216666666671424));
#5147=CARTESIAN_POINT('',(0.0662413421110244,-0.0406506578947368,0.00216666666671424));
#5148=CARTESIAN_POINT('',(-0.0797586578947368,-0.0409006578947368,0.00125000000001583));
#5149=CARTESIAN_POINT('',(0.0662413421110244,-0.0409006578947368,0.00125000000001583));
#5150=CARTESIAN_POINT('',(-0.0797586578947368,-0.0409006578947368,0.000875000000011872));
#5151=CARTESIAN_POINT('',(0.0662413421110244,-0.0409006578947368,0.000875000000011872));
#5152=CARTESIAN_POINT('',(-0.0797586578947368,-0.0409006578947368,0.0005));
#5153=CARTESIAN_POINT('',(0.0662413421110244,-0.0409006578947368,0.0005));
#5154=CARTESIAN_POINT('',(-0.0797586578947368,-0.038400657894737,0.003));
#5155=CARTESIAN_POINT('',(-0.0797586578947368,-0.0387131578947369,0.00300000000003957));
#5156=CARTESIAN_POINT('',(-0.0797586578947368,-0.0393837308114036,0.00296744791671919));
#5157=CARTESIAN_POINT('',(-0.0797586578947368,-0.0403505276864035,0.00244986979172196));
#5158=CARTESIAN_POINT('',(-0.0797586578947368,-0.0408681058114035,0.00148307291668951));
#5159=CARTESIAN_POINT('',(-0.0797586578947368,-0.0409006578947368,0.000812500000009884));
#5160=CARTESIAN_POINT('',(-0.0797586578947368,-0.0409006578947368,0.0005));
#5161=CARTESIAN_POINT('',(-0.0822361582873192,-0.0358771733636629,0.00300000000000002));
#5162=CARTESIAN_POINT('',(-0.0822499637355344,-0.0373502766620514,0.00299999999999999));
#5163=CARTESIAN_POINT('',(-0.0812082766620514,-0.0383919637355345,0.00299999999999999));
#5164=CARTESIAN_POINT('',(-0.0797351733636629,-0.0383781582873194,0.00300000000000002));
#5165=CARTESIAN_POINT('',(-0.0822406580976861,-0.0358771311928939,0.00300000000000002));
#5166=CARTESIAN_POINT('',(-0.082254488617658,-0.0373529097602651,0.00299999999999999));
#5167=CARTESIAN_POINT('',(-0.0812109097602651,-0.0383964886176581,0.00299999999999999));
#5168=CARTESIAN_POINT('',(-0.0797351311928938,-0.0383826580976864,0.00300000000000002));
#5169=CARTESIAN_POINT('',(-0.0822451579080531,-0.0358770890221248,0.00300000000000002));
#5170=CARTESIAN_POINT('',(-0.0822590134997816,-0.0373555428584788,0.00299999999999999));
#5171=CARTESIAN_POINT('',(-0.0812135428584788,-0.0384010134997817,0.00299999999999999));
#5172=CARTESIAN_POINT('',(-0.0797350890221248,-0.0383871579080533,0.00300000000000002));
#5173=CARTESIAN_POINT('',(-0.08224965771842,-0.0358770468513557,0.00300000000000002));
#5174=CARTESIAN_POINT('',(-0.0822635383819052,-0.0373581759566926,0.00299999999999999));
#5175=CARTESIAN_POINT('',(-0.0812161759566925,-0.0384055383819053,0.00299999999999999));
#5176=CARTESIAN_POINT('',(-0.0797350468513557,-0.0383916577184203,0.00300000000000002));
#5177=CARTESIAN_POINT('',(-0.082254157528787,-0.0358770046805867,0.00300000000000002));
#5178=CARTESIAN_POINT('',(-0.0822680632640288,-0.0373608090549063,0.00299999999999999));
#5179=CARTESIAN_POINT('',(-0.0812188090549063,-0.0384100632640289,0.00299999999999999));
#5180=CARTESIAN_POINT('',(-0.0797350046805867,-0.0383961575287873,0.00300000000000002));
#5181=CARTESIAN_POINT('',(-0.082258657339154,-0.0358769625098176,0.00300000000000002));
#5182=CARTESIAN_POINT('',(-0.0822725881461524,-0.03736344215312,0.00299999999999999));
#5183=CARTESIAN_POINT('',(-0.08122144215312,-0.0384145881461525,0.00299999999999999));
#5184=CARTESIAN_POINT('',(-0.0797349625098176,-0.0384006573391542,0.00300000000000002));
#5185=CARTESIAN_POINT('',(-0.082633640872427,-0.0358734482852851,0.00300000000000002));
#5186=CARTESIAN_POINT('',(-0.0826496609887793,-0.0375828666157352,0.00299999999999999));
#5187=CARTESIAN_POINT('',(-0.0814408666157351,-0.0387916609887794,0.00299999999999999));
#5188=CARTESIAN_POINT('',(-0.0797314482852851,-0.0387756408724272,0.00300000000000002));
#5189=CARTESIAN_POINT('',(-0.0830086244057001,-0.0358699340607525,0.00300000000000003));
#5190=CARTESIAN_POINT('',(-0.0830267338314063,-0.0378022910783503,0.00299999999999999));
#5191=CARTESIAN_POINT('',(-0.0816602910783503,-0.0391687338314063,0.00299999999999999));
#5192=CARTESIAN_POINT('',(-0.0797279340607526,-0.0391506244057003,0.00300000000000002));
#5193=CARTESIAN_POINT('',(-0.0839252508203675,-0.0358613437341175,0.00275000000000004));
#5194=CARTESIAN_POINT('',(-0.0839484674467165,-0.0383386619869651,0.00274999999999999));
#5195=CARTESIAN_POINT('',(-0.082196661986965,-0.0400904674467167,0.00274999999999999));
#5196=CARTESIAN_POINT('',(-0.0797193437341175,-0.0400672508203677,0.00275000000000003));
#5197=CARTESIAN_POINT('',(-0.0845085585387922,-0.0358558771626225,0.0021666666666667));
#5198=CARTESIAN_POINT('',(-0.084535025201914,-0.0386799889288108,0.00216666666666665));
#5199=CARTESIAN_POINT('',(-0.0825379889288108,-0.0406770252019141,0.00216666666666665));
#5200=CARTESIAN_POINT('',(-0.0797138771626224,-0.0406505585387925,0.0021666666666667));
#5201=CARTESIAN_POINT('',(-0.0847585475609743,-0.0358535343462675,0.00125000000000004));
#5202=CARTESIAN_POINT('',(-0.0847864070969986,-0.0388262719038876,0.00124999999999998));
#5203=CARTESIAN_POINT('',(-0.0826842719038875,-0.0409284070969987,0.00124999999999998));
#5204=CARTESIAN_POINT('',(-0.0797115343462674,-0.0409005475609745,0.00125000000000004));
#5205=CARTESIAN_POINT('',(-0.0847585475609743,-0.0358535343462675,0.000875000000000042));
#5206=CARTESIAN_POINT('',(-0.0847864070969986,-0.0388262719038876,0.000874999999999983));
#5207=CARTESIAN_POINT('',(-0.0826842719038875,-0.0409284070969987,0.000874999999999981));
#5208=CARTESIAN_POINT('',(-0.0797115343462674,-0.0409005475609745,0.000875000000000037));
#5209=CARTESIAN_POINT('',(-0.0847585475609743,-0.0358535343462675,0.000500000000000042));
#5210=CARTESIAN_POINT('',(-0.0847864070969986,-0.0388262719038876,0.000499999999999984));
#5211=CARTESIAN_POINT('',(-0.0826842719038875,-0.0409284070969987,0.000499999999999982));
#5212=CARTESIAN_POINT('',(-0.0797115343462674,-0.0409005475609745,0.000500000000000038));
#5213=CARTESIAN_POINT('',(-0.0407586578947368,-0.0339006578947368,0.0015));
#5214=CARTESIAN_POINT('',(-0.0407586578947368,-0.0339006578947368,0.0015));
#5215=CARTESIAN_POINT('',(-0.0396586578947368,-0.0339006578947368,0.0015));
#5216=CARTESIAN_POINT('',(-0.00675865789473683,-0.0119006578947368,0.0015));
#5217=CARTESIAN_POINT('',(-0.0407586578947368,0.00332434210526314,0.0015));
#5218=CARTESIAN_POINT('',(-0.0407586578947368,0.00332434210526314,0.0015));
#5219=CARTESIAN_POINT('',(-0.0396586578947368,0.00332434210526314,0.0015));
#5220=CARTESIAN_POINT('',(-0.00675865789473683,-0.0119006578947368,0.0015));
#5221=CARTESIAN_POINT('',(0.0376663421052632,0.0100993421052632,0.0015));
#5222=CARTESIAN_POINT('',(0.0376663421052632,0.0100993421052632,0.0015));
#5223=CARTESIAN_POINT('',(0.0387663421052632,0.0100993421052632,0.0015));
#5224=CARTESIAN_POINT('',(-0.00675865789473683,-0.0119006578947368,0.0015));
#5225=CARTESIAN_POINT('',(0.0376663421052632,-0.0339006578947368,0.0015));
#5226=CARTESIAN_POINT('',(0.0376663421052632,-0.0339006578947368,0.0015));
#5227=CARTESIAN_POINT('',(0.0387663421052632,-0.0339006578947368,0.0015));
#5228=CARTESIAN_POINT('',(-0.00675865789473683,-0.0119006578947368,0.0015));
#5229=CARTESIAN_POINT('',(0.0266238421052632,-0.0119006578947368,-0.0015));
#5230=CARTESIAN_POINT('',(0.0205128421052632,-0.0119006578947368,-0.0015));
#5231=CARTESIAN_POINT('',(0.0154328421052631,-0.0119006578947368,-0.0015));
#5232=CARTESIAN_POINT('',(0.0103528421052631,-0.0119006578947368,-0.0015));
#5233=CARTESIAN_POINT('',(0.00418684210526316,-0.0119006578947368,-0.0015));
#5234=CARTESIAN_POINT('',(-0.00089315789473685,-0.0119006578947368,-0.0015));
#5235=CARTESIAN_POINT('',(-0.00205765789473685,-0.0119006578947368,-0.0015));
#5236=CARTESIAN_POINT('',(0.00310684210526314,0.0160493421052632,-0.0015));
#5237=CARTESIAN_POINT('',(0.00927284210526314,0.0160493421052632,-0.0015));
#5238=CARTESIAN_POINT('',(0.0143528421052631,0.0160493421052632,-0.0015));
#5239=CARTESIAN_POINT('',(0.0194328421052632,0.0160493421052632,-0.0015));
#5240=CARTESIAN_POINT('',(0.0255438421052631,0.0160493421052632,-0.0015));
#5241=CARTESIAN_POINT('',(0.0306238421052632,0.0160493421052632,-0.0015));
#5242=CARTESIAN_POINT('',(0.0317038421052631,0.0160493421052632,-0.0015));
#5243=MECHANICAL_DESIGN_GEOMETRIC_PRESENTATION_REPRESENTATION('',(#2194),
#5244);
#5244=(
GEOMETRIC_REPRESENTATION_CONTEXT(3)
GLOBAL_UNCERTAINTY_ASSIGNED_CONTEXT((#5245))
GLOBAL_UNIT_ASSIGNED_CONTEXT((#5248,#5247,#5246))
REPRESENTATION_CONTEXT('Top Case','TOP_LEVEL_ASSEMBLY_PART')
);
#5245=UNCERTAINTY_MEASURE_WITH_UNIT(LENGTH_MEASURE(2.00000000014488E-5),
#5248,'DISTANCE_ACCURACY_VALUE','Maximum Tolerance applied to model');
#5246=(
NAMED_UNIT(*)
SI_UNIT($,.STERADIAN.)
SOLID_ANGLE_UNIT()
);
#5247=(
NAMED_UNIT(*)
PLANE_ANGLE_UNIT()
SI_UNIT($,.RADIAN.)
);
#5248=(
LENGTH_UNIT()
NAMED_UNIT(*)
SI_UNIT($,.METRE.)
);
#5249=PRODUCT_DEFINITION_SHAPE('','',#5250);
#5250=PRODUCT_DEFINITION('','',#5252,#5251);
#5251=PRODUCT_DEFINITION_CONTEXT('',#5258,'design');
#5252=PRODUCT_DEFINITION_FORMATION_WITH_SPECIFIED_SOURCE('','',#5254,
 .NOT_KNOWN.);
#5253=PRODUCT_RELATED_PRODUCT_CATEGORY('','',(#5254));
#5254=PRODUCT('Top Case','Top Case','Top Case',(#5256));
#5255=PRODUCT_CATEGORY('','');
#5256=PRODUCT_CONTEXT('',#5258,'mechanical');
#5257=APPLICATION_PROTOCOL_DEFINITION('international standard',
'ap242_managed_model_based_3d_engineering',2020,#5258);
#5258=APPLICATION_CONTEXT('managed model based 3d engineering');
ENDSEC;
END-ISO-10303-21;
