
#include "ssd1306_fonts.h"

#ifdef SSD1306_INCLUDE_FONT_7x10
static const uint32_t Font7x10 [] = {
0x00000000, 0x00000000, 0x00000000, 0x00000000, 0x00000000, 0x00000000, 0x00000000, 0x00000000, 0x00000000, 0x00000000,  // sp
0x10000000, 0x10000000, 0x10000000, 0x10000000, 0x10000000, 0x10000000, 0x00000000, 0x10000000, 0x00000000, 0x00000000,  // !
0x28000000, 0x28000000, 0x28000000, 0x00000000, 0x00000000, 0x00000000, 0x00000000, 0x00000000, 0x00000000, 0x00000000,  // "
0x24000000, 0x24000000, 0x7C000000, 0x24000000, 0x48000000, 0x7C000000, 0x48000000, 0x48000000, 0x00000000, 0x00000000,  // #
0x38000000, 0x54000000, 0x50000000, 0x38000000, 0x14000000, 0x54000000, 0x54000000, 0x38000000, 0x10000000, 0x00000000,  // $
0x20000000, 0x54000000, 0x58000000, 0x30000000, 0x28000000, 0x54000000, 0x14000000, 0x08000000, 0x00000000, 0x00000000,  // %
0x10000000, 0x28000000, 0x28000000, 0x10000000, 0x34000000, 0x48000000, 0x48000000, 0x34000000, 0x00000000, 0x00000000,  // &
0x10000000, 0x10000000, 0x10000000, 0x00000000, 0x00000000, 0x00000000, 0x00000000, 0x00000000, 0x00000000, 0x00000000,  // '
0x08000000, 0x10000000, 0x20000000, 0x20000000, 0x20000000, 0x20000000, 0x20000000, 0x20000000, 0x10000000, 0x08000000,  // (
0x20000000, 0x10000000, 0x08000000, 0x08000000, 0x08000000, 0x08000000, 0x08000000, 0x08000000, 0x10000000, 0x20000000,  // )
0x10000000, 0x38000000, 0x10000000, 0x28000000, 0x00000000, 0x00000000, 0x00000000, 0x00000000, 0x00000000, 0x00000000,  // *
0x00000000, 0x00000000, 0x10000000, 0x10000000, 0x7C000000, 0x10000000, 0x10000000, 0x00000000, 0x00000000, 0x00000000,  // +
0x00000000, 0x00000000, 0x00000000, 0x00000000, 0x00000000, 0x00000000, 0x00000000, 0x10000000, 0x10000000, 0x10000000,  // ,
0x00000000, 0x00000000, 0x00000000, 0x00000000, 0x00000000, 0x38000000, 0x00000000, 0x00000000, 0x00000000, 0x00000000,  // -
0x00000000, 0x00000000, 0x00000000, 0x00000000, 0x00000000, 0x00000000, 0x00000000, 0x10000000, 0x00000000, 0x00000000,  // .
0x08000000, 0x08000000, 0x10000000, 0x10000000, 0x10000000, 0x10000000, 0x20000000, 0x20000000, 0x00000000, 0x00000000,  // /
0x38000000, 0x44000000, 0x44000000, 0x54000000, 0x44000000, 0x44000000, 0x44000000, 0x38000000, 0x00000000, 0x00000000,  // 0
0x10000000, 0x30000000, 0x50000000, 0x10000000, 0x10000000, 0x10000000, 0x10000000, 0x10000000, 0x00000000, 0x00000000,  // 1
0x38000000, 0x44000000, 0x44000000, 0x04000000, 0x08000000, 0x10000000, 0x20000000, 0x7C000000, 0x00000000, 0x00000000,  // 2
0x38000000, 0x44000000, 0x04000000, 0x18000000, 0x04000000, 0x04000000, 0x44000000, 0x38000000, 0x00000000, 0x00000000,  // 3
0x08000000, 0x18000000, 0x28000000, 0x28000000, 0x48000000, 0x7C000000, 0x08000000, 0x08000000, 0x00000000, 0x00000000,  // 4
0x7C000000, 0x40000000, 0x40000000, 0x78000000, 0x04000000, 0x04000000, 0x44000000, 0x38000000, 0x00000000, 0x00000000,  // 5
0x38000000, 0x44000000, 0x40000000, 0x78000000, 0x44000000, 0x44000000, 0x44000000, 0x38000000, 0x00000000, 0x00000000,  // 6
0x7C000000, 0x04000000, 0x08000000, 0x10000000, 0x10000000, 0x20000000, 0x20000000, 0x20000000, 0x00000000, 0x00000000,  // 7
0x38000000, 0x44000000, 0x44000000, 0x38000000, 0x44000000, 0x44000000, 0x44000000, 0x38000000, 0x00000000, 0x00000000,  // 8
0x38000000, 0x44000000, 0x44000000, 0x44000000, 0x3C000000, 0x04000000, 0x44000000, 0x38000000, 0x00000000, 0x00000000,  // 9
0x00000000, 0x00000000, 0x10000000, 0x00000000, 0x00000000, 0x00000000, 0x00000000, 0x10000000, 0x00000000, 0x00000000,  // :
0x00000000, 0x00000000, 0x00000000, 0x10000000, 0x00000000, 0x00000000, 0x00000000, 0x10000000, 0x10000000, 0x10000000,  // ;
0x00000000, 0x00000000, 0x0C000000, 0x30000000, 0x40000000, 0x30000000, 0x0C000000, 0x00000000, 0x00000000, 0x00000000,  // <
0x00000000, 0x00000000, 0x00000000, 0x7C000000, 0x00000000, 0x7C000000, 0x00000000, 0x00000000, 0x00000000, 0x00000000,  // =
0x00000000, 0x00000000, 0x60000000, 0x18000000, 0x04000000, 0x18000000, 0x60000000, 0x00000000, 0x00000000, 0x00000000,  // >
0x38000000, 0x44000000, 0x04000000, 0x08000000, 0x10000000, 0x10000000, 0x00000000, 0x10000000, 0x00000000, 0x00000000,  // ?
0x38000000, 0x44000000, 0x4C000000, 0x54000000, 0x5C000000, 0x40000000, 0x40000000, 0x38000000, 0x00000000, 0x00000000,  // @
0x10000000, 0x28000000, 0x28000000, 0x28000000, 0x28000000, 0x7C000000, 0x44000000, 0x44000000, 0x00000000, 0x00000000,  // A
0x78000000, 0x44000000, 0x44000000, 0x78000000, 0x44000000, 0x44000000, 0x44000000, 0x78000000, 0x00000000, 0x00000000,  // B
0x38000000, 0x44000000, 0x40000000, 0x40000000, 0x40000000, 0x40000000, 0x44000000, 0x38000000, 0x00000000, 0x00000000,  // C
0x70000000, 0x48000000, 0x44000000, 0x44000000, 0x44000000, 0x44000000, 0x48000000, 0x70000000, 0x00000000, 0x00000000,  // D
0x7C000000, 0x40000000, 0x40000000, 0x7C000000, 0x40000000, 0x40000000, 0x40000000, 0x7C000000, 0x00000000, 0x00000000,  // E
0x7C000000, 0x40000000, 0x40000000, 0x78000000, 0x40000000, 0x40000000, 0x40000000, 0x40000000, 0x00000000, 0x00000000,  // F
0x38000000, 0x44000000, 0x40000000, 0x40000000, 0x5C000000, 0x44000000, 0x44000000, 0x38000000, 0x00000000, 0x00000000,  // G
0x44000000, 0x44000000, 0x44000000, 0x7C000000, 0x44000000, 0x44000000, 0x44000000, 0x44000000, 0x00000000, 0x00000000,  // H
0x38000000, 0x10000000, 0x10000000, 0x10000000, 0x10000000, 0x10000000, 0x10000000, 0x38000000, 0x00000000, 0x00000000,  // I
0x04000000, 0x04000000, 0x04000000, 0x04000000, 0x04000000, 0x04000000, 0x44000000, 0x38000000, 0x00000000, 0x00000000,  // J
0x44000000, 0x48000000, 0x50000000, 0x60000000, 0x50000000, 0x48000000, 0x48000000, 0x44000000, 0x00000000, 0x00000000,  // K
0x40000000, 0x40000000, 0x40000000, 0x40000000, 0x40000000, 0x40000000, 0x40000000, 0x7C000000, 0x00000000, 0x00000000,  // L
0x44000000, 0x6C000000, 0x6C000000, 0x54000000, 0x44000000, 0x44000000, 0x44000000, 0x44000000, 0x00000000, 0x00000000,  // M
0x44000000, 0x64000000, 0x64000000, 0x54000000, 0x54000000, 0x4C000000, 0x4C000000, 0x44000000, 0x00000000, 0x00000000,  // N
0x38000000, 0x44000000, 0x44000000, 0x44000000, 0x44000000, 0x44000000, 0x44000000, 0x38000000, 0x00000000, 0x00000000,  // O
0x78000000, 0x44000000, 0x44000000, 0x44000000, 0x78000000, 0x40000000, 0x40000000, 0x40000000, 0x00000000, 0x00000000,  // P
0x38000000, 0x44000000, 0x44000000, 0x44000000, 0x44000000, 0x44000000, 0x54000000, 0x38000000, 0x04000000, 0x00000000,  // Q
0x78000000, 0x44000000, 0x44000000, 0x44000000, 0x78000000, 0x48000000, 0x48000000, 0x44000000, 0x00000000, 0x00000000,  // R
0x38000000, 0x44000000, 0x40000000, 0x30000000, 0x08000000, 0x04000000, 0x44000000, 0x38000000, 0x00000000, 0x00000000,  // S
0x7C000000, 0x10000000, 0x10000000, 0x10000000, 0x10000000, 0x10000000, 0x10000000, 0x10000000, 0x00000000, 0x00000000,  // T
0x44000000, 0x44000000, 0x44000000, 0x44000000, 0x44000000, 0x44000000, 0x44000000, 0x38000000, 0x00000000, 0x00000000,  // U
0x44000000, 0x44000000, 0x44000000, 0x28000000, 0x28000000, 0x28000000, 0x10000000, 0x10000000, 0x00000000, 0x00000000,  // V
0x44000000, 0x44000000, 0x54000000, 0x54000000, 0x54000000, 0x6C000000, 0x28000000, 0x28000000, 0x00000000, 0x00000000,  // W
0x44000000, 0x28000000, 0x28000000, 0x10000000, 0x10000000, 0x28000000, 0x28000000, 0x44000000, 0x00000000, 0x00000000,  // X
0x44000000, 0x44000000, 0x28000000, 0x28000000, 0x10000000, 0x10000000, 0x10000000, 0x10000000, 0x00000000, 0x00000000,  // Y
0x7C000000, 0x04000000, 0x08000000, 0x10000000, 0x10000000, 0x20000000, 0x40000000, 0x7C000000, 0x00000000, 0x00000000,  // Z
0x18000000, 0x10000000, 0x10000000, 0x10000000, 0x10000000, 0x10000000, 0x10000000, 0x10000000, 0x10000000, 0x18000000,  // [
0x20000000, 0x20000000, 0x10000000, 0x10000000, 0x10000000, 0x10000000, 0x08000000, 0x08000000, 0x00000000, 0x00000000,  /* \ */
0x30000000, 0x10000000, 0x10000000, 0x10000000, 0x10000000, 0x10000000, 0x10000000, 0x10000000, 0x10000000, 0x30000000,  // ]
0x10000000, 0x28000000, 0x28000000, 0x44000000, 0x00000000, 0x00000000, 0x00000000, 0x00000000, 0x00000000, 0x00000000,  // ^
0x00000000, 0x00000000, 0x00000000, 0x00000000, 0x00000000, 0x00000000, 0x00000000, 0x00000000, 0x00000000, 0xFE000000,  // _
0x20000000, 0x10000000, 0x00000000, 0x00000000, 0x00000000, 0x00000000, 0x00000000, 0x00000000, 0x00000000, 0x00000000,  // `
0x00000000, 0x00000000, 0x38000000, 0x44000000, 0x3C000000, 0x44000000, 0x4C000000, 0x34000000, 0x00000000, 0x00000000,  // a
0x40000000, 0x40000000, 0x58000000, 0x64000000, 0x44000000, 0x44000000, 0x64000000, 0x58000000, 0x00000000, 0x00000000,  // b
0x00000000, 0x00000000, 0x38000000, 0x44000000, 0x40000000, 0x40000000, 0x44000000, 0x38000000, 0x00000000, 0x00000000,  // c
0x04000000, 0x04000000, 0x34000000, 0x4C000000, 0x44000000, 0x44000000, 0x4C000000, 0x34000000, 0x00000000, 0x00000000,  // d
0x00000000, 0x00000000, 0x38000000, 0x44000000, 0x7C000000, 0x40000000, 0x44000000, 0x38000000, 0x00000000, 0x00000000,  // e
0x0C000000, 0x10000000, 0x7C000000, 0x10000000, 0x10000000, 0x10000000, 0x10000000, 0x10000000, 0x00000000, 0x00000000,  // f
0x00000000, 0x00000000, 0x34000000, 0x4C000000, 0x44000000, 0x44000000, 0x4C000000, 0x34000000, 0x04000000, 0x78000000,  // g
0x40000000, 0x40000000, 0x58000000, 0x64000000, 0x44000000, 0x44000000, 0x44000000, 0x44000000, 0x00000000, 0x00000000,  // h
0x10000000, 0x00000000, 0x70000000, 0x10000000, 0x10000000, 0x10000000, 0x10000000, 0x10000000, 0x00000000, 0x00000000,  // i
0x10000000, 0x00000000, 0x70000000, 0x10000000, 0x10000000, 0x10000000, 0x10000000, 0x10000000, 0x10000000, 0xE0000000,  // j
0x40000000, 0x40000000, 0x48000000, 0x50000000, 0x60000000, 0x50000000, 0x48000000, 0x44000000, 0x00000000, 0x00000000,  // k
0x70000000, 0x10000000, 0x10000000, 0x10000000, 0x10000000, 0x10000000, 0x10000000, 0x10000000, 0x00000000, 0x00000000,  // l
0x00000000, 0x00000000, 0x78000000, 0x54000000, 0x54000000, 0x54000000, 0x54000000, 0x54000000, 0x00000000, 0x00000000,  // m
0x00000000, 0x00000000, 0x58000000, 0x64000000, 0x44000000, 0x44000000, 0x44000000, 0x44000000, 0x00000000, 0x00000000,  // n
0x00000000, 0x00000000, 0x38000000, 0x44000000, 0x44000000, 0x44000000, 0x44000000, 0x38000000, 0x00000000, 0x00000000,  // o
0x00000000, 0x00000000, 0x58000000, 0x64000000, 0x44000000, 0x44000000, 0x64000000, 0x58000000, 0x40000000, 0x40000000,  // p
0x00000000, 0x00000000, 0x34000000, 0x4C000000, 0x44000000, 0x44000000, 0x4C000000, 0x34000000, 0x04000000, 0x04000000,  // q
0x00000000, 0x00000000, 0x58000000, 0x64000000, 0x40000000, 0x40000000, 0x40000000, 0x40000000, 0x00000000, 0x00000000,  // r
0x00000000, 0x00000000, 0x38000000, 0x44000000, 0x30000000, 0x08000000, 0x44000000, 0x38000000, 0x00000000, 0x00000000,  // s
0x20000000, 0x20000000, 0x78000000, 0x20000000, 0x20000000, 0x20000000, 0x20000000, 0x18000000, 0x00000000, 0x00000000,  // t
0x00000000, 0x00000000, 0x44000000, 0x44000000, 0x44000000, 0x44000000, 0x4C000000, 0x34000000, 0x00000000, 0x00000000,  // u
0x00000000, 0x00000000, 0x44000000, 0x44000000, 0x28000000, 0x28000000, 0x28000000, 0x10000000, 0x00000000, 0x00000000,  // v
0x00000000, 0x00000000, 0x54000000, 0x54000000, 0x54000000, 0x6C000000, 0x28000000, 0x28000000, 0x00000000, 0x00000000,  // w
0x00000000, 0x00000000, 0x44000000, 0x28000000, 0x10000000, 0x10000000, 0x28000000, 0x44000000, 0x00000000, 0x00000000,  // x
0x00000000, 0x00000000, 0x44000000, 0x44000000, 0x28000000, 0x28000000, 0x10000000, 0x10000000, 0x10000000, 0x60000000,  // y
0x00000000, 0x00000000, 0x7C000000, 0x08000000, 0x10000000, 0x20000000, 0x40000000, 0x7C000000, 0x00000000, 0x00000000,  // z
0x18000000, 0x10000000, 0x10000000, 0x10000000, 0x20000000, 0x20000000, 0x10000000, 0x10000000, 0x10000000, 0x18000000,  // {
0x10000000, 0x10000000, 0x10000000, 0x10000000, 0x10000000, 0x10000000, 0x10000000, 0x10000000, 0x10000000, 0x10000000,  // |
0x30000000, 0x10000000, 0x10000000, 0x10000000, 0x08000000, 0x08000000, 0x10000000, 0x10000000, 0x10000000, 0x30000000,  // }
0x00000000, 0x00000000, 0x00000000, 0x74000000, 0x4C000000, 0x00000000, 0x00000000, 0x00000000, 0x00000000, 0x00000000,  // ~
};
#endif

#ifdef SSD1306_INCLUDE_FONT_11x18
static const uint32_t Font11x18 [] = {
0x00000000, 0x00000000, 0x00000000, 0x00000000, 0x00000000, 0x00000000, 0x00000000, 0x00000000, 0x00000000, 0x00000000, 0x00000000, 0x00000000, 0x00000000, 0x00000000, 0x00000000, 0x00000000, 0x00000000, 0x00000000,   // sp
0x00000000, 0x0C000000, 0x0C000000, 0x0C000000, 0x0C000000, 0x0C000000, 0x0C000000, 0x0C000000, 0x0C000000, 0x0C000000, 0x0C000000, 0x0C000000, 0x00000000, 0x0C000000, 0x0C000000, 0x00000000, 0x00000000, 0x00000000,   // !
0x00000000, 0x1B000000, 0x1B000000, 0x1B000000, 0x1B000000, 0x1B000000, 0x00000000, 0x00000000, 0x00000000, 0x00000000, 0x00000000, 0x00000000, 0x00000000, 0x00000000, 0x00000000, 0x00000000, 0x00000000, 0x00000000,   // "
0x00000000, 0x19800000, 0x19800000, 0x19800000, 0x19800000, 0x7FC00000, 0x7FC00000, 0x19800000, 0x33000000, 0x7FC00000, 0x7FC00000, 0x33000000, 0x33000000, 0x33000000, 0x33000000, 0x00000000, 0x00000000, 0x00000000,   // #
0x00000000, 0x1E000000, 0x3F000000, 0x75800000, 0x65800000, 0x74000000, 0x3C000000, 0x1E000000, 0x07000000, 0x05800000, 0x65800000, 0x65800000, 0x75800000, 0x3F000000, 0x1E000000, 0x04000000, 0x04000000, 0x00000000,   // $
0x00000000, 0x70000000, 0xD8000000, 0xD8400000, 0xD8C00000, 0xD9800000, 0x73000000, 0x06000000, 0x0C000000, 0x1B800000, 0x36C00000, 0x66C00000, 0x46C00000, 0x06C00000, 0x03800000, 0x00000000, 0x00000000, 0x00000000,   // %
0x00000000, 0x1E000000, 0x3F000000, 0x33000000, 0x33000000, 0x33000000, 0x1E000000, 0x0C000000, 0x3CC00000, 0x66C00000, 0x63800000, 0x61800000, 0x63800000, 0x3EC00000, 0x1C800000, 0x00000000, 0x00000000, 0x00000000,   // &
0x00000000, 0x0C000000, 0x0C000000, 0x0C000000, 0x0C000000, 0x0C000000, 0x00000000, 0x00000000, 0x00000000, 0x00000000, 0x00000000, 0x00000000, 0x00000000, 0x00000000, 0x00000000, 0x00000000, 0x00000000, 0x00000000,   // '
0x00800000, 0x01000000, 0x03000000, 0x06000000, 0x06000000, 0x04000000, 0x0C000000, 0x0C000000, 0x0C000000, 0x0C000000, 0x0C000000, 0x0C000000, 0x04000000, 0x06000000, 0x06000000, 0x03000000, 0x01000000, 0x00800000,   // (
0x20000000, 0x10000000, 0x18000000, 0x0C000000, 0x0C000000, 0x04000000, 0x06000000, 0x06000000, 0x06000000, 0x06000000, 0x06000000, 0x06000000, 0x04000000, 0x0C000000, 0x0C000000, 0x18000000, 0x10000000, 0x20000000,   // )
0x00000000, 0x0C000000, 0x2D000000, 0x3F000000, 0x1E000000, 0x33000000, 0x00000000, 0x00000000, 0x00000000, 0x00000000, 0x00000000, 0x00000000, 0x00000000, 0x00000000, 0x00000000, 0x00000000, 0x00000000, 0x00000000,   // *
0x00000000, 0x00000000, 0x00000000, 0x0C000000, 0x0C000000, 0x0C000000, 0x0C000000, 0xFFC00000, 0xFFC00000, 0x0C000000, 0x0C000000, 0x0C000000, 0x0C000000, 0x00000000, 0x00000000, 0x00000000, 0x00000000, 0x00000000,   // +
0x00000000, 0x00000000, 0x00000000, 0x00000000, 0x00000000, 0x00000000, 0x00000000, 0x00000000, 0x00000000, 0x00000000, 0x00000000, 0x00000000, 0x00000000, 0x0C000000, 0x0C000000, 0x04000000, 0x04000000, 0x08000000,   // ,
0x00000000, 0x00000000, 0x00000000, 0x00000000, 0x00000000, 0x00000000, 0x00000000, 0x00000000, 0x00000000, 0x1E000000, 0x1E000000, 0x00000000, 0x00000000, 0x00000000, 0x00000000, 0x00000000, 0x00000000, 0x00000000,   // -
0x00000000, 0x00000000, 0x00000000, 0x00000000, 0x00000000, 0x00000000, 0x00000000, 0x00000000, 0x00000000, 0x00000000, 0x00000000, 0x00000000, 0x00000000, 0x0C000000, 0x0C000000, 0x00000000, 0x00000000, 0x00000000,   // .
0x00000000, 0x03000000, 0x03000000, 0x03000000, 0x06000000, 0x06000000, 0x06000000, 0x06000000, 0x0C000000, 0x0C000000, 0x0C000000, 0x0C000000, 0x18000000, 0x18000000, 0x18000000, 0x00000000, 0x00000000, 0x00000000,   // /
0x00000000, 0x1E000000, 0x3F000000, 0x33000000, 0x61800000, 0x61800000, 0x61800000, 0x6D800000, 0x6D800000, 0x61800000, 0x61800000, 0x61800000, 0x33000000, 0x3F000000, 0x1E000000, 0x00000000, 0x00000000, 0x00000000,   // 0
0x00000000, 0x06000000, 0x0E000000, 0x1E000000, 0x36000000, 0x26000000, 0x06000000, 0x06000000, 0x06000000, 0x06000000, 0x06000000, 0x06000000, 0x06000000, 0x06000000, 0x06000000, 0x00000000, 0x00000000, 0x00000000,   // 1
0x00000000, 0x1E000000, 0x3F000000, 0x73800000, 0x61800000, 0x61800000, 0x01800000, 0x03000000, 0x06000000, 0x0C000000, 0x18000000, 0x30000000, 0x60000000, 0x7F800000, 0x7F800000, 0x00000000, 0x00000000, 0x00000000,   // 2
0x00000000, 0x1C000000, 0x3E000000, 0x63000000, 0x63000000, 0x03000000, 0x0E000000, 0x0E000000, 0x03000000, 0x01800000, 0x01800000, 0x61800000, 0x73800000, 0x3F000000, 0x1E000000, 0x00000000, 0x00000000, 0x00000000,   // 3
0x00000000, 0x06000000, 0x0E000000, 0x0E000000, 0x1E000000, 0x1E000000, 0x16000000, 0x36000000, 0x36000000, 0x66000000, 0x7F800000, 0x7F800000, 0x06000000, 0x06000000, 0x06000000, 0x00000000, 0x00000000, 0x00000000,   // 4
0x00000000, 0x7F000000, 0x7F000000, 0x60000000, 0x60000000, 0x60000000, 0x6E000000, 0x7F000000, 0x63800000, 0x01800000, 0x01800000, 0x61800000, 0x73800000, 0x3F000000, 0x1E000000, 0x00000000, 0x00000000, 0x00000000,   // 5
0x00000000, 0x1E000000, 0x3F000000, 0x33800000, 0x61800000, 0x60000000, 0x6E000000, 0x7F000000, 0x73800000, 0x61800000, 0x61800000, 0x61800000, 0x33800000, 0x3F000000, 0x1E000000, 0x00000000, 0x00000000, 0x00000000,   // 6
0x00000000, 0x7F800000, 0x7F800000, 0x01800000, 0x03000000, 0x03000000, 0x06000000, 0x06000000, 0x0C000000, 0x0C000000, 0x0C000000, 0x08000000, 0x18000000, 0x18000000, 0x18000000, 0x00000000, 0x00000000, 0x00000000,   // 7
0x00000000, 0x1E000000, 0x3F000000, 0x63800000, 0x61800000, 0x61800000, 0x21000000, 0x1E000000, 0x3F000000, 0x61800000, 0x61800000, 0x61800000, 0x61800000, 0x3F000000, 0x1E000000, 0x00000000, 0x00000000, 0x00000000,   // 8
0x00000000, 0x1E000000, 0x3F000000, 0x73000000, 0x61800000, 0x61800000, 0x61800000, 0x73800000, 0x3F800000, 0x1D800000, 0x01800000, 0x61800000, 0x73000000, 0x3F000000, 0x1E000000, 0x00000000, 0x00000000, 0x00000000,   // 9
0x00000000, 0x00000000, 0x00000000, 0x00000000, 0x00000000, 0x0C000000, 0x0C000000, 0x00000000, 0x00000000, 0x00000000, 0x00000000, 0x00000000, 0x00000000, 0x0C000000, 0x0C000000, 0x00000000, 0x00000000, 0x00000000,   // :
0x00000000, 0x00000000, 0x00000000, 0x00000000, 0x00000000, 0x00000000, 0x0C000000, 0x0C000000, 0x00000000, 0x00000000, 0x00000000, 0x00000000, 0x00000000, 0x0C000000, 0x0C000000, 0x04000000, 0x04000000, 0x08000000,   // ;
0x00000000, 0x00000000, 0x00000000, 0x00000000, 0x00800000, 0x03800000, 0x0E000000, 0x38000000, 0x60000000, 0x38000000, 0x0E000000, 0x03800000, 0x00800000, 0x00000000, 0x00000000, 0x00000000, 0x00000000, 0x00000000,   // <
0x00000000, 0x00000000, 0x00000000, 0x00000000, 0x00000000, 0x7F800000, 0x7F800000, 0x00000000, 0x00000000, 0x7F800000, 0x7F800000, 0x00000000, 0x00000000, 0x00000000, 0x00000000, 0x00000000, 0x00000000, 0x00000000,   // =
0x00000000, 0x00000000, 0x00000000, 0x00000000, 0x40000000, 0x70000000, 0x1C000000, 0x07000000, 0x01800000, 0x07000000, 0x1C000000, 0x70000000, 0x40000000, 0x00000000, 0x00000000, 0x00000000, 0x00000000, 0x00000000,   // >
0x00000000, 0x1F000000, 0x3F800000, 0x71C00000, 0x60C00000, 0x00C00000, 0x01C00000, 0x03800000, 0x07000000, 0x0E000000, 0x0C000000, 0x0C000000, 0x00000000, 0x0C000000, 0x0C000000, 0x00000000, 0x00000000, 0x00000000,   // ?
0x00000000, 0x1E000000, 0x3F000000, 0x31800000, 0x71800000, 0x63800000, 0x6F800000, 0x6D800000, 0x6D800000, 0x6F800000, 0x67800000, 0x60000000, 0x32000000, 0x3E000000, 0x1C000000, 0x00000000, 0x00000000, 0x00000000,   // @
0x00000000, 0x0E000000, 0x0E000000, 0x1B000000, 0x1B000000, 0x1B000000, 0x1B000000, 0x31800000, 0x31800000, 0x3F800000, 0x3F800000, 0x31800000, 0x60C00000, 0x60C00000, 0x60C00000, 0x00000000, 0x00000000, 0x00000000,   // A
0x00000000, 0x7C000000, 0x7E000000, 0x63000000, 0x63000000, 0x63000000, 0x63000000, 0x7E000000, 0x7E000000, 0x63000000, 0x61800000, 0x61800000, 0x63800000, 0x7F000000, 0x7E000000, 0x00000000, 0x00000000, 0x00000000,   // B
0x00000000, 0x1E000000, 0x3F000000, 0x31800000, 0x61800000, 0x60000000, 0x60000000, 0x60000000, 0x60000000, 0x60000000, 0x60000000, 0x61800000, 0x31800000, 0x3F000000, 0x1E000000, 0x00000000, 0x00000000, 0x00000000,   // C
0x00000000, 0x7C000000, 0x7F000000, 0x63000000, 0x63800000, 0x61800000, 0x61800000, 0x61800000, 0x61800000, 0x61800000, 0x61800000, 0x63000000, 0x63000000, 0x7E000000, 0x7C000000, 0x00000000, 0x00000000, 0x00000000,   // D
0x00000000, 0x7F800000, 0x7F800000, 0x60000000, 0x60000000, 0x60000000, 0x60000000, 0x7F000000, 0x7F000000, 0x60000000, 0x60000000, 0x60000000, 0x60000000, 0x7F800000, 0x7F800000, 0x00000000, 0x00000000, 0x00000000,   // E
0x00000000, 0x7F800000, 0x7F800000, 0x60000000, 0x60000000, 0x60000000, 0x60000000, 0x7F000000, 0x7F000000, 0x60000000, 0x60000000, 0x60000000, 0x60000000, 0x60000000, 0x60000000, 0x00000000, 0x00000000, 0x00000000,   // F
0x00000000, 0x1E000000, 0x3F000000, 0x31800000, 0x61800000, 0x60000000, 0x60000000, 0x60000000, 0x63800000, 0x63800000, 0x61800000, 0x61800000, 0x31800000, 0x3F800000, 0x1E000000, 0x00000000, 0x00000000, 0x00000000,   // G
0x00000000, 0x61800000, 0x61800000, 0x61800000, 0x61800000, 0x61800000, 0x61800000, 0x7F800000, 0x7F800000, 0x61800000, 0x61800000, 0x61800000, 0x61800000, 0x61800000, 0x61800000, 0x00000000, 0x00000000, 0x00000000,   // H
0x00000000, 0x3F000000, 0x3F000000, 0x0C000000, 0x0C000000, 0x0C000000, 0x0C000000, 0x0C000000, 0x0C000000, 0x0C000000, 0x0C000000, 0x0C000000, 0x0C000000, 0x3F000000, 0x3F000000, 0x00000000, 0x00000000, 0x00000000,   // I
0x00000000, 0x01800000, 0x01800000, 0x01800000, 0x01800000, 0x01800000, 0x01800000, 0x01800000, 0x01800000, 0x01800000, 0x61800000, 0x61800000, 0x73800000, 0x3F000000, 0x1E000000, 0x00000000, 0x00000000, 0x00000000,   // J
0x00000000, 0x60C00000, 0x61800000, 0x63000000, 0x66000000, 0x66000000, 0x6C000000, 0x78000000, 0x7C000000, 0x66000000, 0x66000000, 0x63000000, 0x61800000, 0x61800000, 0x60C00000, 0x00000000, 0x00000000, 0x00000000,   // K
0x00000000, 0x60000000, 0x60000000, 0x60000000, 0x60000000, 0x60000000, 0x60000000, 0x60000000, 0x60000000, 0x60000000, 0x60000000, 0x60000000, 0x60000000, 0x7F800000, 0x7F800000, 0x00000000, 0x00000000, 0x00000000,   // L
0x00000000, 0x71C00000, 0x71C00000, 0x7BC00000, 0x7AC00000, 0x6AC00000, 0x6AC00000, 0x6EC00000, 0x64C00000, 0x60C00000, 0x60C00000, 0x60C00000, 0x60C00000, 0x60C00000, 0x60C00000, 0x00000000, 0x00000000, 0x00000000,   // M
0x00000000, 0x71800000, 0x71800000, 0x79800000, 0x79800000, 0x79800000, 0x6D800000, 0x6D800000, 0x6D800000, 0x65800000, 0x67800000, 0x67800000, 0x67800000, 0x63800000, 0x63800000, 0x00000000, 0x00000000, 0x00000000,   // N
0x00000000, 0x1E000000, 0x3F000000, 0x33000000, 0x61800000, 0x61800000, 0x61800000, 0x61800000, 0x61800000, 0x61800000, 0x61800000, 0x61800000, 0x33000000, 0x3F000000, 0x1E000000, 0x00000000, 0x00000000, 0x00000000,   // O
0x00000000, 0x7E000000, 0x7F000000, 0x63800000, 0x61800000, 0x61800000, 0x61800000, 0x63800000, 0x7F000000, 0x7E000000, 0x60000000, 0x60000000, 0x60000000, 0x60000000, 0x60000000, 0x00000000, 0x00000000, 0x00000000,   // P
0x00000000, 0x1E000000, 0x3F000000, 0x33000000, 0x61800000, 0x61800000, 0x61800000, 0x61800000, 0x61800000, 0x61800000, 0x65800000, 0x67800000, 0x33000000, 0x3F800000, 0x1E400000, 0x00000000, 0x00000000, 0x00000000,   // Q
0x00000000, 0x7E000000, 0x7F000000, 0x63800000, 0x61800000, 0x61800000, 0x63800000, 0x7F000000, 0x7E000000, 0x66000000, 0x63000000, 0x63000000, 0x61800000, 0x61800000, 0x60C00000, 0x00000000, 0x00000000, 0x00000000,   // R
0x00000000, 0x0E000000, 0x1F000000, 0x31800000, 0x31800000, 0x30000000, 0x38000000, 0x1E000000, 0x07000000, 0x03800000, 0x61800000, 0x61800000, 0x31800000, 0x3F000000, 0x1E000000, 0x00000000, 0x00000000, 0x00000000,   // S
0x00000000, 0xFFC00000, 0xFFC00000, 0x0C000000, 0x0C000000, 0x0C000000, 0x0C000000, 0x0C000000, 0x0C000000, 0x0C000000, 0x0C000000, 0x0C000000, 0x0C000000, 0x0C000000, 0x0C000000, 0x00000000, 0x00000000, 0x00000000,   // T
0x00000000, 0x61800000, 0x61800000, 0x61800000, 0x61800000, 0x61800000, 0x61800000, 0x61800000, 0x61800000, 0x61800000, 0x61800000, 0x61800000, 0x73800000, 0x3F000000, 0x1E000000, 0x00000000, 0x00000000, 0x00000000,   // U
0x00000000, 0x60C00000, 0x60C00000, 0x60C00000, 0x31800000, 0x31800000, 0x31800000, 0x1B000000, 0x1B000000, 0x1B000000, 0x1B000000, 0x0E000000, 0x0E000000, 0x0E000000, 0x04000000, 0x00000000, 0x00000000, 0x00000000,   // V
0x00000000, 0xC0C00000, 0xC0C00000, 0xC0C00000, 0xC0C00000, 0xC0C00000, 0xCCC00000, 0x4C800000, 0x4C800000, 0x5E800000, 0x52800000, 0x52800000, 0x73800000, 0x61800000, 0x61800000, 0x00000000, 0x00000000, 0x00000000,   // W
0x00000000, 0xC0C00000, 0x60800000, 0x61800000, 0x33000000, 0x3B000000, 0x1E000000, 0x0C000000, 0x0C000000, 0x1E000000, 0x1F000000, 0x3B000000, 0x71800000, 0x61800000, 0xC0C00000, 0x00000000, 0x00000000, 0x00000000,   // X
0x00000000, 0xC0C00000, 0x61800000, 0x61800000, 0x33000000, 0x33000000, 0x1E000000, 0x1E000000, 0x0C000000, 0x0C000000, 0x0C000000, 0x0C000000, 0x0C000000, 0x0C000000, 0x0C000000, 0x00000000, 0x00000000, 0x00000000,   // Y
0x00000000, 0x3F800000, 0x3F800000, 0x01800000, 0x03000000, 0x03000000, 0x06000000, 0x0C000000, 0x0C000000, 0x18000000, 0x18000000, 0x30000000, 0x60000000, 0x7F800000, 0x7F800000, 0x00000000, 0x00000000, 0x00000000,   // Z
0x0F000000, 0x0F000000, 0x0C000000, 0x0C000000, 0x0C000000, 0x0C000000, 0x0C000000, 0x0C000000, 0x0C000000, 0x0C000000, 0x0C000000, 0x0C000000, 0x0C000000, 0x0C000000, 0x0C000000, 0x0C000000, 0x0F000000, 0x0F000000,   // [
0x00000000, 0x18000000, 0x18000000, 0x18000000, 0x0C000000, 0x0C000000, 0x0C000000, 0x0C000000, 0x06000000, 0x06000000, 0x06000000, 0x06000000, 0x03000000, 0x03000000, 0x03000000, 0x00000000, 0x00000000, 0x00000000,   /* \ */
0x1E000000, 0x1E000000, 0x06000000, 0x06000000, 0x06000000, 0x06000000, 0x06000000, 0x06000000, 0x06000000, 0x06000000, 0x06000000, 0x06000000, 0x06000000, 0x06000000, 0x06000000, 0x06000000, 0x1E000000, 0x1E000000,   // ]
0x00000000, 0x0C000000, 0x0C000000, 0x1E000000, 0x12000000, 0x33000000, 0x33000000, 0x61800000, 0x61800000, 0x00000000, 0x00000000, 0x00000000, 0x00000000, 0x00000000, 0x00000000, 0x00000000, 0x00000000, 0x00000000,   // ^
0x00000000, 0x00000000, 0x00000000, 0x00000000, 0x00000000, 0x00000000, 0x00000000, 0x00000000, 0x00000000, 0x00000000, 0x00000000, 0x00000000, 0x00000000, 0x00000000, 0x00000000, 0x00000000, 0xFFE00000, 0x00000000,   // _
0x00000000, 0x38000000, 0x18000000, 0x0C000000, 0x00000000, 0x00000000, 0x00000000, 0x00000000, 0x00000000, 0x00000000, 0x00000000, 0x00000000, 0x00000000, 0x00000000, 0x00000000, 0x00000000, 0x00000000, 0x00000000,   // `
0x00000000, 0x00000000, 0x00000000, 0x00000000, 0x00000000, 0x1F000000, 0x3F800000, 0x61800000, 0x01800000, 0x1F800000, 0x3F800000, 0x61800000, 0x63800000, 0x7F800000, 0x38C00000, 0x00000000, 0x00000000, 0x00000000,   // a
0x00000000, 0x60000000, 0x60000000, 0x60000000, 0x60000000, 0x6E000000, 0x7F000000, 0x73800000, 0x61800000, 0x61800000, 0x61800000, 0x61800000, 0x73800000, 0x7F000000, 0x6E000000, 0x00000000, 0x00000000, 0x00000000,   // b
0x00000000, 0x00000000, 0x00000000, 0x00000000, 0x00000000, 0x1E000000, 0x3F000000, 0x73800000, 0x61800000, 0x60000000, 0x60000000, 0x61800000, 0x73800000, 0x3F000000, 0x1E000000, 0x00000000, 0x00000000, 0x00000000,   // c
0x00000000, 0x01800000, 0x01800000, 0x01800000, 0x01800000, 0x1D800000, 0x3F800000, 0x73800000, 0x61800000, 0x61800000, 0x61800000, 0x61800000, 0x73800000, 0x3F800000, 0x1D800000, 0x00000000, 0x00000000, 0x00000000,   // d
0x00000000, 0x00000000, 0x00000000, 0x00000000, 0x00000000, 0x1E000000, 0x3F000000, 0x73000000, 0x61800000, 0x7F800000, 0x7F800000, 0x60000000, 0x71800000, 0x3F000000, 0x1E000000, 0x00000000, 0x00000000, 0x00000000,   // e
0x00000000, 0x07C00000, 0x0FC00000, 0x0C000000, 0x0C000000, 0x7F800000, 0x7F800000, 0x0C000000, 0x0C000000, 0x0C000000, 0x0C000000, 0x0C000000, 0x0C000000, 0x0C000000, 0x0C000000, 0x00000000, 0x00000000, 0x00000000,   // f
0x00000000, 0x00000000, 0x00000000, 0x00000000, 0x1D800000, 0x3F800000, 0x73800000, 0x61800000, 0x61800000, 0x61800000, 0x61800000, 0x73800000, 0x3F800000, 0x1D800000, 0x01800000, 0x63800000, 0x7F000000, 0x3E000000,   // g
0x00000000, 0x60000000, 0x60000000, 0x60000000, 0x60000000, 0x6F000000, 0x7F800000, 0x71800000, 0x61800000, 0x61800000, 0x61800000, 0x61800000, 0x61800000, 0x61800000, 0x61800000, 0x00000000, 0x00000000, 0x00000000,   // h
0x00000000, 0x06000000, 0x06000000, 0x00000000, 0x00000000, 0x3E000000, 0x3E000000, 0x06000000, 0x06000000, 0x06000000, 0x06000000, 0x06000000, 0x06000000, 0x06000000, 0x06000000, 0x00000000, 0x00000000, 0x00000000,   // i
0x06000000, 0x06000000, 0x00000000, 0x00000000, 0x3E000000, 0x3E000000, 0x06000000, 0x06000000, 0x06000000, 0x06000000, 0x06000000, 0x06000000, 0x06000000, 0x06000000, 0x06000000, 0x46000000, 0x7E000000, 0x3C000000,   // j
0x00000000, 0x60000000, 0x60000000, 0x60000000, 0x60000000, 0x61800000, 0x63000000, 0x66000000, 0x6C000000, 0x7C000000, 0x76000000, 0x63000000, 0x63000000, 0x61800000, 0x60C00000, 0x00000000, 0x00000000, 0x00000000,   // k
0x00000000, 0x3E000000, 0x3E000000, 0x06000000, 0x06000000, 0x06000000, 0x06000000, 0x06000000, 0x06000000, 0x06000000, 0x06000000, 0x06000000, 0x06000000, 0x06000000, 0x06000000, 0x00000000, 0x00000000, 0x00000000,   // l
0x00000000, 0x00000000, 0x00000000, 0x00000000, 0x00000000, 0xDD800000, 0xFFC00000, 0xCEC00000, 0xCCC00000, 0xCCC00000, 0xCCC00000, 0xCCC00000, 0xCCC00000, 0xCCC00000, 0xCCC00000, 0x00000000, 0x00000000, 0x00000000,   // m
0x00000000, 0x00000000, 0x00000000, 0x00000000, 0x00000000, 0x6F000000, 0x7F800000, 0x71800000, 0x61800000, 0x61800000, 0x61800000, 0x61800000, 0x61800000, 0x61800000, 0x61800000, 0x00000000, 0x00000000, 0x00000000,   // n
0x00000000, 0x00000000, 0x00000000, 0x00000000, 0x00000000, 0x1E000000, 0x3F000000, 0x73800000, 0x61800000, 0x61800000, 0x61800000, 0x61800000, 0x73800000, 0x3F000000, 0x1E000000, 0x00000000, 0x00000000, 0x00000000,   // o
0x00000000, 0x00000000, 0x00000000, 0x00000000, 0x6E000000, 0x7F000000, 0x73800000, 0x61800000, 0x61800000, 0x61800000, 0x61800000, 0x73800000, 0x7F000000, 0x6E000000, 0x60000000, 0x60000000, 0x60000000, 0x60000000,   // p
0x00000000, 0x00000000, 0x00000000, 0x00000000, 0x1D800000, 0x3F800000, 0x73800000, 0x61800000, 0x61800000, 0x61800000, 0x61800000, 0x73800000, 0x3F800000, 0x1D800000, 0x01800000, 0x01800000, 0x01800000, 0x01800000,   // q
0x00000000, 0x00000000, 0x00000000, 0x00000000, 0x00000000, 0x67000000, 0x3F800000, 0x39000000, 0x30000000, 0x30000000, 0x30000000, 0x30000000, 0x30000000, 0x30000000, 0x30000000, 0x00000000, 0x00000000, 0x00000000,   // r
0x00000000, 0x00000000, 0x00000000, 0x00000000, 0x00000000, 0x1E000000, 0x3F800000, 0x61800000, 0x60000000, 0x7F000000, 0x3F800000, 0x01800000, 0x61800000, 0x7F000000, 0x1E000000, 0x00000000, 0x00000000, 0x00000000,   // s
0x00000000, 0x00000000, 0x08000000, 0x18000000, 0x18000000, 0x7F000000, 0x7F000000, 0x18000000, 0x18000000, 0x18000000, 0x18000000, 0x18000000, 0x18000000, 0x1F800000, 0x0F800000, 0x00000000, 0x00000000, 0x00000000,   // t
0x00000000, 0x00000000, 0x00000000, 0x00000000, 0x00000000, 0x61800000, 0x61800000, 0x61800000, 0x61800000, 0x61800000, 0x61800000, 0x61800000, 0x63800000, 0x7F800000, 0x3D800000, 0x00000000, 0x00000000, 0x00000000,   // u
0x00000000, 0x00000000, 0x00000000, 0x00000000, 0x00000000, 0x60C00000, 0x31800000, 0x31800000, 0x31800000, 0x1B000000, 0x1B000000, 0x1B000000, 0x0E000000, 0x0E000000, 0x06000000, 0x00000000, 0x00000000, 0x00000000,   // v
0x00000000, 0x00000000, 0x00000000, 0x00000000, 0x00000000, 0xDD800000, 0xDD800000, 0xDD800000, 0x55000000, 0x55000000, 0x55000000, 0x77000000, 0x77000000, 0x22000000, 0x22000000, 0x00000000, 0x00000000, 0x00000000,   // w
0x00000000, 0x00000000, 0x00000000, 0x00000000, 0x00000000, 0x61800000, 0x33000000, 0x33000000, 0x1E000000, 0x0C000000, 0x0C000000, 0x1E000000, 0x33000000, 0x33000000, 0x61800000, 0x00000000, 0x00000000, 0x00000000,   // x
0x00000000, 0x00000000, 0x00000000, 0x00000000, 0x61800000, 0x61800000, 0x31800000, 0x33000000, 0x33000000, 0x1B000000, 0x1B000000, 0x1B000000, 0x0E000000, 0x0E000000, 0x0E000000, 0x1C000000, 0x7C000000, 0x70000000,   // y
0x00000000, 0x00000000, 0x00000000, 0x00000000, 0x00000000, 0x7FC00000, 0x7FC00000, 0x01800000, 0x03000000, 0x06000000, 0x0C000000, 0x18000000, 0x30000000, 0x7FC00000, 0x7FC00000, 0x00000000, 0x00000000, 0x00000000,   // z
0x03800000, 0x07800000, 0x06000000, 0x06000000, 0x06000000, 0x06000000, 0x06000000, 0x0E000000, 0x1C000000, 0x1C000000, 0x0E000000, 0x06000000, 0x06000000, 0x06000000, 0x06000000, 0x06000000, 0x07800000, 0x03800000,   // {
0x06000000, 0x06000000, 0x06000000, 0x06000000, 0x06000000, 0x06000000, 0x06000000, 0x06000000, 0x06000000, 0x06000000, 0x06000000, 0x06000000, 0x06000000, 0x06000000, 0x06000000, 0x06000000, 0x06000000, 0x06000000,   // |
0x38000000, 0x3C000000, 0x0C000000, 0x0C000000, 0x0C000000, 0x0C000000, 0x0C000000, 0x0E000000, 0x07000000, 0x07000000, 0x0E000000, 0x0C000000, 0x0C000000, 0x0C000000, 0x0C000000, 0x0C000000, 0x3C000000, 0x38000000,   // }
0x00000000, 0x00000000, 0x00000000, 0x00000000, 0x00000000, 0x00000000, 0x00000000, 0x38800000, 0x7F800000, 0x47000000, 0x00000000, 0x00000000, 0x00000000, 0x00000000, 0x00000000, 0x00000000, 0x00000000, 0x00000000,   // ~
};
#endif
#ifdef SSD1306_INCLUDE_FONT_16x26
static const uint32_t Font16x26 [] = {
0x00000000,0x00000000,0x00000000,0x00000000,0x00000000,0x00000000,0x00000000,0x00000000,0x00000000,0x00000000,0x00000000,0x00000000,0x00000000,0x00000000,0x00000000,0x00000000,0x00000000,0x00000000,0x00000000,0x00000000,0x00000000,0x00000000,0x00000000,0x00000000,0x00000000,0x00000000, // Ascii = [ ]
0x03E00000,0x03E00000,0x03E00000,0x03E00000,0x03E00000,0x03E00000,0x03E00000,0x03E00000,0x03C00000,0x03C00000,0x01C00000,0x01C00000,0x01C00000,0x01C00000,0x01C00000,0x00000000,0x00000000,0x00000000,0x03E00000,0x03E00000,0x03E00000,0x00000000,0x00000000,0x00000000,0x00000000,0x00000000, // Ascii = [!]
0x1E3C0000,0x1E3C0000,0x1E3C0000,0x1E3C0000,0x1E3C0000,0x1E3C0000,0x1E3C0000,0x00000000,0x00000000,0x00000000,0x00000000,0x00000000,0x00000000,0x00000000,0x00000000,0x00000000,0x00000000,0x00000000,0x00000000,0x00000000,0x00000000,0x00000000,0x00000000,0x00000000,0x00000000,0x00000000, // Ascii = ["]
0x01CE0000,0x03CE0000,0x03DE0000,0x039E0000,0x039C0000,0x079C0000,0x3FFF0000,0x7FFF0000,0x07380000,0x0F380000,0x0F780000,0x0F780000,0x0E780000,0xFFFF0000,0xFFFF0000,0x1EF00000,0x1CF00000,0x1CE00000,0x3CE00000,0x3DE00000,0x39E00000,0x00000000,0x00000000,0x00000000,0x00000000,0x00000000, // Ascii = [#]
0x03FC0000,0x0FFE0000,0x1FEE0000,0x1EE00000,0x1EE00000,0x1EE00000,0x1EE00000,0x1FE00000,0x0FE00000,0x07E00000,0x03F00000,0x01FC0000,0x01FE0000,0x01FE0000,0x01FE0000,0x01FE0000,0x01FE0000,0x01FE0000,0x3DFE0000,0x3FFC0000,0x0FF00000,0x01E00000,0x01E00000,0x00000000,0x00000000,0x00000000, // Ascii = [$]
0x3E030000,0xF7070000,0xE78F0000,0xE78E0000,0xE39E0000,0xE3BC0000,0xE7B80000,0xE7F80000,0xF7F00000,0x3FE00000,0x01C00000,0x03FF0000,0x07FF0000,0x07F30000,0x0FF30000,0x1EF30000,0x3CF30000,0x38F30000,0x78F30000,0xF07F0000,0xE03F0000,0x00000000,0x00000000,0x00000000,0x00000000,0x00000000, // Ascii = [%]
0x07E00000,0x0FF80000,0x0F780000,0x1F780000,0x1F780000,0x1F780000,0x0F780000,0x0FF00000,0x0FE00000,0x1F800000,0x7FC30000,0xFBC30000,0xF3E70000,0xF1F70000,0xF0F70000,0xF0FF0000,0xF07F0000,0xF83E0000,0x7C7F0000,0x3FFF0000,0x1FEF0000,0x00000000,0x00000000,0x00000000,0x00000000,0x00000000, // Ascii = [&]
0x03E00000,0x03E00000,0x03E00000,0x03E00000,0x03E00000,0x03C00000,0x01C00000,0x00000000,0x00000000,0x00000000,0x00000000,0x00000000,0x00000000,0x00000000,0x00000000,0x00000000,0x00000000,0x00000000,0x00000000,0x00000000,0x00000000,0x00000000,0x00000000,0x00000000,0x00000000,0x00000000, // Ascii = [']
0x003F0000,0x007C0000,0x01F00000,0x01E00000,0x03C00000,0x07C00000,0x07800000,0x07800000,0x0F800000,0x0F000000,0x0F000000,0x0F000000,0x0F000000,0x0F000000,0x0F000000,0x0F800000,0x07800000,0x07800000,0x07C00000,0x03C00000,0x01E00000,0x01F00000,0x007C0000,0x003F0000,0x000F0000,0x00000000, // Ascii = [(]
0x7E000000,0x1F000000,0x07C00000,0x03C00000,0x01E00000,0x01F00000,0x00F00000,0x00F00000,0x00F80000,0x00780000,0x00780000,0x00780000,0x00780000,0x00780000,0x00780000,0x00F80000,0x00F00000,0x00F00000,0x01F00000,0x01E00000,0x03C00000,0x07C00000,0x1F000000,0x7E000000,0x78000000,0x00000000, // Ascii = [)]
0x03E00000,0x03C00000,0x01C00000,0x39CE0000,0x3FFF0000,0x3F7F0000,0x03200000,0x03700000,0x07F80000,0x0F780000,0x1F3C0000,0x06380000,0x00000000,0x00000000,0x00000000,0x00000000,0x00000000,0x00000000,0x00000000,0x00000000,0x00000000,0x00000000,0x00000000,0x00000000,0x00000000,0x00000000, // Ascii = [*]
0x00000000,0x00000000,0x00000000,0x00000000,0x00000000,0x00000000,0x01C00000,0x01C00000,0x01C00000,0x01C00000,0x01C00000,0x01C00000,0x01C00000,0xFFFF0000,0xFFFF0000,0x01C00000,0x01C00000,0x01C00000,0x01C00000,0x01C00000,0x01C00000,0x00000000,0x00000000,0x00000000,0x00000000,0x00000000, // Ascii = [+]
0x00000000,0x00000000,0x00000000,0x00000000,0x00000000,0x00000000,0x00000000,0x00000000,0x00000000,0x00000000,0x00000000,0x00000000,0x00000000,0x00000000,0x00000000,0x00000000,0x00000000,0x03E00000,0x03E00000,0x03E00000,0x03E00000,0x01E00000,0x01E00000,0x01E00000,0x01C00000,0x03800000, // Ascii = [,]
0x00000000,0x00000000,0x00000000,0x00000000,0x00000000,0x00000000,0x00000000,0x00000000,0x00000000,0x00000000,0x00000000,0x3FFE0000,0x3FFE0000,0x00000000,0x00000000,0x00000000,0x00000000,0x00000000,0x00000000,0x00000000,0x00000000,0x00000000,0x00000000,0x00000000,0x00000000,0x00000000, // Ascii = [-]
0x00000000,0x00000000,0x00000000,0x00000000,0x00000000,0x00000000,0x00000000,0x00000000,0x00000000,0x00000000,0x00000000,0x00000000,0x00000000,0x00000000,0x00000000,0x00000000,0x00000000,0x03E00000,0x03E00000,0x03E00000,0x03E00000,0x00000000,0x00000000,0x00000000,0x00000000,0x00000000, // Ascii = [.]
0x000F0000,0x000F0000,0x001E0000,0x001E0000,0x003C0000,0x003C0000,0x00780000,0x00780000,0x00F00000,0x00F00000,0x01E00000,0x01E00000,0x03C00000,0x03C00000,0x07800000,0x07800000,0x0F000000,0x0F000000,0x1E000000,0x1E000000,0x3C000000,0x3C000000,0x78000000,0x78000000,0xF0000000,0x00000000, // Ascii = [/]
0x07F00000,0x0FF80000,0x1F7C0000,0x3E3E0000,0x3C1E0000,0x7C1F0000,0x7C1F0000,0x780F0000,0x780F0000,0x780F0000,0x780F0000,0x780F0000,0x780F0000,0x780F0000,0x7C1F0000,0x7C1F0000,0x3C1E0000,0x3E3E0000,0x1F7C0000,0x0FF80000,0x07F00000,0x00000000,0x00000000,0x00000000,0x00000000,0x00000000, // Ascii = [0]
0x00F00000,0x07F00000,0x3FF00000,0x3FF00000,0x01F00000,0x01F00000,0x01F00000,0x01F00000,0x01F00000,0x01F00000,0x01F00000,0x01F00000,0x01F00000,0x01F00000,0x01F00000,0x01F00000,0x01F00000,0x01F00000,0x01F00000,0x3FFF0000,0x3FFF0000,0x00000000,0x00000000,0x00000000,0x00000000,0x00000000, // Ascii = [1]
0x0FE00000,0x3FF80000,0x3C7C0000,0x003C0000,0x003E0000,0x003E0000,0x003E0000,0x003C0000,0x003C0000,0x007C0000,0x00F80000,0x01F00000,0x03E00000,0x07C00000,0x07800000,0x0F000000,0x1E000000,0x3E000000,0x3C000000,0x3FFE0000,0x3FFE0000,0x00000000,0x00000000,0x00000000,0x00000000,0x00000000, // Ascii = [2]
0x0FF00000,0x1FF80000,0x1C7C0000,0x003E0000,0x003E0000,0x003E0000,0x003C0000,0x003C0000,0x00F80000,0x0FF00000,0x0FF80000,0x007C0000,0x003E0000,0x001E0000,0x001E0000,0x001E0000,0x001E0000,0x003E0000,0x1C7C0000,0x1FF80000,0x1FE00000,0x00000000,0x00000000,0x00000000,0x00000000,0x00000000, // Ascii = [3]
0x00780000,0x00F80000,0x00F80000,0x01F80000,0x03F80000,0x07F80000,0x07F80000,0x0F780000,0x1E780000,0x1E780000,0x3C780000,0x78780000,0x78780000,0xFFFF0000,0xFFFF0000,0x00780000,0x00780000,0x00780000,0x00780000,0x00780000,0x00780000,0x00000000,0x00000000,0x00000000,0x00000000,0x00000000, // Ascii = [4]
0x1FFC0000,0x1FFC0000,0x1FFC0000,0x1E000000,0x1E000000,0x1E000000,0x1E000000,0x1E000000,0x1FE00000,0x1FF80000,0x00FC0000,0x007C0000,0x003E0000,0x003E0000,0x001E0000,0x003E0000,0x003E0000,0x003C0000,0x1C7C0000,0x1FF80000,0x1FE00000,0x00000000,0x00000000,0x00000000,0x00000000,0x00000000, // Ascii = [5]
0x01FC0000,0x07FE0000,0x0F8E0000,0x1F000000,0x1E000000,0x3E000000,0x3C000000,0x3C000000,0x3DF80000,0x3FFC0000,0x7F3E0000,0x7E1F0000,0x3C0F0000,0x3C0F0000,0x3C0F0000,0x3C0F0000,0x3E0F0000,0x1E1F0000,0x1F3E0000,0x0FFC0000,0x03F00000,0x00000000,0x00000000,0x00000000,0x00000000,0x00000000, // Ascii = [6]
0x3FFF0000,0x3FFF0000,0x3FFF0000,0x000F0000,0x001E0000,0x001E0000,0x003C0000,0x00380000,0x00780000,0x00F00000,0x00F00000,0x01E00000,0x01E00000,0x03C00000,0x03C00000,0x07800000,0x0F800000,0x0F800000,0x0F000000,0x1F000000,0x1F000000,0x00000000,0x00000000,0x00000000,0x00000000,0x00000000, // Ascii = [7]
0x07F80000,0x0FFC0000,0x1F3E0000,0x1E1E0000,0x3E1E0000,0x3E1E0000,0x1E1E0000,0x1F3C0000,0x0FF80000,0x07F00000,0x0FF80000,0x1EFC0000,0x3E3E0000,0x3C1F0000,0x7C1F0000,0x7C0F0000,0x7C0F0000,0x3C1F0000,0x3F3E0000,0x1FFC0000,0x07F00000,0x00000000,0x00000000,0x00000000,0x00000000,0x00000000, // Ascii = [8]
0x07F00000,0x0FF80000,0x1E7C0000,0x3C3E0000,0x3C1E0000,0x7C1F0000,0x7C1F0000,0x7C1F0000,0x7C1F0000,0x3C1F0000,0x3E3F0000,0x1FFF0000,0x07EF0000,0x001F0000,0x001E0000,0x001E0000,0x003E0000,0x003C0000,0x38F80000,0x3FF00000,0x1FE00000,0x00000000,0x00000000,0x00000000,0x00000000,0x00000000, // Ascii = [9]
0x00000000,0x00000000,0x00000000,0x00000000,0x00000000,0x00000000,0x03E00000,0x03E00000,0x03E00000,0x03E00000,0x00000000,0x00000000,0x00000000,0x00000000,0x00000000,0x00000000,0x00000000,0x03E00000,0x03E00000,0x03E00000,0x03E00000,0x00000000,0x00000000,0x00000000,0x00000000,0x00000000, // Ascii = [:]
0x00000000,0x00000000,0x00000000,0x00000000,0x00000000,0x00000000,0x03E00000,0x03E00000,0x03E00000,0x03E00000,0x00000000,0x00000000,0x00000000,0x00000000,0x00000000,0x00000000,0x00000000,0x03E00000,0x03E00000,0x03E00000,0x03E00000,0x01E00000,0x01E00000,0x01E00000,0x03C00000,0x03800000, // Ascii = [;]
0x00000000,0x00000000,0x00000000,0x00000000,0x00000000,0x00000000,0x00030000,0x000F0000,0x003F0000,0x00FC0000,0x03F00000,0x0FC00000,0x3F000000,0xFE000000,0x3F000000,0x0FC00000,0x03F00000,0x00FC0000,0x003F0000,0x000F0000,0x00030000,0x00000000,0x00000000,0x00000000,0x00000000,0x00000000, // Ascii = [<]
0x00000000,0x00000000,0x00000000,0x00000000,0x00000000,0x00000000,0x00000000,0x00000000,0x00000000,0x00000000,0xFFFF0000,0xFFFF0000,0x00000000,0x00000000,0x00000000,0xFFFF0000,0xFFFF0000,0x00000000,0x00000000,0x00000000,0x00000000,0x00000000,0x00000000,0x00000000,0x00000000,0x00000000, // Ascii = [=]
0x00000000,0x00000000,0x00000000,0x00000000,0x00000000,0x00000000,0xE0000000,0xF8000000,0x7E000000,0x1F800000,0x07E00000,0x01F80000,0x007E0000,0x001F0000,0x007E0000,0x01F80000,0x07E00000,0x1F800000,0x7E000000,0xF8000000,0xE0000000,0x00000000,0x00000000,0x00000000,0x00000000,0x00000000, // Ascii = [>]
0x1FF00000,0x3FFC0000,0x383E0000,0x381F0000,0x381F0000,0x001E0000,0x001E0000,0x003C0000,0x00780000,0x00F00000,0x01E00000,0x03C00000,0x03C00000,0x07C00000,0x07C00000,0x00000000,0x00000000,0x00000000,0x07C00000,0x07C00000,0x07C00000,0x00000000,0x00000000,0x00000000,0x00000000,0x00000000, // Ascii = [?]
0x03F80000,0x0FFE0000,0x1F1E0000,0x3E0F0000,0x3C7F0000,0x78FF0000,0x79EF0000,0x73C70000,0xF3C70000,0xF38F0000,0xF38F0000,0xF38F0000,0xF39F0000,0xF39F0000,0x73FF0000,0x7BFF0000,0x79F70000,0x3C000000,0x1F1C0000,0x0FFC0000,0x03F80000,0x00000000,0x00000000,0x00000000,0x00000000,0x00000000, // Ascii = [@]
0x00000000,0x00000000,0x00000000,0x03E00000,0x03E00000,0x07F00000,0x07F00000,0x07F00000,0x0F780000,0x0F780000,0x0E7C0000,0x1E3C0000,0x1E3C0000,0x3C3E0000,0x3FFE0000,0x3FFF0000,0x781F0000,0x780F0000,0xF00F0000,0xF0070000,0xF0070000,0x00000000,0x00000000,0x00000000,0x00000000,0x00000000, // Ascii = [A]
0x00000000,0x00000000,0x00000000,0x3FF80000,0x3FFC0000,0x3C3E0000,0x3C1E0000,0x3C1E0000,0x3C1E0000,0x3C3E0000,0x3C7C0000,0x3FF00000,0x3FF80000,0x3C7E0000,0x3C1F0000,0x3C1F0000,0x3C0F0000,0x3C0F0000,0x3C1F0000,0x3FFE0000,0x3FF80000,0x00000000,0x00000000,0x00000000,0x00000000,0x00000000, // Ascii = [B]
0x00000000,0x00000000,0x00000000,0x01FF0000,0x07FF0000,0x1F870000,0x3E000000,0x3C000000,0x7C000000,0x78000000,0x78000000,0x78000000,0x78000000,0x78000000,0x7C000000,0x7C000000,0x3E000000,0x3F000000,0x1F830000,0x07FF0000,0x01FF0000,0x00000000,0x00000000,0x00000000,0x00000000,0x00000000, // Ascii = [C]
0x00000000,0x00000000,0x00000000,0x7FF00000,0x7FFC0000,0x787E0000,0x781F0000,0x781F0000,0x780F0000,0x780F0000,0x780F0000,0x780F0000,0x780F0000,0x780F0000,0x780F0000,0x780F0000,0x781F0000,0x781E0000,0x787E0000,0x7FF80000,0x7FE00000,0x00000000,0x00000000,0x00000000,0x00000000,0x00000000, // Ascii = [D]
0x00000000,0x00000000,0x00000000,0x3FFF0000,0x3FFF0000,0x3E000000,0x3E000000,0x3E000000,0x3E000000,0x3E000000,0x3E000000,0x3FFE0000,0x3FFE0000,0x3E000000,0x3E000000,0x3E000000,0x3E000000,0x3E000000,0x3E000000,0x3FFF0000,0x3FFF0000,0x00000000,0x00000000,0x00000000,0x00000000,0x00000000, // Ascii = [E]
0x00000000,0x00000000,0x00000000,0x1FFF0000,0x1FFF0000,0x1E000000,0x1E000000,0x1E000000,0x1E000000,0x1E000000,0x1E000000,0x1FFF0000,0x1FFF0000,0x1E000000,0x1E000000,0x1E000000,0x1E000000,0x1E000000,0x1E000000,0x1E000000,0x1E000000,0x00000000,0x00000000,0x00000000,0x00000000,0x00000000, // Ascii = [F]
0x00000000,0x00000000,0x00000000,0x03FE0000,0x0FFF0000,0x1F870000,0x3E000000,0x7C000000,0x7C000000,0x78000000,0xF8000000,0xF8000000,0xF87F0000,0xF87F0000,0x780F0000,0x7C0F0000,0x7C0F0000,0x3E0F0000,0x1F8F0000,0x0FFF0000,0x03FE0000,0x00000000,0x00000000,0x00000000,0x00000000,0x00000000, // Ascii = [G]
0x00000000,0x00000000,0x00000000,0x7C1F0000,0x7C1F0000,0x7C1F0000,0x7C1F0000,0x7C1F0000,0x7C1F0000,0x7C1F0000,0x7C1F0000,0x7FFF0000,0x7FFF0000,0x7C1F0000,0x7C1F0000,0x7C1F0000,0x7C1F0000,0x7C1F0000,0x7C1F0000,0x7C1F0000,0x7C1F0000,0x00000000,0x00000000,0x00000000,0x00000000,0x00000000, // Ascii = [H]
0x00000000,0x00000000,0x00000000,0x3FFC0000,0x3FFC0000,0x03E00000,0x03E00000,0x03E00000,0x03E00000,0x03E00000,0x03E00000,0x03E00000,0x03E00000,0x03E00000,0x03E00000,0x03E00000,0x03E00000,0x03E00000,0x03E00000,0x3FFC0000,0x3FFC0000,0x00000000,0x00000000,0x00000000,0x00000000,0x00000000, // Ascii = [I]
0x00000000,0x00000000,0x00000000,0x1FFC0000,0x1FFC0000,0x007C0000,0x007C0000,0x007C0000,0x007C0000,0x007C0000,0x007C0000,0x007C0000,0x007C0000,0x007C0000,0x007C0000,0x007C0000,0x00780000,0x00780000,0x38F80000,0x3FF00000,0x3FC00000,0x00000000,0x00000000,0x00000000,0x00000000,0x00000000, // Ascii = [J]
0x00000000,0x00000000,0x00000000,0x3C1F0000,0x3C1E0000,0x3C3C0000,0x3C780000,0x3CF00000,0x3DE00000,0x3FE00000,0x3FC00000,0x3F800000,0x3FC00000,0x3FE00000,0x3DF00000,0x3CF00000,0x3C780000,0x3C7C0000,0x3C3E0000,0x3C1F0000,0x3C0F0000,0x00000000,0x00000000,0x00000000,0x00000000,0x00000000, // Ascii = [K]
0x00000000,0x00000000,0x00000000,0x3E000000,0x3E000000,0x3E000000,0x3E000000,0x3E000000,0x3E000000,0x3E000000,0x3E000000,0x3E000000,0x3E000000,0x3E000000,0x3E000000,0x3E000000,0x3E000000,0x3E000000,0x3E000000,0x3FFC0000,0x3FFC0000,0x00000000,0x00000000,0x00000000,0x00000000,0x00000000, // Ascii = [L]
0x00000000,0x00000000,0x00000000,0xF81F0000,0xFC1F0000,0xFC1F0000,0xFE3F0000,0xFE3F0000,0xFE3F0000,0xFF7F0000,0xFF770000,0xFF770000,0xF7F70000,0xF7E70000,0xF3E70000,0xF3E70000,0xF3C70000,0xF0070000,0xF0070000,0xF0070000,0xF0070000,0x00000000,0x00000000,0x00000000,0x00000000,0x00000000, // Ascii = [M]
0x00000000,0x00000000,0x00000000,0x7C0F0000,0x7C0F0000,0x7E0F0000,0x7F0F0000,0x7F0F0000,0x7F8F0000,0x7F8F0000,0x7FCF0000,0x7BEF0000,0x79EF0000,0x79FF0000,0x78FF0000,0x78FF0000,0x787F0000,0x783F0000,0x783F0000,0x781F0000,0x781F0000,0x00000000,0x00000000,0x00000000,0x00000000,0x00000000, // Ascii = [N]
0x00000000,0x00000000,0x00000000,0x07F00000,0x1FFC0000,0x3E3E0000,0x7C1F0000,0x780F0000,0x780F0000,0xF80F0000,0xF80F0000,0xF80F0000,0xF80F0000,0xF80F0000,0xF80F0000,0x780F0000,0x780F0000,0x7C1F0000,0x3E3E0000,0x1FFC0000,0x07F00000,0x00000000,0x00000000,0x00000000,0x00000000,0x00000000, // Ascii = [O]
0x00000000,0x00000000,0x00000000,0x3FFC0000,0x3FFF0000,0x3E1F0000,0x3E0F0000,0x3E0F0000,0x3E0F0000,0x3E0F0000,0x3E1F0000,0x3E3F0000,0x3FFC0000,0x3FF00000,0x3E000000,0x3E000000,0x3E000000,0x3E000000,0x3E000000,0x3E000000,0x3E000000,0x00000000,0x00000000,0x00000000,0x00000000,0x00000000, // Ascii = [P]
0x00000000,0x00000000,0x00000000,0x07F00000,0x1FFC0000,0x3E3E0000,0x7C1F0000,0x780F0000,0x780F0000,0xF80F0000,0xF80F0000,0xF80F0000,0xF80F0000,0xF80F0000,0xF80F0000,0x780F0000,0x780F0000,0x7C1F0000,0x3E3E0000,0x1FFC0000,0x07F80000,0x007C0000,0x003F0000,0x000F0000,0x00030000,0x00000000, // Ascii = [Q]
0x00000000,0x00000000,0x00000000,0x3FF00000,0x3FFC0000,0x3C7E0000,0x3C3E0000,0x3C1E0000,0x3C1E0000,0x3C3E0000,0x3C3C0000,0x3CFC0000,0x3FF00000,0x3FE00000,0x3DF00000,0x3CF80000,0x3C7C0000,0x3C3E0000,0x3C1E0000,0x3C1F0000,0x3C0F0000,0x00000000,0x00000000,0x00000000,0x00000000,0x00000000, // Ascii = [R]
0x00000000,0x00000000,0x00000000,0x07FC0000,0x1FFE0000,0x3E0E0000,0x3C000000,0x3C000000,0x3C000000,0x3E000000,0x1FC00000,0x0FF80000,0x03FE0000,0x007F0000,0x001F0000,0x000F0000,0x000F0000,0x201F0000,0x3C3E0000,0x3FFC0000,0x1FF00000,0x00000000,0x00000000,0x00000000,0x00000000,0x00000000, // Ascii = [S]
0x00000000,0x00000000,0x00000000,0xFFFF0000,0xFFFF0000,0x03E00000,0x03E00000,0x03E00000,0x03E00000,0x03E00000,0x03E00000,0x03E00000,0x03E00000,0x03E00000,0x03E00000,0x03E00000,0x03E00000,0x03E00000,0x03E00000,0x03E00000,0x03E00000,0x00000000,0x00000000,0x00000000,0x00000000,0x00000000, // Ascii = [T]
0x00000000,0x00000000,0x00000000,0x7C0F0000,0x7C0F0000,0x7C0F0000,0x7C0F0000,0x7C0F0000,0x7C0F0000,0x7C0F0000,0x7C0F0000,0x7C0F0000,0x7C0F0000,0x7C0F0000,0x7C0F0000,0x7C0F0000,0x3C1E0000,0x3C1E0000,0x3E3E0000,0x1FFC0000,0x07F00000,0x00000000,0x00000000,0x00000000,0x00000000,0x00000000, // Ascii = [U]
0x00000000,0x00000000,0x00000000,0xF0070000,0xF0070000,0xF8070000,0x780F0000,0x7C0F0000,0x3C1E0000,0x3C1E0000,0x3E1E0000,0x1E3C0000,0x1F3C0000,0x1F780000,0x0F780000,0x0FF80000,0x07F00000,0x07F00000,0x07F00000,0x03E00000,0x03E00000,0x00000000,0x00000000,0x00000000,0x00000000,0x00000000, // Ascii = [V]
0x00000000,0x00000000,0x00000000,0xE0030000,0xF0030000,0xF0030000,0xF0070000,0xF3E70000,0xF3E70000,0xF3E70000,0x73E70000,0x7BF70000,0x7FF70000,0x7FFF0000,0x7F7F0000,0x7F7F0000,0x7F7E0000,0x3F7E0000,0x3E3E0000,0x3E3E0000,0x3E3E0000,0x00000000,0x00000000,0x00000000,0x00000000,0x00000000, // Ascii = [W]
0x00000000,0x00000000,0x00000000,0xF8070000,0x7C0F0000,0x3E1E0000,0x3E3E0000,0x1F3C0000,0x0FF80000,0x07F00000,0x07E00000,0x03E00000,0x03E00000,0x07F00000,0x0FF80000,0x0F7C0000,0x1E7C0000,0x3C3E0000,0x781F0000,0x780F0000,0xF00F0000,0x00000000,0x00000000,0x00000000,0x00000000,0x00000000, // Ascii = [X]
0x00000000,0x00000000,0x00000000,0xF8070000,0x78070000,0x7C0F0000,0x3C1E0000,0x3E1E0000,0x1F3C0000,0x0F780000,0x0FF80000,0x07F00000,0x03E00000,0x03E00000,0x03E00000,0x03E00000,0x03E00000,0x03E00000,0x03E00000,0x03E00000,0x03E00000,0x00000000,0x00000000,0x00000000,0x00000000,0x00000000, // Ascii = [Y]
0x00000000,0x00000000,0x00000000,0x7FFF0000,0x7FFF0000,0x000F0000,0x001F0000,0x003E0000,0x007C0000,0x00F80000,0x00F00000,0x01E00000,0x03E00000,0x07C00000,0x0F800000,0x0F000000,0x1E000000,0x3E000000,0x7C000000,0x7FFF0000,0x7FFF0000,0x00000000,0x00000000,0x00000000,0x00000000,0x00000000, // Ascii = [Z]
0x07FF0000,0x07800000,0x07800000,0x07800000,0x07800000,0x07800000,0x07800000,0x07800000,0x07800000,0x07800000,0x07800000,0x07800000,0x07800000,0x07800000,0x07800000,0x07800000,0x07800000,0x07800000,0x07800000,0x07800000,0x07800000,0x07800000,0x07800000,0x07FF0000,0x07FF0000,0x00000000, // Ascii = [[]
0x78000000,0x78000000,0x3C000000,0x3C000000,0x1E000000,0x1E000000,0x0F000000,0x0F000000,0x07800000,0x07800000,0x03C00000,0x03C00000,0x01E00000,0x01E00000,0x00F00000,0x00F00000,0x00780000,0x00780000,0x003C0000,0x003C0000,0x001E0000,0x001E0000,0x000F0000,0x000F0000,0x00070000,0x00000000, // Ascii = [\]
0x7FF00000,0x00F00000,0x00F00000,0x00F00000,0x00F00000,0x00F00000,0x00F00000,0x00F00000,0x00F00000,0x00F00000,0x00F00000,0x00F00000,0x00F00000,0x00F00000,0x00F00000,0x00F00000,0x00F00000,0x00F00000,0x00F00000,0x00F00000,0x00F00000,0x00F00000,0x00F00000,0x7FF00000,0x7FF00000,0x00000000, // Ascii = []]
0x00C00000,0x01C00000,0x01C00000,0x03E00000,0x03E00000,0x07F00000,0x07F00000,0x07780000,0x0F780000,0x0F380000,0x1E3C0000,0x1E3C0000,0x3C1E0000,0x3C1E0000,0x380F0000,0x780F0000,0x78070000,0x00000000,0x00000000,0x00000000,0x00000000,0x00000000,0x00000000,0x00000000,0x00000000,0x00000000, // Ascii = [^]
0x00000000,0x00000000,0x00000000,0x00000000,0x00000000,0x00000000,0x00000000,0x00000000,0x00000000,0x00000000,0x00000000,0x00000000,0x00000000,0x00000000,0x00000000,0x00000000,0x00000000,0x00000000,0x00000000,0x00000000,0x00000000,0xFFFF0000,0xFFFF0000,0x00000000,0x00000000,0x00000000, // Ascii = [_]
0x00F00000,0x00000000,0x00000000,0x00000000,0x00000000,0x00000000,0x00000000,0x00000000,0x00000000,0x00000000,0x00000000,0x00000000,0x00000000,0x00000000,0x00000000,0x00000000,0x00000000,0x00000000,0x00000000,0x00000000,0x00000000,0x00000000,0x00000000,0x00000000,0x00000000,0x00000000, // Ascii = [`]
0x00000000,0x00000000,0x00000000,0x00000000,0x00000000,0x00000000,0x0FF80000,0x3FFC0000,0x3C7C0000,0x003E0000,0x003E0000,0x003E0000,0x07FE0000,0x1FFE0000,0x3E3E0000,0x7C3E0000,0x783E0000,0x7C3E0000,0x7C7E0000,0x3FFF0000,0x1FCF0000,0x00000000,0x00000000,0x00000000,0x00000000,0x00000000, // Ascii = [a]
0x3C000000,0x3C000000,0x3C000000,0x3C000000,0x3C000000,0x3C000000,0x3DF80000,0x3FFE0000,0x3F3E0000,0x3E1F0000,0x3C0F0000,0x3C0F0000,0x3C0F0000,0x3C0F0000,0x3C0F0000,0x3C0F0000,0x3C1F0000,0x3C1E0000,0x3F3E0000,0x3FFC0000,0x3BF00000,0x00000000,0x00000000,0x00000000,0x00000000,0x00000000, // Ascii = [b]
0x00000000,0x00000000,0x00000000,0x00000000,0x00000000,0x00000000,0x03FE0000,0x0FFF0000,0x1F870000,0x3E000000,0x3E000000,0x3C000000,0x7C000000,0x7C000000,0x7C000000,0x3C000000,0x3E000000,0x3E000000,0x1F870000,0x0FFF0000,0x03FE0000,0x00000000,0x00000000,0x00000000,0x00000000,0x00000000, // Ascii = [c]
0x001F0000,0x001F0000,0x001F0000,0x001F0000,0x001F0000,0x001F0000,0x07FF0000,0x1FFF0000,0x3E3F0000,0x3C1F0000,0x7C1F0000,0x7C1F0000,0x7C1F0000,0x781F0000,0x781F0000,0x7C1F0000,0x7C1F0000,0x3C3F0000,0x3E7F0000,0x1FFF0000,0x0FDF0000,0x00000000,0x00000000,0x00000000,0x00000000,0x00000000, // Ascii = [d]
0x00000000,0x00000000,0x00000000,0x00000000,0x00000000,0x00000000,0x03F80000,0x0FFC0000,0x1F3E0000,0x3E1E0000,0x3C1F0000,0x7C1F0000,0x7FFF0000,0x7FFF0000,0x7C000000,0x7C000000,0x3C000000,0x3E000000,0x1F070000,0x0FFF0000,0x03FE0000,0x00000000,0x00000000,0x00000000,0x00000000,0x00000000, // Ascii = [e]
0x01FF0000,0x03E10000,0x03C00000,0x07C00000,0x07C00000,0x07C00000,0x7FFF0000,0x7FFF0000,0x07C00000,0x07C00000,0x07C00000,0x07C00000,0x07C00000,0x07C00000,0x07C00000,0x07C00000,0x07C00000,0x07C00000,0x07C00000,0x07C00000,0x07C00000,0x00000000,0x00000000,0x00000000,0x00000000,0x00000000, // Ascii = [f]
0x00000000,0x00000000,0x00000000,0x00000000,0x00000000,0x00000000,0x07EF0000,0x1FFF0000,0x3E7F0000,0x3C1F0000,0x7C1F0000,0x7C1F0000,0x781F0000,0x781F0000,0x781F0000,0x7C1F0000,0x7C1F0000,0x3C3F0000,0x3E7F0000,0x1FFF0000,0x0FDF0000,0x001E0000,0x001E0000,0x001E0000,0x387C0000,0x3FF80000, // Ascii = [g]
0x3C000000,0x3C000000,0x3C000000,0x3C000000,0x3C000000,0x3C000000,0x3DFC0000,0x3FFE0000,0x3F9E0000,0x3F1F0000,0x3E1F0000,0x3C1F0000,0x3C1F0000,0x3C1F0000,0x3C1F0000,0x3C1F0000,0x3C1F0000,0x3C1F0000,0x3C1F0000,0x3C1F0000,0x3C1F0000,0x00000000,0x00000000,0x00000000,0x00000000,0x00000000, // Ascii = [h]
0x01F00000,0x01F00000,0x00000000,0x00000000,0x00000000,0x00000000,0x7FE00000,0x7FE00000,0x01E00000,0x01E00000,0x01E00000,0x01E00000,0x01E00000,0x01E00000,0x01E00000,0x01E00000,0x01E00000,0x01E00000,0x01E00000,0x01E00000,0x01E00000,0x00000000,0x00000000,0x00000000,0x00000000,0x00000000, // Ascii = [i]
0x00F80000,0x00F80000,0x00000000,0x00000000,0x00000000,0x00000000,0x3FF80000,0x3FF80000,0x00F80000,0x00F80000,0x00F80000,0x00F80000,0x00F80000,0x00F80000,0x00F80000,0x00F80000,0x00F80000,0x00F80000,0x00F80000,0x00F80000,0x00F80000,0x00F80000,0x00F80000,0x00F00000,0x71F00000,0x7FE00000, // Ascii = [j]
0x3C000000,0x3C000000,0x3C000000,0x3C000000,0x3C000000,0x3C000000,0x3C1F0000,0x3C3E0000,0x3C7C0000,0x3CF80000,0x3DF00000,0x3DE00000,0x3FC00000,0x3FC00000,0x3FE00000,0x3DF00000,0x3CF80000,0x3C7C0000,0x3C3E0000,0x3C1F0000,0x3C1F0000,0x00000000,0x00000000,0x00000000,0x00000000,0x00000000, // Ascii = [k]
0x7FF00000,0x01F00000,0x01F00000,0x01F00000,0x01F00000,0x01F00000,0x01F00000,0x01F00000,0x01F00000,0x01F00000,0x01F00000,0x01F00000,0x01F00000,0x01F00000,0x01F00000,0x01F00000,0x01F00000,0x01F00000,0x01F00000,0x01F00000,0x01F00000,0x00000000,0x00000000,0x00000000,0x00000000,0x00000000, // Ascii = [l]
0x00000000,0x00000000,0x00000000,0x00000000,0x00000000,0x00000000,0xF79E0000,0xFFFF0000,0xFFFF0000,0xFFFF0000,0xFBE70000,0xF9E70000,0xF1C70000,0xF1C70000,0xF1C70000,0xF1C70000,0xF1C70000,0xF1C70000,0xF1C70000,0xF1C70000,0xF1C70000,0x00000000,0x00000000,0x00000000,0x00000000,0x00000000, // Ascii = [m]
0x00000000,0x00000000,0x00000000,0x00000000,0x00000000,0x00000000,0x3DFC0000,0x3FFE0000,0x3F9E0000,0x3F1F0000,0x3E1F0000,0x3C1F0000,0x3C1F0000,0x3C1F0000,0x3C1F0000,0x3C1F0000,0x3C1F0000,0x3C1F0000,0x3C1F0000,0x3C1F0000,0x3C1F0000,0x00000000,0x00000000,0x00000000,0x00000000,0x00000000, // Ascii = [n]
0x00000000,0x00000000,0x00000000,0x00000000,0x00000000,0x00000000,0x07F00000,0x1FFC0000,0x3E3E0000,0x3C1F0000,0x7C1F0000,0x780F0000,0x780F0000,0x780F0000,0x780F0000,0x780F0000,0x7C1F0000,0x3C1F0000,0x3E3E0000,0x1FFC0000,0x07F00000,0x00000000,0x00000000,0x00000000,0x00000000,0x00000000, // Ascii = [o]
0x00000000,0x00000000,0x00000000,0x00000000,0x00000000,0x00000000,0x3DF80000,0x3FFE0000,0x3F3E0000,0x3E1F0000,0x3C0F0000,0x3C0F0000,0x3C0F0000,0x3C0F0000,0x3C0F0000,0x3C0F0000,0x3C1F0000,0x3E1E0000,0x3F3E0000,0x3FFC0000,0x3FF80000,0x3C000000,0x3C000000,0x3C000000,0x3C000000,0x3C000000, // Ascii = [p]
0x00000000,0x00000000,0x00000000,0x00000000,0x00000000,0x00000000,0x07EE0000,0x1FFE0000,0x3E7E0000,0x3C1E0000,0x7C1E0000,0x781E0000,0x781E0000,0x781E0000,0x781E0000,0x781E0000,0x7C1E0000,0x7C3E0000,0x3E7E0000,0x1FFE0000,0x0FDE0000,0x001E0000,0x001E0000,0x001E0000,0x001E0000,0x001E0000, // Ascii = [q]
0x00000000,0x00000000,0x00000000,0x00000000,0x00000000,0x00000000,0x1F7F0000,0x1FFF0000,0x1FE70000,0x1FC70000,0x1F870000,0x1F000000,0x1F000000,0x1F000000,0x1F000000,0x1F000000,0x1F000000,0x1F000000,0x1F000000,0x1F000000,0x1F000000,0x00000000,0x00000000,0x00000000,0x00000000,0x00000000, // Ascii = [r]
0x00000000,0x00000000,0x00000000,0x00000000,0x00000000,0x00000000,0x07FC0000,0x1FFE0000,0x1E0E0000,0x3E000000,0x3E000000,0x3F000000,0x1FE00000,0x07FC0000,0x00FE0000,0x003E0000,0x001E0000,0x001E0000,0x3C3E0000,0x3FFC0000,0x1FF00000,0x00000000,0x00000000,0x00000000,0x00000000,0x00000000, // Ascii = [s]
0x00000000,0x00000000,0x00000000,0x07800000,0x07800000,0x07800000,0x7FFF0000,0x7FFF0000,0x07800000,0x07800000,0x07800000,0x07800000,0x07800000,0x07800000,0x07800000,0x07800000,0x07800000,0x07800000,0x07C00000,0x03FF0000,0x01FF0000,0x00000000,0x00000000,0x00000000,0x00000000,0x00000000, // Ascii = [t]
0x00000000,0x00000000,0x00000000,0x00000000,0x00000000,0x00000000,0x3C1E0000,0x3C1E0000,0x3C1E0000,0x3C1E0000,0x3C1E0000,0x3C1E0000,0x3C1E0000,0x3C1E0000,0x3C1E0000,0x3C1E0000,0x3C3E0000,0x3C7E0000,0x3EFE0000,0x1FFE0000,0x0FDE0000,0x00000000,0x00000000,0x00000000,0x00000000,0x00000000, // Ascii = [u]
0x00000000,0x00000000,0x00000000,0x00000000,0x00000000,0x00000000,0xF0070000,0x780F0000,0x780F0000,0x3C1E0000,0x3C1E0000,0x3E1E0000,0x1E3C0000,0x1E3C0000,0x0F780000,0x0F780000,0x0FF00000,0x07F00000,0x07F00000,0x03E00000,0x03E00000,0x00000000,0x00000000,0x00000000,0x00000000,0x00000000, // Ascii = [v]
0x00000000,0x00000000,0x00000000,0x00000000,0x00000000,0x00000000,0xF0030000,0xF1E30000,0xF3E30000,0xF3E70000,0xF3F70000,0xF3F70000,0x7FF70000,0x7F770000,0x7F7F0000,0x7F7F0000,0x7F7F0000,0x3E3E0000,0x3E3E0000,0x3E3E0000,0x3E3E0000,0x00000000,0x00000000,0x00000000,0x00000000,0x00000000, // Ascii = [w]
0x00000000,0x00000000,0x00000000,0x00000000,0x00000000,0x00000000,0x7C0F0000,0x3E1E0000,0x3E3C0000,0x1F3C0000,0x0FF80000,0x07F00000,0x07F00000,0x03E00000,0x07F00000,0x07F80000,0x0FF80000,0x1E7C0000,0x3E3E0000,0x3C1F0000,0x781F0000,0x00000000,0x00000000,0x00000000,0x00000000,0x00000000, // Ascii = [x]
0x00000000,0x00000000,0x00000000,0x00000000,0x00000000,0x00000000,0xF8070000,0x780F0000,0x7C0F0000,0x3C1E0000,0x3C1E0000,0x1E3C0000,0x1E3C0000,0x1F3C0000,0x0F780000,0x0FF80000,0x07F00000,0x07F00000,0x03E00000,0x03E00000,0x03C00000,0x03C00000,0x03C00000,0x07800000,0x0F800000,0x7F000000, // Ascii = [y]
0x00000000,0x00000000,0x00000000,0x00000000,0x00000000,0x00000000,0x3FFF0000,0x3FFF0000,0x001F0000,0x003E0000,0x007C0000,0x00F80000,0x01F00000,0x03E00000,0x07C00000,0x0F800000,0x1F000000,0x1E000000,0x3C000000,0x7FFF0000,0x7FFF0000,0x00000000,0x00000000,0x00000000,0x00000000,0x00000000, // Ascii = [z]
0x01FE0000,0x03E00000,0x03C00000,0x03C00000,0x03C00000,0x03C00000,0x01E00000,0x01E00000,0x01E00000,0x01C00000,0x03C00000,0x3F800000,0x3F800000,0x03C00000,0x01C00000,0x01E00000,0x01E00000,0x01E00000,0x03C00000,0x03C00000,0x03C00000,0x03C00000,0x03E00000,0x01FE0000,0x007E0000,0x00000000, // Ascii = [{]
0x01C00000,0x01C00000,0x01C00000,0x01C00000,0x01C00000,0x01C00000,0x01C00000,0x01C00000,0x01C00000,0x01C00000,0x01C00000,0x01C00000,0x01C00000,0x01C00000,0x01C00000,0x01C00000,0x01C00000,0x01C00000,0x01C00000,0x01C00000,0x01C00000,0x01C00000,0x01C00000,0x01C00000,0x01C00000,0x00000000, // Ascii = [|]
0x3FC00000,0x03E00000,0x01E00000,0x01E00000,0x01E00000,0x01E00000,0x01C00000,0x03C00000,0x03C00000,0x01C00000,0x01E00000,0x00FE0000,0x00FE0000,0x01E00000,0x01C00000,0x03C00000,0x03C00000,0x01C00000,0x01E00000,0x01E00000,0x01E00000,0x01E00000,0x03E00000,0x3FC00000,0x3F000000,0x00000000, // Ascii = [}]
0x00000000,0x00000000,0x00000000,0x00000000,0x00000000,0x00000000,0x00000000,0x00000000,0x00000000,0x00000000,0x00000000,0x3F070000,0x7FC70000,0x73E70000,0xF1FF0000,0xF07E0000,0x00000000,0x00000000,0x00000000,0x00000000,0x00000000,0x00000000,0x00000000,0x00000000,0x00000000,0x00000000, // Ascii = [~]
};
#endif
#ifdef SSD1306_INCLUDE_FONT_6x8
static const uint32_t Font6x8 [] = {
0x00000000, 0x00000000, 0x00000000, 0x00000000, 0x00000000, 0x00000000, 0x00000000, 0x00000000,  // sp
0x20000000, 0x20000000, 0x20000000, 0x20000000, 0x20000000, 0x00000000, 0x20000000, 0x00000000,  // !
0x50000000, 0x50000000, 0x50000000, 0x00000000, 0x00000000, 0x00000000, 0x00000000, 0x00000000,  // "
0x50000000, 0x50000000, 0xF8000000, 0x50000000, 0xF8000000, 0x50000000, 0x50000000, 0x00000000,  // #
0x20000000, 0x78000000, 0xA0000000, 0x70000000, 0x28000000, 0xF0000000, 0x20000000, 0x00000000,  // $
0xC0000000, 0xC8000000, 0x10000000, 0x20000000, 0x40000000, 0x98000000, 0x18000000, 0x00000000,  // %
0x40000000, 0xA0000000, 0xA0000000, 0x40000000, 0xA8000000, 0x90000000, 0x68000000, 0x00000000,  // &
0x30000000, 0x30000000, 0x20000000, 0x40000000, 0x00000000, 0x00000000, 0x00000000, 0x00000000,  // '
0x10000000, 0x20000000, 0x40000000, 0x40000000, 0x40000000, 0x20000000, 0x10000000, 0x00000000,  // (
0x40000000, 0x20000000, 0x10000000, 0x10000000, 0x10000000, 0x20000000, 0x40000000, 0x00000000,  // )
0x20000000, 0xA8000000, 0x70000000, 0xF8000000, 0x70000000, 0xA8000000, 0x20000000, 0x00000000,  // *
0x00000000, 0x20000000, 0x20000000, 0xF8000000, 0x20000000, 0x20000000, 0x00000000, 0x00000000,  // +
0x00000000, 0x00000000, 0x00000000, 0x00000000, 0x30000000, 0x30000000, 0x20000000, 0x00000000,  // ,
0x00000000, 0x00000000, 0x00000000, 0xF8000000, 0x00000000, 0x00000000, 0x00000000, 0x00000000,  // -
0x00000000, 0x00000000, 0x00000000, 0x00000000, 0x00000000, 0x30000000, 0x30000000, 0x00000000,  // .
0x00000000, 0x08000000, 0x10000000, 0x20000000, 0x40000000, 0x80000000, 0x00000000, 0x00000000,  // /
0x70000000, 0x88000000, 0x98000000, 0xA8000000, 0xC8000000, 0x88000000, 0x70000000, 0x00000000,  // 0
0x20000000, 0x60000000, 0x20000000, 0x20000000, 0x20000000, 0x20000000, 0x70000000, 0x00000000,  // 1
0x70000000, 0x88000000, 0x08000000, 0x70000000, 0x80000000, 0x80000000, 0xF8000000, 0x00000000,  // 2
0xF8000000, 0x08000000, 0x10000000, 0x30000000, 0x08000000, 0x88000000, 0x70000000, 0x00000000,  // 3
0x10000000, 0x30000000, 0x50000000, 0x90000000, 0xF8000000, 0x10000000, 0x10000000, 0x00000000,  // 4
0xF8000000, 0x80000000, 0xF0000000, 0x08000000, 0x08000000, 0x88000000, 0x70000000, 0x00000000,  // 5
0x38000000, 0x40000000, 0x80000000, 0xF0000000, 0x88000000, 0x88000000, 0x70000000, 0x00000000,  // 6
0xF8000000, 0x08000000, 0x08000000, 0x10000000, 0x20000000, 0x40000000, 0x80000000, 0x00000000,  // 7
0x70000000, 0x88000000, 0x88000000, 0x70000000, 0x88000000, 0x88000000, 0x70000000, 0x00000000,  // 8
0x70000000, 0x88000000, 0x88000000, 0x78000000, 0x08000000, 0x10000000, 0xE0000000, 0x00000000,  // 9
0x00000000, 0x00000000, 0x20000000, 0x00000000, 0x20000000, 0x00000000, 0x00000000, 0x00000000,  // :
0x00000000, 0x00000000, 0x20000000, 0x00000000, 0x20000000, 0x20000000, 0x40000000, 0x00000000,  // ;
0x08000000, 0x10000000, 0x20000000, 0x40000000, 0x20000000, 0x10000000, 0x08000000, 0x00000000,  // <
0x00000000, 0x00000000, 0xF8000000, 0x00000000, 0xF8000000, 0x00000000, 0x00000000, 0x00000000,  // =
0x40000000, 0x20000000, 0x10000000, 0x08000000, 0x10000000, 0x20000000, 0x40000000, 0x00000000,  // >
0x70000000, 0x88000000, 0x08000000, 0x30000000, 0x20000000, 0x00000000, 0x20000000, 0x00000000,  // ?
0x70000000, 0x88000000, 0xA8000000, 0xB8000000, 0xB0000000, 0x80000000, 0x78000000, 0x00000000,  // @
0x20000000, 0x50000000, 0x88000000, 0x88000000, 0xF8000000, 0x88000000, 0x88000000, 0x00000000,  // A
0xF0000000, 0x88000000, 0x88000000, 0xF0000000, 0x88000000, 0x88000000, 0xF0000000, 0x00000000,  // B
0x70000000, 0x88000000, 0x80000000, 0x80000000, 0x80000000, 0x88000000, 0x70000000, 0x00000000,  // C
0xF0000000, 0x88000000, 0x88000000, 0x88000000, 0x88000000, 0x88000000, 0xF0000000, 0x00000000,  // D
0xF8000000, 0x80000000, 0x80000000, 0xF0000000, 0x80000000, 0x80000000, 0xF8000000, 0x00000000,  // E
0xF8000000, 0x80000000, 0x80000000, 0xF0000000, 0x80000000, 0x80000000, 0x80000000, 0x00000000,  // F
0x78000000, 0x88000000, 0x80000000, 0x80000000, 0x98000000, 0x88000000, 0x78000000, 0x00000000,  // G
0x88000000, 0x88000000, 0x88000000, 0xF8000000, 0x88000000, 0x88000000, 0x88000000, 0x00000000,  // H
0x70000000, 0x20000000, 0x20000000, 0x20000000, 0x20000000, 0x20000000, 0x70000000, 0x00000000,  // I
0x38000000, 0x10000000, 0x10000000, 0x10000000, 0x10000000, 0x90000000, 0x60000000, 0x00000000,  // J
0x88000000, 0x90000000, 0xA0000000, 0xC0000000, 0xA0000000, 0x90000000, 0x88000000, 0x00000000,  // K
0x80000000, 0x80000000, 0x80000000, 0x80000000, 0x80000000, 0x80000000, 0xF8000000, 0x00000000,  // L
0x88000000, 0xD8000000, 0xA8000000, 0xA8000000, 0xA8000000, 0x88000000, 0x88000000, 0x00000000,  // M
0x88000000, 0x88000000, 0xC8000000, 0xA8000000, 0x98000000, 0x88000000, 0x88000000, 0x00000000,  // N
0x70000000, 0x88000000, 0x88000000, 0x88000000, 0x88000000, 0x88000000, 0x70000000, 0x00000000,  // O
0xF0000000, 0x88000000, 0x88000000, 0xF0000000, 0x80000000, 0x80000000, 0x80000000, 0x00000000,  // P
0x70000000, 0x88000000, 0x88000000, 0x88000000, 0xA8000000, 0x90000000, 0x68000000, 0x00000000,  // Q
0xF0000000, 0x88000000, 0x88000000, 0xF0000000, 0xA0000000, 0x90000000, 0x88000000, 0x00000000,  // R
0x70000000, 0x88000000, 0x80000000, 0x70000000, 0x08000000, 0x88000000, 0x70000000, 0x00000000,  // S
0xF8000000, 0xA8000000, 0x20000000, 0x20000000, 0x20000000, 0x20000000, 0x20000000, 0x00000000,  // T
0x88000000, 0x88000000, 0x88000000, 0x88000000, 0x88000000, 0x88000000, 0x70000000, 0x00000000,  // U
0x88000000, 0x88000000, 0x88000000, 0x88000000, 0x88000000, 0x50000000, 0x20000000, 0x00000000,  // V
0x88000000, 0x88000000, 0x88000000, 0xA8000000, 0xA8000000, 0xA8000000, 0x50000000, 0x00000000,  // W
0x88000000, 0x88000000, 0x50000000, 0x20000000, 0x50000000, 0x88000000, 0x88000000, 0x00000000,  // X
0x88000000, 0x88000000, 0x50000000, 0x20000000, 0x20000000, 0x20000000, 0x20000000, 0x00000000,  // Y
0xF8000000, 0x08000000, 0x10000000, 0x70000000, 0x40000000, 0x80000000, 0xF8000000, 0x00000000,  // Z
0x78000000, 0x40000000, 0x40000000, 0x40000000, 0x40000000, 0x40000000, 0x78000000, 0x00000000,  // [
0x00000000, 0x80000000, 0x40000000, 0x20000000, 0x10000000, 0x08000000, 0x00000000, 0x00000000,  /* \ */
0x78000000, 0x08000000, 0x08000000, 0x08000000, 0x08000000, 0x08000000, 0x78000000, 0x00000000,  // ]
0x20000000, 0x50000000, 0x88000000, 0x00000000, 0x00000000, 0x00000000, 0x00000000, 0x00000000,  // ^
0x00000000, 0x00000000, 0x00000000, 0x00000000, 0x00000000, 0x00000000, 0xF8000000, 0x00000000,  // _
0x60000000, 0x60000000, 0x20000000, 0x10000000, 0x00000000, 0x00000000, 0x00000000, 0x00000000,  // `
0x00000000, 0x00000000, 0x60000000, 0x10000000, 0x70000000, 0x90000000, 0x78000000, 0x00000000,  // a
0x80000000, 0x80000000, 0xB0000000, 0xC8000000, 0x88000000, 0xC8000000, 0xB0000000, 0x00000000,  // b
0x00000000, 0x00000000, 0x70000000, 0x88000000, 0x80000000, 0x88000000, 0x70000000, 0x00000000,  // c
0x08000000, 0x08000000, 0x68000000, 0x98000000, 0x88000000, 0x98000000, 0x68000000, 0x00000000,  // d
0x00000000, 0x00000000, 0x70000000, 0x88000000, 0xF8000000, 0x80000000, 0x70000000, 0x00000000,  // e
0x10000000, 0x28000000, 0x20000000, 0x70000000, 0x20000000, 0x20000000, 0x20000000, 0x00000000,  // f
0x00000000, 0x00000000, 0x70000000, 0x98000000, 0x98000000, 0x68000000, 0x08000000, 0x00000000,  // g
0x80000000, 0x80000000, 0xB0000000, 0xC8000000, 0x88000000, 0x88000000, 0x88000000, 0x00000000,  // h
0x20000000, 0x00000000, 0x60000000, 0x20000000, 0x20000000, 0x20000000, 0x70000000, 0x00000000,  // i
0x10000000, 0x00000000, 0x10000000, 0x10000000, 0x10000000, 0x90000000, 0x60000000, 0x00000000,  // j
0x80000000, 0x80000000, 0x90000000, 0xA0000000, 0xC0000000, 0xA0000000, 0x90000000, 0x00000000,  // k
0x60000000, 0x20000000, 0x20000000, 0x20000000, 0x20000000, 0x20000000, 0x70000000, 0x00000000,  // l
0x00000000, 0x00000000, 0xD0000000, 0xA8000000, 0xA8000000, 0xA8000000, 0xA8000000, 0x00000000,  // m
0x00000000, 0x00000000, 0xB0000000, 0xC8000000, 0x88000000, 0x88000000, 0x88000000, 0x00000000,  // n
0x00000000, 0x00000000, 0x70000000, 0x88000000, 0x88000000, 0x88000000, 0x70000000, 0x00000000,  // o
0x00000000, 0x00000000, 0xB0000000, 0xC8000000, 0xC8000000, 0xB0000000, 0x80000000, 0x00000000,  // p
0x00000000, 0x00000000, 0x68000000, 0x98000000, 0x98000000, 0x68000000, 0x08000000, 0x00000000,  // q
0x00000000, 0x00000000, 0xB0000000, 0xC8000000, 0x80000000, 0x80000000, 0x80000000, 0x00000000,  // r
0x00000000, 0x00000000, 0x78000000, 0x80000000, 0x70000000, 0x08000000, 0xF0000000, 0x00000000,  // s
0x20000000, 0x20000000, 0xF8000000, 0x20000000, 0x20000000, 0x28000000, 0x10000000, 0x00000000,  // t
0x00000000, 0x00000000, 0x88000000, 0x88000000, 0x88000000, 0x98000000, 0x68000000, 0x00000000,  // u
0x00000000, 0x00000000, 0x88000000, 0x88000000, 0x88000000, 0x50000000, 0x20000000, 0x00000000,  // v
0x00000000, 0x00000000, 0x88000000, 0x88000000, 0xA8000000, 0xA8000000, 0x50000000, 0x00000000,  // w
0x00000000, 0x00000000, 0x88000000, 0x50000000, 0x20000000, 0x50000000, 0x88000000, 0x00000000,  // x
0x00000000, 0x00000000, 0x88000000, 0x88000000, 0x78000000, 0x08000000, 0x88000000, 0x00000000,  // y
0x00000000, 0x00000000, 0xF8000000, 0x10000000, 0x20000000, 0x40000000, 0xF8000000, 0x00000000,  // z
0x10000000, 0x20000000, 0x20000000, 0x40000000, 0x20000000, 0x20000000, 0x10000000, 0x00000000,  // {
0x20000000, 0x20000000, 0x20000000, 0x00000000, 0x20000000, 0x20000000, 0x20000000, 0x00000000,  // |
0x40000000, 0x20000000, 0x20000000, 0x10000000, 0x20000000, 0x20000000, 0x40000000, 0x00000000,  // }
0x40000000, 0xA8000000, 0x10000000, 0x00000000, 0x00000000, 0x00000000, 0x00000000, 0x00000000,  // ~
};
#endif

/* see ./examples/custom-fonts/ */
#ifdef SSD1306_INCLUDE_FONT_16x24
static const uint32_t Font16x24 [] = {
/* -- <- these are comments and symbol separators */
/* -- */
/* -- This file was created manually by looking at: */
/* -- https://fontstruct.com/fontstructions/show/1724841/hd44780-5x8 */
/* -- */
/* -- space -- */
0x00000000, 0x00000000, 0x00000000, 0x00000000, 0x00000000, 0x00000000, 0x00000000, 0x00000000, 0x00000000, 0x00000000, 0x00000000, 0x00000000, 0x00000000, 0x00000000, 0x00000000, 0x00000000, 0x00000000, 0x00000000, 0x00000000, 0x00000000, 0x00000000, 0x00000000, 0x00000000, 0x00000000,
/* -- ! -- */
0x03800000, 0x03800000, 0x03800000, 0x03800000, 0x03800000, 0x03800000, 0x03800000, 0x03800000, 0x03800000, 0x03800000, 0x03800000, 0x03800000, 0x00000000, 0x00000000, 0x00000000, 0x00000000, 0x00000000, 0x00000000, 0x03800000, 0x03800000, 0x03800000, 0x00000000, 0x00000000, 0x00000000,
/* -- " -- */
0x1C700000, 0x1C700000, 0x1C700000, 0x1C700000, 0x1C700000, 0x1C700000, 0x1C700000, 0x1C700000, 0x1C700000, 0x00000000, 0x00000000, 0x00000000, 0x00000000, 0x00000000, 0x00000000, 0x00000000, 0x00000000, 0x00000000, 0x00000000, 0x00000000, 0x00000000, 0x00000000, 0x00000000, 0x00000000,
/* -- # -- */
0x1C700000, 0x1C700000, 0x1C700000, 0x1C700000, 0x1C700000, 0x1C700000, 0xFFFE0000, 0xFFFE0000, 0xFFFE0000, 0x1C700000, 0x1C700000, 0x1C700000, 0xFFFE0000, 0xFFFE0000, 0xFFFE0000, 0x1C700000, 0x1C700000, 0x1C700000, 0x1C700000, 0x1C700000, 0x1C700000, 0x00000000, 0x00000000, 0x00000000,
/* -- $ -- */
0x03800000, 0x03800000, 0x03800000, 0x1FFE0000, 0x1FFE0000, 0x1FFE0000, 0xE3800000, 0xE3800000, 0xE3800000, 0x1FF00000, 0x1FF00000, 0x1FF00000, 0x038E0000, 0x038E0000, 0x038E0000, 0xFFF00000, 0xFFF00000, 0xFFF00000, 0x03800000, 0x03800000, 0x03800000, 0x00000000, 0x00000000, 0x00000000,
/* -- % -- */
0xFC000000, 0xFC000000, 0xFC000000, 0xFC0E0000, 0xFC0E0000, 0xFC0E0000, 0x00700000, 0x00700000, 0x00700000, 0x03800000, 0x03800000, 0x03800000, 0x1C000000, 0x1C000000, 0x1C000000, 0xE07E0000, 0xE07E0000, 0xE07E0000, 0x007E0000, 0x007E0000, 0x007E0000, 0x00000000, 0x00000000, 0x00000000,
/* -- & -- */
0x1F800000, 0x1F800000, 0x1F800000, 0xE0700000, 0xE0700000, 0xE0700000, 0xE3800000, 0xE3800000, 0xE3800000, 0x1C000000, 0x1C000000, 0x1C000000, 0xE38E0000, 0xE38E0000, 0xE38E0000, 0xE0700000, 0xE0700000, 0xE0700000, 0x1F8E0000, 0x1F8E0000, 0x1F8E0000, 0x00000000, 0x00000000, 0x00000000,
/* -- ' -- */
0x03F00000, 0x03F00000, 0x03F00000, 0x00700000, 0x00700000, 0x00700000, 0x03800000, 0x03800000, 0x03800000, 0x00000000, 0x00000000, 0x00000000, 0x00000000, 0x00000000, 0x00000000, 0x00000000, 0x00000000, 0x00000000, 0x00000000, 0x00000000, 0x00000000, 0x00000000, 0x00000000, 0x00000000,
/* -- ( -- */
0x00700000, 0x00700000, 0x00700000, 0x03800000, 0x03800000, 0x03800000, 0x1C000000, 0x1C000000, 0x1C000000, 0x1C000000, 0x1C000000, 0x1C000000, 0x1C000000, 0x1C000000, 0x1C000000, 0x03800000, 0x03800000, 0x03800000, 0x00700000, 0x00700000, 0x00700000, 0x00000000, 0x00000000, 0x00000000,
/* -- ) -- */
0x1C000000, 0x1C000000, 0x1C000000, 0x03800000, 0x03800000, 0x03800000, 0x00700000, 0x00700000, 0x00700000, 0x00700000, 0x00700000, 0x00700000, 0x00700000, 0x00700000, 0x00700000, 0x03800000, 0x03800000, 0x03800000, 0x1C000000, 0x1C000000, 0x1C000000, 0x00000000, 0x00000000, 0x00000000,
/* -- * -- */
0x00000000, 0x00000000, 0x00000000, 0x03800000, 0x03800000, 0x03800000, 0xE38E0000, 0xE38E0000, 0xE38E0000, 0x1FF00000, 0x1FF00000, 0x1FF00000, 0xE38E0000, 0xE38E0000, 0xE38E0000, 0x03800000, 0x03800000, 0x03800000, 0x00000000, 0x00000000, 0x00000000, 0x00000000, 0x00000000, 0x00000000,
/* -- + -- */
0x00000000, 0x00000000, 0x00000000, 0x03800000, 0x03800000, 0x03800000, 0x03800000, 0x03800000, 0x03800000, 0xFFFE0000, 0xFFFE0000, 0xFFFE0000, 0x03800000, 0x03800000, 0x03800000, 0x03800000, 0x03800000, 0x03800000, 0x00000000, 0x00000000, 0x00000000, 0x00000000, 0x00000000, 0x00000000,
/* -- , -- */
0x00000000, 0x00000000, 0x00000000, 0x00000000, 0x00000000, 0x00000000, 0x00000000, 0x00000000, 0x00000000, 0x00000000, 0x00000000, 0x00000000, 0x03F00000, 0x03F00000, 0x03F00000, 0x00700000, 0x00700000, 0x00700000, 0x03800000, 0x03800000, 0x03800000, 0x00000000, 0x00000000, 0x00000000,
/* -- - -- */
0x00000000, 0x00000000, 0x00000000, 0x00000000, 0x00000000, 0x00000000, 0x00000000, 0x00000000, 0x00000000, 0xFFFE0000, 0xFFFE0000, 0xFFFE0000, 0x00000000, 0x00000000, 0x00000000, 0x00000000, 0x00000000, 0x00000000, 0x00000000, 0x00000000, 0x00000000, 0x00000000, 0x00000000, 0x00000000,
/* -- . -- */
0x00000000, 0x00000000, 0x00000000, 0x00000000, 0x00000000, 0x00000000, 0x00000000, 0x00000000, 0x00000000, 0x00000000, 0x00000000, 0x00000000, 0x00000000, 0x00000000, 0x00000000, 0x03F00000, 0x03F00000, 0x03F00000, 0x03F00000, 0x03F00000, 0x03F00000, 0x00000000, 0x00000000, 0x00000000,
/* -- / -- */
0x00000000, 0x00000000, 0x00000000, 0x000E0000, 0x000E0000, 0x000E0000, 0x00700000, 0x00700000, 0x00700000, 0x03800000, 0x03800000, 0x03800000, 0x1C000000, 0x1C000000, 0x1C000000, 0xE0000000, 0xE0000000, 0xE0000000, 0x00000000, 0x00000000, 0x00000000, 0x00000000, 0x00000000, 0x00000000,
/* -- 0 -- */
0x1FF00000, 0x1FF00000, 0x1FF00000, 0xE00E0000, 0xE00E0000, 0xE00E0000, 0xE07E0000, 0xE07E0000, 0xE07E0000, 0xE38E0000, 0xE38E0000, 0xE38E0000, 0xFC0E0000, 0xFC0E0000, 0xFC0E0000, 0xE00E0000, 0xE00E0000, 0xE00E0000, 0x1FF00000, 0x1FF00000, 0x1FF00000, 0x00000000, 0x00000000, 0x00000000,
/* -- 1 -- */
0x03800000, 0x03800000, 0x03800000, 0x1F800000, 0x1F800000, 0x1F800000, 0x03800000, 0x03800000, 0x03800000, 0x03800000, 0x03800000, 0x03800000, 0x03800000, 0x03800000, 0x03800000, 0x03800000, 0x03800000, 0x03800000, 0x1FF00000, 0x1FF00000, 0x1FF00000, 0x00000000, 0x00000000, 0x00000000,
/* -- 2 -- */
0x1FF00000, 0x1FF00000, 0x1FF00000, 0xE00E0000, 0xE00E0000, 0xE00E0000, 0x000E0000, 0x000E0000, 0x000E0000, 0x00700000, 0x00700000, 0x00700000, 0x03800000, 0x03800000, 0x03800000, 0x1C000000, 0x1C000000, 0x1C000000, 0xFFFE0000, 0xFFFE0000, 0xFFFE0000, 0x00000000, 0x00000000, 0x00000000,
/* -- 3 -- */
0xFFFE0000, 0xFFFE0000, 0xFFFE0000, 0x00700000, 0x00700000, 0x00700000, 0x03800000, 0x03800000, 0x03800000, 0x00700000, 0x00700000, 0x00700000, 0x000E0000, 0x000E0000, 0x000E0000, 0xE00E0000, 0xE00E0000, 0xE00E0000, 0x1FF00000, 0x1FF00000, 0x1FF00000, 0x00000000, 0x00000000, 0x00000000,
/* -- 4 -- */
0x00700000, 0x00700000, 0x00700000, 0x03F00000, 0x03F00000, 0x03F00000, 0x1C700000, 0x1C700000, 0x1C700000, 0xE0700000, 0xE0700000, 0xE0700000, 0xFFFE0000, 0xFFFE0000, 0xFFFE0000, 0x00700000, 0x00700000, 0x00700000, 0x00700000, 0x00700000, 0x00700000, 0x00000000, 0x00000000, 0x00000000,
/* -- 5 -- */
0xFFFE0000, 0xFFFE0000, 0xFFFE0000, 0xE0000000, 0xE0000000, 0xE0000000, 0xFFF00000, 0xFFF00000, 0xFFF00000, 0x000E0000, 0x000E0000, 0x000E0000, 0x000E0000, 0x000E0000, 0x000E0000, 0xE00E0000, 0xE00E0000, 0xE00E0000, 0x1FF00000, 0x1FF00000, 0x1FF00000, 0x00000000, 0x00000000, 0x00000000,
/* -- 6 -- */
0x03F00000, 0x03F00000, 0x03F00000, 0x1C000000, 0x1C000000, 0x1C000000, 0xE0000000, 0xE0000000, 0xE0000000, 0xFFF00000, 0xFFF00000, 0xFFF00000, 0xE00E0000, 0xE00E0000, 0xE00E0000, 0xE00E0000, 0xE00E0000, 0xE00E0000, 0x1FF00000, 0x1FF00000, 0x1FF00000, 0x00000000, 0x00000000, 0x00000000,
/* -- 7 -- */
0xFFFE0000, 0xFFFE0000, 0xFFFE0000, 0xE00E0000, 0xE00E0000, 0xE00E0000, 0x000E0000, 0x000E0000, 0x000E0000, 0x00700000, 0x00700000, 0x00700000, 0x03800000, 0x03800000, 0x03800000, 0x03800000, 0x03800000, 0x03800000, 0x03800000, 0x03800000, 0x03800000, 0x00000000, 0x00000000, 0x00000000,
/* -- 8 -- */
0x1FF00000, 0x1FF00000, 0x1FF00000, 0xE00E0000, 0xE00E0000, 0xE00E0000, 0xE00E0000, 0xE00E0000, 0xE00E0000, 0x1FF00000, 0x1FF00000, 0x1FF00000, 0xE00E0000, 0xE00E0000, 0xE00E0000, 0xE00E0000, 0xE00E0000, 0xE00E0000, 0x1FF00000, 0x1FF00000, 0x1FF00000, 0x00000000, 0x00000000, 0x00000000,
/* -- 9 -- */
0x1FF00000, 0x1FF00000, 0x1FF00000, 0xE00E0000, 0xE00E0000, 0xE00E0000, 0xE00E0000, 0xE00E0000, 0xE00E0000, 0x1FFE0000, 0x1FFE0000, 0x1FFE0000, 0x000E0000, 0x000E0000, 0x000E0000, 0x00700000, 0x00700000, 0x00700000, 0x1F800000, 0x1F800000, 0x1F800000, 0x00000000, 0x00000000, 0x00000000,
/* -- : -- */
0x00000000, 0x00000000, 0x00000000, 0x1F800000, 0x1F800000, 0x1F800000, 0x1F800000, 0x1F800000, 0x1F800000, 0x00000000, 0x00000000, 0x00000000, 0x1F800000, 0x1F800000, 0x1F800000, 0x1F800000, 0x1F800000, 0x1F800000, 0x00000000, 0x00000000, 0x00000000, 0x00000000, 0x00000000, 0x00000000,
/* -- ; -- */
0x00000000, 0x00000000, 0x00000000, 0x1F800000, 0x1F800000, 0x1F800000, 0x1F800000, 0x1F800000, 0x1F800000, 0x00000000, 0x00000000, 0x00000000, 0x1F800000, 0x1F800000, 0x1F800000, 0x03800000, 0x03800000, 0x03800000, 0x1C000000, 0x1C000000, 0x1C000000, 0x00000000, 0x00000000, 0x00000000,
/* -- < -- */
0x00700000, 0x00700000, 0x00700000, 0x03800000, 0x03800000, 0x03800000, 0x1C000000, 0x1C000000, 0x1C000000, 0xE0000000, 0xE0000000, 0xE0000000, 0x1C000000, 0x1C000000, 0x1C000000, 0x03800000, 0x03800000, 0x03800000, 0x00700000, 0x00700000, 0x00700000, 0x00000000, 0x00000000, 0x00000000,
/* -- = -- */
0x00000000, 0x00000000, 0x00000000, 0x00000000, 0x00000000, 0x00000000, 0xFFFE0000, 0xFFFE0000, 0xFFFE0000, 0x00000000, 0x00000000, 0x00000000, 0xFFFE0000, 0xFFFE0000, 0xFFFE0000, 0x00000000, 0x00000000, 0x00000000, 0x00000000, 0x00000000, 0x00000000, 0x00000000, 0x00000000, 0x00000000,
/* -- > -- */
0xE0000000, 0xE0000000, 0xE0000000, 0x1C000000, 0x1C000000, 0x1C000000, 0x03800000, 0x03800000, 0x03800000, 0x00700000, 0x00700000, 0x00700000, 0x03800000, 0x03800000, 0x03800000, 0x1C000000, 0x1C000000, 0x1C000000, 0xE0000000, 0xE0000000, 0xE0000000, 0x00000000, 0x00000000, 0x00000000,
/* -- ? -- */
0x1FF00000, 0x1FF00000, 0x1FF00000, 0xE00E0000, 0xE00E0000, 0xE00E0000, 0x000E0000, 0x000E0000, 0x000E0000, 0x00700000, 0x00700000, 0x00700000, 0x03800000, 0x03800000, 0x03800000, 0x00000000, 0x00000000, 0x00000000, 0x03800000, 0x03800000, 0x03800000, 0x00000000, 0x00000000, 0x00000000,
/* -- @ -- */
0x1FF00000, 0x1FF00000, 0x1FF00000, 0xE00E0000, 0xE00E0000, 0xE00E0000, 0x000E0000, 0x000E0000, 0x000E0000, 0x1F8E0000, 0x1F8E0000, 0x1F8E0000, 0xE38E0000, 0xE38E0000, 0xE38E0000, 0xE38E0000, 0xE38E0000, 0xE38E0000, 0x1FF00000, 0x1FF00000, 0x1FF00000, 0x00000000, 0x00000000, 0x00000000,
/* -- A -- */
0x03800000, 0x03800000, 0x03800000, 0x1C700000, 0x1C700000, 0x1C700000, 0xE00E0000, 0xE00E0000, 0xE00E0000, 0xE00E0000, 0xE00E0000, 0xE00E0000, 0xFFFE0000, 0xFFFE0000, 0xFFFE0000, 0xE00E0000, 0xE00E0000, 0xE00E0000, 0xE00E0000, 0xE00E0000, 0xE00E0000, 0x00000000, 0x00000000, 0x00000000,
/* -- B -- */
0xFFF00000, 0xFFF00000, 0xFFF00000, 0xE00E0000, 0xE00E0000, 0xE00E0000, 0xE00E0000, 0xE00E0000, 0xE00E0000, 0xFFF00000, 0xFFF00000, 0xFFF00000, 0xE00E0000, 0xE00E0000, 0xE00E0000, 0xE00E0000, 0xE00E0000, 0xE00E0000, 0xFFF00000, 0xFFF00000, 0xFFF00000, 0x00000000, 0x00000000, 0x00000000,
/* -- C -- */
0x1FF00000, 0x1FF00000, 0x1FF00000, 0xE00E0000, 0xE00E0000, 0xE00E0000, 0xE0000000, 0xE0000000, 0xE0000000, 0xE0000000, 0xE0000000, 0xE0000000, 0xE0000000, 0xE0000000, 0xE0000000, 0xE00E0000, 0xE00E0000, 0xE00E0000, 0x1FF00000, 0x1FF00000, 0x1FF00000, 0x00000000, 0x00000000, 0x00000000,
/* -- D -- */
0xFF800000, 0xFF800000, 0xFF800000, 0xE0700000, 0xE0700000, 0xE0700000, 0xE00E0000, 0xE00E0000, 0xE00E0000, 0xE00E0000, 0xE00E0000, 0xE00E0000, 0xE00E0000, 0xE00E0000, 0xE00E0000, 0xE0700000, 0xE0700000, 0xE0700000, 0xFF800000, 0xFF800000, 0xFF800000, 0x00000000, 0x00000000, 0x00000000,
/* -- E -- */
0xFFFE0000, 0xFFFE0000, 0xFFFE0000, 0xE0000000, 0xE0000000, 0xE0000000, 0xE0000000, 0xE0000000, 0xE0000000, 0xFFF00000, 0xFFF00000, 0xFFF00000, 0xE0000000, 0xE0000000, 0xE0000000, 0xE0000000, 0xE0000000, 0xE0000000, 0xFFFE0000, 0xFFFE0000, 0xFFFE0000, 0x00000000, 0x00000000, 0x00000000,
/* -- F -- */
0xFFFE0000, 0xFFFE0000, 0xFFFE0000, 0xE0000000, 0xE0000000, 0xE0000000, 0xE0000000, 0xE0000000, 0xE0000000, 0xFFF00000, 0xFFF00000, 0xFFF00000, 0xE0000000, 0xE0000000, 0xE0000000, 0xE0000000, 0xE0000000, 0xE0000000, 0xE0000000, 0xE0000000, 0xE0000000, 0x00000000, 0x00000000, 0x00000000,
/* -- G -- */
0x1FF00000, 0x1FF00000, 0x1FF00000, 0xE00E0000, 0xE00E0000, 0xE00E0000, 0xE0000000, 0xE0000000, 0xE0000000, 0xE3FE0000, 0xE3FE0000, 0xE3FE0000, 0xE00E0000, 0xE00E0000, 0xE00E0000, 0xE00E0000, 0xE00E0000, 0xE00E0000, 0x1FFE0000, 0x1FFE0000, 0x1FFE0000, 0x00000000, 0x00000000, 0x00000000,
/* -- H -- */
0xE00E0000, 0xE00E0000, 0xE00E0000, 0xE00E0000, 0xE00E0000, 0xE00E0000, 0xE00E0000, 0xE00E0000, 0xE00E0000, 0xFFFE0000, 0xFFFE0000, 0xFFFE0000, 0xE00E0000, 0xE00E0000, 0xE00E0000, 0xE00E0000, 0xE00E0000, 0xE00E0000, 0xE00E0000, 0xE00E0000, 0xE00E0000, 0x00000000, 0x00000000, 0x00000000,
/* -- I -- */
0x1FF00000, 0x1FF00000, 0x1FF00000, 0x03800000, 0x03800000, 0x03800000, 0x03800000, 0x03800000, 0x03800000, 0x03800000, 0x03800000, 0x03800000, 0x03800000, 0x03800000, 0x03800000, 0x03800000, 0x03800000, 0x03800000, 0x1FF00000, 0x1FF00000, 0x1FF00000, 0x00000000, 0x00000000, 0x00000000,
/* -- J -- */
0x03FE0000, 0x03FE0000, 0x03FE0000, 0x00700000, 0x00700000, 0x00700000, 0x00700000, 0x00700000, 0x00700000, 0x00700000, 0x00700000, 0x00700000, 0x00700000, 0x00700000, 0x00700000, 0xE0700000, 0xE0700000, 0xE0700000, 0x1F800000, 0x1F800000, 0x1F800000, 0x00000000, 0x00000000, 0x00000000,
/* -- K -- */
0xE00E0000, 0xE00E0000, 0xE00E0000, 0xE0700000, 0xE0700000, 0xE0700000, 0xE3800000, 0xE3800000, 0xE3800000, 0xFC000000, 0xFC000000, 0xFC000000, 0xE3800000, 0xE3800000, 0xE3800000, 0xE0700000, 0xE0700000, 0xE0700000, 0xE00E0000, 0xE00E0000, 0xE00E0000, 0x00000000, 0x00000000, 0x00000000,
/* -- L -- */
0xE0000000, 0xE0000000, 0xE0000000, 0xE0000000, 0xE0000000, 0xE0000000, 0xE0000000, 0xE0000000, 0xE0000000, 0xE0000000, 0xE0000000, 0xE0000000, 0xE0000000, 0xE0000000, 0xE0000000, 0xE0000000, 0xE0000000, 0xE0000000, 0xFFFE0000, 0xFFFE0000, 0xFFFE0000, 0x00000000, 0x00000000, 0x00000000,
/* -- M -- */
0xE00E0000, 0xE00E0000, 0xE00E0000, 0xFC7E0000, 0xFC7E0000, 0xFC7E0000, 0xE38E0000, 0xE38E0000, 0xE38E0000, 0xE38E0000, 0xE38E0000, 0xE38E0000, 0xE00E0000, 0xE00E0000, 0xE00E0000, 0xE00E0000, 0xE00E0000, 0xE00E0000, 0xE00E0000, 0xE00E0000, 0xE00E0000, 0x00000000, 0x00000000, 0x00000000,
/* -- N -- */
0xE00E0000, 0xE00E0000, 0xE00E0000, 0xE00E0000, 0xE00E0000, 0xE00E0000, 0xFC0E0000, 0xFC0E0000, 0xFC0E0000, 0xE38E0000, 0xE38E0000, 0xE38E0000, 0xE07E0000, 0xE07E0000, 0xE07E0000, 0xE00E0000, 0xE00E0000, 0xE00E0000, 0xE00E0000, 0xE00E0000, 0xE00E0000, 0x00000000, 0x00000000, 0x00000000,
/* -- O -- */
0x1FF00000, 0x1FF00000, 0x1FF00000, 0xE00E0000, 0xE00E0000, 0xE00E0000, 0xE00E0000, 0xE00E0000, 0xE00E0000, 0xE00E0000, 0xE00E0000, 0xE00E0000, 0xE00E0000, 0xE00E0000, 0xE00E0000, 0xE00E0000, 0xE00E0000, 0xE00E0000, 0x1FF00000, 0x1FF00000, 0x1FF00000, 0x00000000, 0x00000000, 0x00000000,
/* -- P -- */
0xFFF00000, 0xFFF00000, 0xFFF00000, 0xE00E0000, 0xE00E0000, 0xE00E0000, 0xE00E0000, 0xE00E0000, 0xE00E0000, 0xFFF00000, 0xFFF00000, 0xFFF00000, 0xE0000000, 0xE0000000, 0xE0000000, 0xE0000000, 0xE0000000, 0xE0000000, 0xE0000000, 0xE0000000, 0xE0000000, 0x00000000, 0x00000000, 0x00000000,
/* -- Q -- */
0x1FF00000, 0x1FF00000, 0x1FF00000, 0xE00E0000, 0xE00E0000, 0xE00E0000, 0xE00E0000, 0xE00E0000, 0xE00E0000, 0xE00E0000, 0xE00E0000, 0xE00E0000, 0xE38E0000, 0xE38E0000, 0xE38E0000, 0xE0700000, 0xE0700000, 0xE0700000, 0x1F8E0000, 0x1F8E0000, 0x1F8E0000, 0x00000000, 0x00000000, 0x00000000,
/* -- R -- */
0xFFF00000, 0xFFF00000, 0xFFF00000, 0xE00E0000, 0xE00E0000, 0xE00E0000, 0xE00E0000, 0xE00E0000, 0xE00E0000, 0xFFF00000, 0xFFF00000, 0xFFF00000, 0xE3800000, 0xE3800000, 0xE3800000, 0xE0700000, 0xE0700000, 0xE0700000, 0xE00E0000, 0xE00E0000, 0xE00E0000, 0x00000000, 0x00000000, 0x00000000,
/* -- S -- */
0x1FF00000, 0x1FF00000, 0x1FF00000, 0xE00E0000, 0xE00E0000, 0xE00E0000, 0xE0000000, 0xE0000000, 0xE0000000, 0x1FF00000, 0x1FF00000, 0x1FF00000, 0x000E0000, 0x000E0000, 0x000E0000, 0xE00E0000, 0xE00E0000, 0xE00E0000, 0x1FF00000, 0x1FF00000, 0x1FF00000, 0x00000000, 0x00000000, 0x00000000,
/* -- T -- */
0xFFFE0000, 0xFFFE0000, 0xFFFE0000, 0x03800000, 0x03800000, 0x03800000, 0x03800000, 0x03800000, 0x03800000, 0x03800000, 0x03800000, 0x03800000, 0x03800000, 0x03800000, 0x03800000, 0x03800000, 0x03800000, 0x03800000, 0x03800000, 0x03800000, 0x03800000, 0x00000000, 0x00000000, 0x00000000,
/* -- U -- */
0xE00E0000, 0xE00E0000, 0xE00E0000, 0xE00E0000, 0xE00E0000, 0xE00E0000, 0xE00E0000, 0xE00E0000, 0xE00E0000, 0xE00E0000, 0xE00E0000, 0xE00E0000, 0xE00E0000, 0xE00E0000, 0xE00E0000, 0xE00E0000, 0xE00E0000, 0xE00E0000, 0x1FF00000, 0x1FF00000, 0x1FF00000, 0x00000000, 0x00000000, 0x00000000,
/* -- V -- */
0xE00E0000, 0xE00E0000, 0xE00E0000, 0xE00E0000, 0xE00E0000, 0xE00E0000, 0xE00E0000, 0xE00E0000, 0xE00E0000, 0xE00E0000, 0xE00E0000, 0xE00E0000, 0xE00E0000, 0xE00E0000, 0xE00E0000, 0x1C700000, 0x1C700000, 0x1C700000, 0x03800000, 0x03800000, 0x03800000, 0x00000000, 0x00000000, 0x00000000,
/* -- W -- */
0xE00E0000, 0xE00E0000, 0xE00E0000, 0xE00E0000, 0xE00E0000, 0xE00E0000, 0xE00E0000, 0xE00E0000, 0xE00E0000, 0xE38E0000, 0xE38E0000, 0xE38E0000, 0xE38E0000, 0xE38E0000, 0xE38E0000, 0xE38E0000, 0xE38E0000, 0xE38E0000, 0x1C700000, 0x1C700000, 0x1C700000, 0x00000000, 0x00000000, 0x00000000,
/* -- X -- */
0xE00E0000, 0xE00E0000, 0xE00E0000, 0xE00E0000, 0xE00E0000, 0xE00E0000, 0x1C700000, 0x1C700000, 0x1C700000, 0x03800000, 0x03800000, 0x03800000, 0x1C700000, 0x1C700000, 0x1C700000, 0xE00E0000, 0xE00E0000, 0xE00E0000, 0xE00E0000, 0xE00E0000, 0xE00E0000, 0x00000000, 0x00000000, 0x00000000,
/* -- Y -- */
0xE00E0000, 0xE00E0000, 0xE00E0000, 0xE00E0000, 0xE00E0000, 0xE00E0000, 0xE00E0000, 0xE00E0000, 0xE00E0000, 0x1C700000, 0x1C700000, 0x1C700000, 0x03800000, 0x03800000, 0x03800000, 0x03800000, 0x03800000, 0x03800000, 0x03800000, 0x03800000, 0x03800000, 0x00000000, 0x00000000, 0x00000000,
/* -- Z -- */
0xFFFE0000, 0xFFFE0000, 0xFFFE0000, 0x000E0000, 0x000E0000, 0x000E0000, 0x00700000, 0x00700000, 0x00700000, 0x03800000, 0x03800000, 0x03800000, 0x1C000000, 0x1C000000, 0x1C000000, 0xE0000000, 0xE0000000, 0xE0000000, 0xFFFE0000, 0xFFFE0000, 0xFFFE0000, 0x00000000, 0x00000000, 0x00000000,
/* -- [ -- */
0x1FF00000, 0x1FF00000, 0x1FF00000, 0x1C000000, 0x1C000000, 0x1C000000, 0x1C000000, 0x1C000000, 0x1C000000, 0x1C000000, 0x1C000000, 0x1C000000, 0x1C000000, 0x1C000000, 0x1C000000, 0x1C000000, 0x1C000000, 0x1C000000, 0x1FF00000, 0x1FF00000, 0x1FF00000, 0x00000000, 0x00000000, 0x00000000,
/* -- \ -- */
0x00000000, 0x00000000, 0x00000000, 0xE0000000, 0xE0000000, 0xE0000000, 0x1C000000, 0x1C000000, 0x1C000000, 0x03800000, 0x03800000, 0x03800000, 0x00700000, 0x00700000, 0x00700000, 0x000E0000, 0x000E0000, 0x000E0000, 0x00000000, 0x00000000, 0x00000000, 0x00000000, 0x00000000, 0x00000000,
/* -- ] -- */
0x1FF00000, 0x1FF00000, 0x1FF00000, 0x00700000, 0x00700000, 0x00700000, 0x00700000, 0x00700000, 0x00700000, 0x00700000, 0x00700000, 0x00700000, 0x00700000, 0x00700000, 0x00700000, 0x00700000, 0x00700000, 0x00700000, 0x1FF00000, 0x1FF00000, 0x1FF00000, 0x00000000, 0x00000000, 0x00000000,
/* -- ^ -- */
0x03800000, 0x03800000, 0x03800000, 0x1C700000, 0x1C700000, 0x1C700000, 0xE00E0000, 0xE00E0000, 0xE00E0000, 0x00000000, 0x00000000, 0x00000000, 0x00000000, 0x00000000, 0x00000000, 0x00000000, 0x00000000, 0x00000000, 0x00000000, 0x00000000, 0x00000000, 0x00000000, 0x00000000, 0x00000000,
/* -- _ -- */
0x00000000, 0x00000000, 0x00000000, 0x00000000, 0x00000000, 0x00000000, 0x00000000, 0x00000000, 0x00000000, 0x00000000, 0x00000000, 0x00000000, 0x00000000, 0x00000000, 0x00000000, 0x00000000, 0x00000000, 0x00000000, 0xFFFE0000, 0xFFFE0000, 0xFFFE0000, 0x00000000, 0x00000000, 0x00000000,
/* -- ` -- */
0x1C000000, 0x1C000000, 0x1C000000, 0x03800000, 0x03800000, 0x03800000, 0x00700000, 0x00700000, 0x00700000, 0x00000000, 0x00000000, 0x00000000, 0x00000000, 0x00000000, 0x00000000, 0x00000000, 0x00000000, 0x00000000, 0x00000000, 0x00000000, 0x00000000, 0x00000000, 0x00000000, 0x00000000,
/* -- a -- */
0x00000000, 0x00000000, 0x00000000, 0x00000000, 0x00000000, 0x00000000, 0x1FF00000, 0x1FF00000, 0x1FF00000, 0x000E0000, 0x000E0000, 0x000E0000, 0x1FFE0000, 0x1FFE0000, 0x1FFE0000, 0xE00E0000, 0xE00E0000, 0xE00E0000, 0x1FFE0000, 0x1FFE0000, 0x1FFE0000, 0x00000000, 0x00000000, 0x00000000,
/* -- b -- */
0xE0000000, 0xE0000000, 0xE0000000, 0xE0000000, 0xE0000000, 0xE0000000, 0xE3F00000, 0xE3F00000, 0xE3F00000, 0xFC0E0000, 0xFC0E0000, 0xFC0E0000, 0xE00E0000, 0xE00E0000, 0xE00E0000, 0xE00E0000, 0xE00E0000, 0xE00E0000, 0xFFF00000, 0xFFF00000, 0xFFF00000, 0x00000000, 0x00000000, 0x00000000,
/* -- c -- */
0x00000000, 0x00000000, 0x00000000, 0x00000000, 0x00000000, 0x00000000, 0x1FF00000, 0x1FF00000, 0x1FF00000, 0xE0000000, 0xE0000000, 0xE0000000, 0xE0000000, 0xE0000000, 0xE0000000, 0xE00E0000, 0xE00E0000, 0xE00E0000, 0x1FF00000, 0x1FF00000, 0x1FF00000, 0x00000000, 0x00000000, 0x00000000,
/* -- d -- */
0x000E0000, 0x000E0000, 0x000E0000, 0x000E0000, 0x000E0000, 0x000E0000, 0x1F8E0000, 0x1F8E0000, 0x1F8E0000, 0xE07E0000, 0xE07E0000, 0xE07E0000, 0xE00E0000, 0xE00E0000, 0xE00E0000, 0xE00E0000, 0xE00E0000, 0xE00E0000, 0x1FFE0000, 0x1FFE0000, 0x1FFE0000, 0x00000000, 0x00000000, 0x00000000,
/* -- e -- */
0x00000000, 0x00000000, 0x00000000, 0x00000000, 0x00000000, 0x00000000, 0x1FF00000, 0x1FF00000, 0x1FF00000, 0xE00E0000, 0xE00E0000, 0xE00E0000, 0xFFFE0000, 0xFFFE0000, 0xFFFE0000, 0xE0000000, 0xE0000000, 0xE0000000, 0x1FF00000, 0x1FF00000, 0x1FF00000, 0x00000000, 0x00000000, 0x00000000,
/* -- f -- */
0x03F00000, 0x03F00000, 0x03F00000, 0x1C0E0000, 0x1C0E0000, 0x1C0E0000, 0x1C000000, 0x1C000000, 0x1C000000, 0xFF800000, 0xFF800000, 0xFF800000, 0x1C000000, 0x1C000000, 0x1C000000, 0x1C000000, 0x1C000000, 0x1C000000, 0x1C000000, 0x1C000000, 0x1C000000, 0x00000000, 0x00000000, 0x00000000,
/* -- g -- */
0x00000000, 0x00000000, 0x00000000, 0x00000000, 0x00000000, 0x00000000, 0x1FFE0000, 0x1FFE0000, 0x1FFE0000, 0xE00E0000, 0xE00E0000, 0xE00E0000, 0x1FFE0000, 0x1FFE0000, 0x1FFE0000, 0x000E0000, 0x000E0000, 0x000E0000, 0x1FF00000, 0x1FF00000, 0x1FF00000, 0x00000000, 0x00000000, 0x00000000,
/* -- h -- */
0xE0000000, 0xE0000000, 0xE0000000, 0xE0000000, 0xE0000000, 0xE0000000, 0xE3F00000, 0xE3F00000, 0xE3F00000, 0xFC0E0000, 0xFC0E0000, 0xFC0E0000, 0xE00E0000, 0xE00E0000, 0xE00E0000, 0xE00E0000, 0xE00E0000, 0xE00E0000, 0xE00E0000, 0xE00E0000, 0xE00E0000, 0x00000000, 0x00000000, 0x00000000,
/* -- i -- */
0x03800000, 0x03800000, 0x03800000, 0x00000000, 0x00000000, 0x00000000, 0x03800000, 0x03800000, 0x03800000, 0x1F800000, 0x1F800000, 0x1F800000, 0x03800000, 0x03800000, 0x03800000, 0x03800000, 0x03800000, 0x03800000, 0x1FF00000, 0x1FF00000, 0x1FF00000, 0x00000000, 0x00000000, 0x00000000,
/* -- j -- */
0x000E0000, 0x000E0000, 0x000E0000, 0x00000000, 0x00000000, 0x00000000, 0x007E0000, 0x007E0000, 0x007E0000, 0x000E0000, 0x000E0000, 0x000E0000, 0x000E0000, 0x000E0000, 0x000E0000, 0x1C0E0000, 0x1C0E0000, 0x1C0E0000, 0x03F00000, 0x03F00000, 0x03F00000, 0x00000000, 0x00000000, 0x00000000,
/* -- k -- */
0xE0000000, 0xE0000000, 0xE0000000, 0xE0000000, 0xE0000000, 0xE0000000, 0xE0700000, 0xE0700000, 0xE0700000, 0xE3800000, 0xE3800000, 0xE3800000, 0xFC000000, 0xFC000000, 0xFC000000, 0xE3800000, 0xE3800000, 0xE3800000, 0xE0700000, 0xE0700000, 0xE0700000, 0x00000000, 0x00000000, 0x00000000,
/* -- l -- */
0x03F00000, 0x03F00000, 0x03F00000, 0x00700000, 0x00700000, 0x00700000, 0x00700000, 0x00700000, 0x00700000, 0x00700000, 0x00700000, 0x00700000, 0x00700000, 0x00700000, 0x00700000, 0x00700000, 0x00700000, 0x00700000, 0x03FE0000, 0x03FE0000, 0x03FE0000, 0x00000000, 0x00000000, 0x00000000,
/* -- m -- */
0x00000000, 0x00000000, 0x00000000, 0x00000000, 0x00000000, 0x00000000, 0xFC700000, 0xFC700000, 0xFC700000, 0xE38E0000, 0xE38E0000, 0xE38E0000, 0xE38E0000, 0xE38E0000, 0xE38E0000, 0xE38E0000, 0xE38E0000, 0xE38E0000, 0xE38E0000, 0xE38E0000, 0xE38E0000, 0x00000000, 0x00000000, 0x00000000,
/* -- n -- */
0x00000000, 0x00000000, 0x00000000, 0x00000000, 0x00000000, 0x00000000, 0xE3F00000, 0xE3F00000, 0xE3F00000, 0xFC0E0000, 0xFC0E0000, 0xFC0E0000, 0xE00E0000, 0xE00E0000, 0xE00E0000, 0xE00E0000, 0xE00E0000, 0xE00E0000, 0xE00E0000, 0xE00E0000, 0xE00E0000, 0x00000000, 0x00000000, 0x00000000,
/* -- o -- */
0x00000000, 0x00000000, 0x00000000, 0x00000000, 0x00000000, 0x00000000, 0x1FF00000, 0x1FF00000, 0x1FF00000, 0xE00E0000, 0xE00E0000, 0xE00E0000, 0xE00E0000, 0xE00E0000, 0xE00E0000, 0xE00E0000, 0xE00E0000, 0xE00E0000, 0x1FF00000, 0x1FF00000, 0x1FF00000, 0x00000000, 0x00000000, 0x00000000,
/* -- p -- */
0x00000000, 0x00000000, 0x00000000, 0x00000000, 0x00000000, 0x00000000, 0xFFF00000, 0xFFF00000, 0xFFF00000, 0xE00E0000, 0xE00E0000, 0xE00E0000, 0xFFF00000, 0xFFF00000, 0xFFF00000, 0xE0000000, 0xE0000000, 0xE0000000, 0xE0000000, 0xE0000000, 0xE0000000, 0x00000000, 0x00000000, 0x00000000,
/* -- q -- */
0x00000000, 0x00000000, 0x00000000, 0x00000000, 0x00000000, 0x00000000, 0x1F8E0000, 0x1F8E0000, 0x1F8E0000, 0xE07E0000, 0xE07E0000, 0xE07E0000, 0x1FFE0000, 0x1FFE0000, 0x1FFE0000, 0x000E0000, 0x000E0000, 0x000E0000, 0x000E0000, 0x000E0000, 0x000E0000, 0x00000000, 0x00000000, 0x00000000,
/* -- r -- */
0x00000000, 0x00000000, 0x00000000, 0x00000000, 0x00000000, 0x00000000, 0xE3F00000, 0xE3F00000, 0xE3F00000, 0xFC0E0000, 0xFC0E0000, 0xFC0E0000, 0xE0000000, 0xE0000000, 0xE0000000, 0xE0000000, 0xE0000000, 0xE0000000, 0xE0000000, 0xE0000000, 0xE0000000, 0x00000000, 0x00000000, 0x00000000,
/* -- s -- */
0x00000000, 0x00000000, 0x00000000, 0x00000000, 0x00000000, 0x00000000, 0x1FF00000, 0x1FF00000, 0x1FF00000, 0xE0000000, 0xE0000000, 0xE0000000, 0x1FF00000, 0x1FF00000, 0x1FF00000, 0x000E0000, 0x000E0000, 0x000E0000, 0xFFF00000, 0xFFF00000, 0xFFF00000, 0x00000000, 0x00000000, 0x00000000,
/* -- t -- */
0x1C000000, 0x1C000000, 0x1C000000, 0x1C000000, 0x1C000000, 0x1C000000, 0xFF800000, 0xFF800000, 0xFF800000, 0x1C000000, 0x1C000000, 0x1C000000, 0x1C000000, 0x1C000000, 0x1C000000, 0x1C0E0000, 0x1C0E0000, 0x1C0E0000, 0x03F00000, 0x03F00000, 0x03F00000, 0x00000000, 0x00000000, 0x00000000,
/* -- u -- */
0x00000000, 0x00000000, 0x00000000, 0x00000000, 0x00000000, 0x00000000, 0xE00E0000, 0xE00E0000, 0xE00E0000, 0xE00E0000, 0xE00E0000, 0xE00E0000, 0xE00E0000, 0xE00E0000, 0xE00E0000, 0xE07E0000, 0xE07E0000, 0xE07E0000, 0x1F8E0000, 0x1F8E0000, 0x1F8E0000, 0x00000000, 0x00000000, 0x00000000,
/* -- v -- */
0x00000000, 0x00000000, 0x00000000, 0x00000000, 0x00000000, 0x00000000, 0xE00E0000, 0xE00E0000, 0xE00E0000, 0xE00E0000, 0xE00E0000, 0xE00E0000, 0xE00E0000, 0xE00E0000, 0xE00E0000, 0x1C700000, 0x1C700000, 0x1C700000, 0x03800000, 0x03800000, 0x03800000, 0x00000000, 0x00000000, 0x00000000,
/* -- w -- */
0x00000000, 0x00000000, 0x00000000, 0x00000000, 0x00000000, 0x00000000, 0xE00E0000, 0xE00E0000, 0xE00E0000, 0xE00E0000, 0xE00E0000, 0xE00E0000, 0xE38E0000, 0xE38E0000, 0xE38E0000, 0xE38E0000, 0xE38E0000, 0xE38E0000, 0x1C700000, 0x1C700000, 0x1C700000, 0x00000000, 0x00000000, 0x00000000,
/* -- x -- */
0x00000000, 0x00000000, 0x00000000, 0x00000000, 0x00000000, 0x00000000, 0xE00E0000, 0xE00E0000, 0xE00E0000, 0x1C700000, 0x1C700000, 0x1C700000, 0x03800000, 0x03800000, 0x03800000, 0x1C700000, 0x1C700000, 0x1C700000, 0xE00E0000, 0xE00E0000, 0xE00E0000, 0x00000000, 0x00000000, 0x00000000,
/* -- y -- */
0x00000000, 0x00000000, 0x00000000, 0x00000000, 0x00000000, 0x00000000, 0xE00E0000, 0xE00E0000, 0xE00E0000, 0xE00E0000, 0xE00E0000, 0xE00E0000, 0x1FFE0000, 0x1FFE0000, 0x1FFE0000, 0x000E0000, 0x000E0000, 0x000E0000, 0x1FF00000, 0x1FF00000, 0x1FF00000, 0x00000000, 0x00000000, 0x00000000,
/* -- z -- */
0x00000000, 0x00000000, 0x00000000, 0x00000000, 0x00000000, 0x00000000, 0xFFFE0000, 0xFFFE0000, 0xFFFE0000, 0x00700000, 0x00700000, 0x00700000, 0x03800000, 0x03800000, 0x03800000, 0x1C000000, 0x1C000000, 0x1C000000, 0xFFFE0000, 0xFFFE0000, 0xFFFE0000, 0x00000000, 0x00000000, 0x00000000,
/* -- { -- */
0x00700000, 0x00700000, 0x00700000, 0x03800000, 0x03800000, 0x03800000, 0x03800000, 0x03800000, 0x03800000, 0x1C000000, 0x1C000000, 0x1C000000, 0x03800000, 0x03800000, 0x03800000, 0x03800000, 0x03800000, 0x03800000, 0x00700000, 0x00700000, 0x00700000, 0x00000000, 0x00000000, 0x00000000,
/* -- | -- */
0x03800000, 0x03800000, 0x03800000, 0x03800000, 0x03800000, 0x03800000, 0x03800000, 0x03800000, 0x03800000, 0x03800000, 0x03800000, 0x03800000, 0x03800000, 0x03800000, 0x03800000, 0x03800000, 0x03800000, 0x03800000, 0x03800000, 0x03800000, 0x03800000, 0x00000000, 0x00000000, 0x00000000,
/* -- } -- */
0x1C000000, 0x1C000000, 0x1C000000, 0x03800000, 0x03800000, 0x03800000, 0x03800000, 0x03800000, 0x03800000, 0x00700000, 0x00700000, 0x00700000, 0x03800000, 0x03800000, 0x03800000, 0x03800000, 0x03800000, 0x03800000, 0x1C000000, 0x1C000000, 0x1C000000, 0x00000000, 0x00000000, 0x00000000,
/* -- ~ -- */
0x00000000, 0x00000000, 0x00000000, 0x00000000, 0x00000000, 0x00000000, 0x1F8E0000, 0x1F8E0000, 0x1F8E0000, 0xE0700000, 0xE0700000, 0xE0700000, 0x00000000, 0x00000000, 0x00000000, 0x00000000, 0x00000000, 0x00000000, 0x00000000, 0x00000000, 0x00000000, 0x00000000, 0x00000000, 0x00000000,
/* -- EOF -- */
};
#endif

#ifdef SSD1306_INCLUDE_FONT_16x15
static const uint32_t Font16x15 [] = {
/**   **/
0x00000000,0x00000000,0x00000000,0x00000000,0x00000000,0x00000000,0x00000000,0x00000000,0x00000000,0x00000000,0x00000000,0x00000000,0x00000000,0x00000000,0x00000000,
/** ! **/
0x00000000,0x10000000,0x10000000,0x10000000,0x10000000,0x10000000,0x10000000,0x10000000,0x10000000,0x00000000,0x00000000,0x10000000,0x00000000,0x00000000,0x00000000,
/** " **/
0x00000000,0x18000000,0x18000000,0x18000000,0x00000000,0x00000000,0x00000000,0x00000000,0x00000000,0x00000000,0x00000000,0x00000000,0x00000000,0x00000000,0x00000000,
/** # **/
0x00000000,0x04800000,0x04800000,0x04800000,0x1FC00000,0x09000000,0x09000000,0x09000000,0x3FC00000,0x09000000,0x12000000,0x12000000,0x00000000,0x00000000,0x00000000,
/** $ **/
0x04000000,0x0F000000,0x10800000,0x10800000,0x10000000,0x08000000,0x07000000,0x00800000,0x00800000,0x10800000,0x10800000,0x0F000000,0x04000000,0x00000000,0x00000000,
/** % **/
0x00000000,0x1C000000,0x12400000,0x12800000,0x12800000,0x1D000000,0x01000000,0x02700000,0x04900000,0x04900000,0x08900000,0x00700000,0x00000000,0x00000000,0x00000000,
/** & **/
0x00000000,0x06000000,0x09000000,0x11000000,0x12000000,0x0C000000,0x0C000000,0x12400000,0x11400000,0x10C00000,0x10800000,0x0F600000,0x00000000,0x00000000,0x00000000,
/** ' **/
0x00000000,0x20000000,0x20000000,0x20000000,0x00000000,0x00000000,0x00000000,0x00000000,0x00000000,0x00000000,0x00000000,0x00000000,0x00000000,0x00000000,0x00000000,
/** ( **/
0x04000000,0x08000000,0x10000000,0x10000000,0x10000000,0x10000000,0x10000000,0x10000000,0x10000000,0x10000000,0x10000000,0x10000000,0x10000000,0x08000000,0x04000000,
/** ) **/
0x20000000,0x10000000,0x08000000,0x08000000,0x08000000,0x08000000,0x04000000,0x04000000,0x04000000,0x08000000,0x08000000,0x08000000,0x08000000,0x10000000,0x20000000,
/** * **/
0x00000000,0x08000000,0x08000000,0x29000000,0x1E000000,0x14000000,0x12000000,0x00000000,0x00000000,0x00000000,0x00000000,0x00000000,0x00000000,0x00000000,0x00000000,
/** + **/
0x00000000,0x00000000,0x00000000,0x04000000,0x04000000,0x04000000,0x04000000,0x3FC00000,0x04000000,0x04000000,0x04000000,0x04000000,0x00000000,0x00000000,0x00000000,
/** , **/
0x00000000,0x00000000,0x00000000,0x00000000,0x00000000,0x00000000,0x00000000,0x00000000,0x00000000,0x00000000,0x00000000,0x10000000,0x10000000,0x10000000,0x00000000,
/** - **/
0x00000000,0x00000000,0x00000000,0x00000000,0x00000000,0x00000000,0x00000000,0x3C000000,0x00000000,0x00000000,0x00000000,0x00000000,0x00000000,0x00000000,0x00000000,
/** . **/
0x00000000,0x00000000,0x00000000,0x00000000,0x00000000,0x00000000,0x00000000,0x00000000,0x00000000,0x00000000,0x00000000,0x10000000,0x00000000,0x00000000,0x00000000,
/** / **/
0x00000000,0x02000000,0x02000000,0x04000000,0x04000000,0x04000000,0x08000000,0x08000000,0x08000000,0x10000000,0x10000000,0x10000000,0x10000000,0x00000000,0x00000000,
/** 0 **/
0x00000000,0x0F000000,0x10800000,0x10800000,0x10800000,0x10800000,0x10800000,0x10800000,0x10800000,0x10800000,0x10800000,0x0F000000,0x00000000,0x00000000,0x00000000,
/** 1 **/
0x00000000,0x06000000,0x1A000000,0x02000000,0x02000000,0x02000000,0x02000000,0x02000000,0x02000000,0x02000000,0x02000000,0x02000000,0x00000000,0x00000000,0x00000000,
/** 2 **/
0x00000000,0x0F000000,0x10800000,0x10800000,0x00800000,0x01000000,0x01000000,0x02000000,0x04000000,0x08000000,0x10000000,0x1F800000,0x00000000,0x00000000,0x00000000,
/** 3 **/
0x00000000,0x0F000000,0x10800000,0x10800000,0x00800000,0x00800000,0x07000000,0x01800000,0x00800000,0x10800000,0x10800000,0x0F000000,0x00000000,0x00000000,0x00000000,
/** 4 **/
0x00000000,0x01000000,0x03000000,0x05000000,0x05000000,0x09000000,0x09000000,0x11000000,0x21000000,0x3FC00000,0x01000000,0x01000000,0x00000000,0x00000000,0x00000000,
/** 5 **/
0x00000000,0x0F800000,0x10000000,0x10000000,0x10000000,0x0F000000,0x10800000,0x00800000,0x00800000,0x10800000,0x08800000,0x07000000,0x00000000,0x00000000,0x00000000,
/** 6 **/
0x00000000,0x03000000,0x0C000000,0x10000000,0x10000000,0x1F000000,0x10800000,0x10800000,0x10800000,0x10800000,0x10800000,0x0F000000,0x00000000,0x00000000,0x00000000,
/** 7 **/
0x00000000,0x3F800000,0x00800000,0x01000000,0x01000000,0x01000000,0x02000000,0x02000000,0x04000000,0x04000000,0x08000000,0x08000000,0x00000000,0x00000000,0x00000000,
/** 8 **/
0x00000000,0x0F000000,0x10800000,0x10800000,0x10800000,0x10800000,0x0F000000,0x19800000,0x10800000,0x10800000,0x10800000,0x0F000000,0x00000000,0x00000000,0x00000000,
/** 9 **/
0x00000000,0x0F000000,0x10800000,0x10800000,0x10800000,0x10800000,0x10800000,0x0F800000,0x00800000,0x00800000,0x01000000,0x0E000000,0x00000000,0x00000000,0x00000000,
/** : **/
0x00000000,0x00000000,0x00000000,0x00000000,0x10000000,0x00000000,0x00000000,0x00000000,0x00000000,0x00000000,0x00000000,0x10000000,0x00000000,0x00000000,0x00000000,
/** ; **/
0x00000000,0x00000000,0x00000000,0x00000000,0x10000000,0x00000000,0x00000000,0x00000000,0x00000000,0x00000000,0x00000000,0x10000000,0x10000000,0x10000000,0x00000000,
/** < **/
0x00000000,0x00000000,0x00000000,0x00000000,0x00800000,0x03000000,0x0C000000,0x10000000,0x0C000000,0x03000000,0x00800000,0x00000000,0x00000000,0x00000000,0x00000000,
/** = **/
0x00000000,0x00000000,0x00000000,0x00000000,0x00000000,0x1F800000,0x00000000,0x00000000,0x1F800000,0x00000000,0x00000000,0x00000000,0x00000000,0x00000000,0x00000000,
/** > **/
0x00000000,0x00000000,0x00000000,0x00000000,0x10000000,0x0C000000,0x03000000,0x00800000,0x03000000,0x0C000000,0x10000000,0x00000000,0x00000000,0x00000000,0x00000000,
/** ? **/
0x00000000,0x0E000000,0x11000000,0x11000000,0x01000000,0x01000000,0x02000000,0x04000000,0x04000000,0x00000000,0x00000000,0x04000000,0x00000000,0x00000000,0x00000000,
/** @ **/
0x00000000,0x00000000,0x01F00000,0x060C0000,0x08040000,0x10E20000,0x11220000,0x12220000,0x12220000,0x12220000,0x12240000,0x11DC0000,0x08000000,0x04200000,0x03C00000,
/** A **/
0x00000000,0x06000000,0x06000000,0x05000000,0x09000000,0x09000000,0x08800000,0x10800000,0x0F800000,0x10400000,0x20400000,0x20200000,0x00000000,0x00000000,0x00000000,
/** B **/
0x00000000,0x1F800000,0x10800000,0x10400000,0x10400000,0x10800000,0x1F000000,0x10C00000,0x10400000,0x10400000,0x10400000,0x1F800000,0x00000000,0x00000000,0x00000000,
/** C **/
0x00000000,0x07800000,0x08400000,0x10200000,0x10000000,0x10000000,0x10000000,0x10000000,0x10000000,0x10200000,0x08400000,0x07800000,0x00000000,0x00000000,0x00000000,
/** D **/
0x00000000,0x0F800000,0x08400000,0x08400000,0x08200000,0x08200000,0x08200000,0x08200000,0x08200000,0x08400000,0x08400000,0x0F800000,0x00000000,0x00000000,0x00000000,
/** E **/
0x00000000,0x0FC00000,0x08000000,0x08000000,0x08000000,0x08000000,0x0F800000,0x08000000,0x08000000,0x08000000,0x08000000,0x0FC00000,0x00000000,0x00000000,0x00000000,
/** F **/
0x00000000,0x0FC00000,0x08000000,0x08000000,0x08000000,0x08000000,0x0F800000,0x08000000,0x08000000,0x08000000,0x08000000,0x08000000,0x00000000,0x00000000,0x00000000,
/** G **/
0x00000000,0x07800000,0x08400000,0x10200000,0x10000000,0x10000000,0x10000000,0x11E00000,0x10200000,0x10200000,0x08200000,0x07C00000,0x00000000,0x00000000,0x00000000,
/** H **/
0x00000000,0x08200000,0x08200000,0x08200000,0x08200000,0x08200000,0x0FE00000,0x08200000,0x08200000,0x08200000,0x08200000,0x08200000,0x00000000,0x00000000,0x00000000,
/** I **/
0x00000000,0x08000000,0x08000000,0x08000000,0x08000000,0x08000000,0x08000000,0x08000000,0x08000000,0x08000000,0x08000000,0x08000000,0x00000000,0x00000000,0x00000000,
/** J **/
0x00000000,0x00800000,0x00800000,0x00800000,0x00800000,0x00800000,0x00800000,0x00800000,0x10800000,0x10800000,0x11000000,0x0E000000,0x00000000,0x00000000,0x00000000,
/** K **/
0x00000000,0x08600000,0x08800000,0x09000000,0x0A000000,0x0C000000,0x0A000000,0x0A000000,0x09000000,0x08800000,0x08400000,0x08200000,0x00000000,0x00000000,0x00000000,
/** L **/
0x00000000,0x08000000,0x08000000,0x08000000,0x08000000,0x08000000,0x08000000,0x08000000,0x08000000,0x08000000,0x08000000,0x0F800000,0x00000000,0x00000000,0x00000000,
/** M **/
0x00000000,0x08080000,0x08080000,0x08180000,0x0C180000,0x0C280000,0x0C280000,0x0A280000,0x0A480000,0x09480000,0x09880000,0x08880000,0x00000000,0x00000000,0x00000000,
/** N **/
0x00000000,0x08200000,0x08200000,0x0C200000,0x0C200000,0x0A200000,0x09200000,0x09200000,0x08A00000,0x08600000,0x08600000,0x08200000,0x00000000,0x00000000,0x00000000,
/** O **/
0x00000000,0x07800000,0x08400000,0x10200000,0x10200000,0x10200000,0x10200000,0x10200000,0x10200000,0x10200000,0x08400000,0x07800000,0x00000000,0x00000000,0x00000000,
/** P **/
0x00000000,0x1F800000,0x10400000,0x10400000,0x10400000,0x10400000,0x10400000,0x1F800000,0x10000000,0x10000000,0x10000000,0x10000000,0x00000000,0x00000000,0x00000000,
/** Q **/
0x00000000,0x07800000,0x08400000,0x10200000,0x10200000,0x10200000,0x10200000,0x10200000,0x10200000,0x10200000,0x08400000,0x07800000,0x00400000,0x00200000,0x00000000,
/** R **/
0x00000000,0x0F800000,0x08400000,0x08400000,0x08400000,0x08400000,0x08800000,0x0F000000,0x08800000,0x08800000,0x08400000,0x08200000,0x00000000,0x00000000,0x00000000,
/** S **/
0x00000000,0x0F800000,0x10400000,0x10400000,0x10000000,0x0E000000,0x03800000,0x00400000,0x00400000,0x10400000,0x10400000,0x0F800000,0x00000000,0x00000000,0x00000000,
/** T **/
0x00000000,0x3FE00000,0x02000000,0x02000000,0x02000000,0x02000000,0x02000000,0x02000000,0x02000000,0x02000000,0x02000000,0x02000000,0x00000000,0x00000000,0x00000000,
/** U **/
0x00000000,0x10200000,0x10200000,0x10200000,0x10200000,0x10200000,0x10200000,0x10200000,0x10200000,0x10200000,0x08400000,0x07800000,0x00000000,0x00000000,0x00000000,
/** V **/
0x00000000,0x20200000,0x20400000,0x10400000,0x10800000,0x10800000,0x08800000,0x09000000,0x09000000,0x05000000,0x06000000,0x06000000,0x00000000,0x00000000,0x00000000,
/** W **/
0x00000000,0x10820000,0x10C20000,0x11420000,0x11440000,0x11240000,0x09240000,0x0A240000,0x0A280000,0x0A180000,0x04080000,0x04080000,0x00000000,0x00000000,0x00000000,
/** X **/
0x00000000,0x20400000,0x10800000,0x08800000,0x09000000,0x06000000,0x02000000,0x05000000,0x09000000,0x08800000,0x10400000,0x20600000,0x00000000,0x00000000,0x00000000,
/** Y **/
0x00000000,0x20600000,0x10400000,0x10800000,0x08800000,0x09000000,0x06000000,0x02000000,0x02000000,0x02000000,0x02000000,0x02000000,0x00000000,0x00000000,0x00000000,
/** Z **/
0x00000000,0x1FC00000,0x00800000,0x00800000,0x01000000,0x02000000,0x02000000,0x04000000,0x08000000,0x10000000,0x10000000,0x1FC00000,0x00000000,0x00000000,0x00000000,
/** [ **/
0x18000000,0x10000000,0x10000000,0x10000000,0x10000000,0x10000000,0x10000000,0x10000000,0x10000000,0x10000000,0x10000000,0x10000000,0x10000000,0x18000000,0x00000000,
/** \ **/
0x00000000,0x20000000,0x20000000,0x10000000,0x10000000,0x08000000,0x08000000,0x08000000,0x04000000,0x04000000,0x04000000,0x02000000,0x02000000,0x00000000,0x00000000,
/** ] **/
0x60000000,0x20000000,0x20000000,0x20000000,0x20000000,0x20000000,0x20000000,0x20000000,0x20000000,0x20000000,0x20000000,0x20000000,0x20000000,0x60000000,0x00000000,
/** ^ **/
0x00000000,0x08000000,0x0C000000,0x14000000,0x12000000,0x12000000,0x00000000,0x00000000,0x00000000,0x00000000,0x00000000,0x00000000,0x00000000,0x00000000,0x00000000,
/** _ **/
0x00000000,0x00000000,0x00000000,0x00000000,0x00000000,0x00000000,0x00000000,0x00000000,0x00000000,0x00000000,0x00000000,0x00000000,0x7E000000,0x00000000,0x00000000,
/** ` **/
0x00000000,0x10000000,0x08000000,0x00000000,0x00000000,0x00000000,0x00000000,0x00000000,0x00000000,0x00000000,0x00000000,0x00000000,0x00000000,0x00000000,0x00000000,
/** a **/
0x00000000,0x00000000,0x00000000,0x00000000,0x0F000000,0x10800000,0x00800000,0x0F800000,0x10800000,0x10800000,0x11800000,0x0E800000,0x00000000,0x00000000,0x00000000,
/** b **/
0x00000000,0x10000000,0x10000000,0x10000000,0x1F000000,0x10800000,0x10800000,0x10800000,0x10800000,0x10800000,0x10800000,0x1F000000,0x00000000,0x00000000,0x00000000,
/** c **/
0x00000000,0x00000000,0x00000000,0x00000000,0x0F000000,0x10800000,0x10800000,0x10000000,0x10000000,0x10000000,0x10800000,0x0F000000,0x00000000,0x00000000,0x00000000,
/** d **/
0x00000000,0x00800000,0x00800000,0x00800000,0x0F800000,0x10800000,0x10800000,0x10800000,0x10800000,0x10800000,0x10800000,0x0F800000,0x00000000,0x00000000,0x00000000,
/** e **/
0x00000000,0x00000000,0x00000000,0x00000000,0x0F000000,0x10800000,0x10800000,0x1F800000,0x10000000,0x10000000,0x08000000,0x07800000,0x00000000,0x00000000,0x00000000,
/** f **/
0x06000000,0x08000000,0x10000000,0x10000000,0x1C000000,0x10000000,0x10000000,0x10000000,0x10000000,0x10000000,0x10000000,0x10000000,0x00000000,0x00000000,0x00000000,
/** g **/
0x00000000,0x00000000,0x00000000,0x00000000,0x0F800000,0x10800000,0x10800000,0x10800000,0x10800000,0x10800000,0x10800000,0x0F800000,0x00800000,0x11000000,0x0F000000,
/** h **/
0x00000000,0x10000000,0x10000000,0x10000000,0x17000000,0x18800000,0x10800000,0x10800000,0x10800000,0x10800000,0x10800000,0x10800000,0x00000000,0x00000000,0x00000000,
/** i **/
0x00000000,0x10000000,0x00000000,0x00000000,0x10000000,0x10000000,0x10000000,0x10000000,0x10000000,0x10000000,0x10000000,0x10000000,0x00000000,0x00000000,0x00000000,
/** j **/
0x00000000,0x20000000,0x00000000,0x00000000,0x20000000,0x20000000,0x20000000,0x20000000,0x20000000,0x20000000,0x20000000,0x20000000,0x20000000,0x20000000,0xC0000000,
/** k **/
0x00000000,0x10000000,0x10000000,0x10000000,0x11800000,0x12000000,0x14000000,0x18000000,0x14000000,0x12000000,0x11000000,0x10800000,0x00000000,0x00000000,0x00000000,
/** l **/
0x00000000,0x10000000,0x10000000,0x10000000,0x10000000,0x10000000,0x10000000,0x10000000,0x10000000,0x10000000,0x10000000,0x10000000,0x00000000,0x00000000,0x00000000,
/** m **/
0x00000000,0x00000000,0x00000000,0x00000000,0x17380000,0x18C40000,0x10840000,0x10840000,0x10840000,0x10840000,0x10840000,0x10840000,0x00000000,0x00000000,0x00000000,
/** n **/
0x00000000,0x00000000,0x00000000,0x00000000,0x17000000,0x18800000,0x10800000,0x10800000,0x10800000,0x10800000,0x10800000,0x10800000,0x00000000,0x00000000,0x00000000,
/** o **/
0x00000000,0x00000000,0x00000000,0x00000000,0x0F000000,0x10800000,0x10800000,0x10800000,0x10800000,0x10800000,0x10800000,0x0F000000,0x00000000,0x00000000,0x00000000,
/** p **/
0x00000000,0x00000000,0x00000000,0x00000000,0x1F000000,0x10800000,0x10800000,0x10800000,0x10800000,0x10800000,0x10800000,0x1F000000,0x10000000,0x10000000,0x10000000,
/** q **/
0x00000000,0x00000000,0x00000000,0x00000000,0x0F800000,0x10800000,0x10800000,0x10800000,0x10800000,0x10800000,0x10800000,0x0F800000,0x00800000,0x00800000,0x00800000,
/** r **/
0x00000000,0x00000000,0x00000000,0x00000000,0x16000000,0x18000000,0x10000000,0x10000000,0x10000000,0x10000000,0x10000000,0x10000000,0x00000000,0x00000000,0x00000000,
/** s **/
0x00000000,0x00000000,0x00000000,0x00000000,0x0E000000,0x11000000,0x10000000,0x0C000000,0x03000000,0x01000000,0x11000000,0x0E000000,0x00000000,0x00000000,0x00000000,
/** t **/
0x00000000,0x00000000,0x10000000,0x10000000,0x3C000000,0x10000000,0x10000000,0x10000000,0x10000000,0x10000000,0x10000000,0x0C000000,0x00000000,0x00000000,0x00000000,
/** u **/
0x00000000,0x00000000,0x00000000,0x00000000,0x10800000,0x10800000,0x10800000,0x10800000,0x10800000,0x10800000,0x10800000,0x0F800000,0x00000000,0x00000000,0x00000000,
/** v **/
0x00000000,0x00000000,0x00000000,0x00000000,0x20800000,0x21000000,0x11000000,0x12000000,0x12000000,0x0A000000,0x0C000000,0x04000000,0x00000000,0x00000000,0x00000000,
/** w **/
0x00000000,0x00000000,0x00000000,0x00000000,0x21180000,0x23100000,0x13100000,0x12A00000,0x14A00000,0x14A00000,0x0C600000,0x08400000,0x00000000,0x00000000,0x00000000,
/** x **/
0x00000000,0x00000000,0x00000000,0x00000000,0x21800000,0x12000000,0x0A000000,0x0C000000,0x0C000000,0x0A000000,0x11000000,0x21800000,0x00000000,0x00000000,0x00000000,
/** y **/
0x00000000,0x00000000,0x00000000,0x00000000,0x20800000,0x21000000,0x11000000,0x12000000,0x12000000,0x0A000000,0x0C000000,0x04000000,0x04000000,0x08000000,0x18000000,
/** z **/
0x00000000,0x00000000,0x00000000,0x00000000,0x1F000000,0x01000000,0x02000000,0x04000000,0x08000000,0x10000000,0x10000000,0x1F800000,0x00000000,0x00000000,0x00000000,
/** { **/
0x06000000,0x08000000,0x08000000,0x08000000,0x08000000,0x08000000,0x08000000,0x10000000,0x08000000,0x08000000,0x08000000,0x08000000,0x08000000,0x08000000,0x06000000,
/** | **/
0x00000000,0x10000000,0x10000000,0x10000000,0x10000000,0x10000000,0x10000000,0x10000000,0x10000000,0x10000000,0x10000000,0x10000000,0x10000000,0x10000000,0x00000000,
/** } **/
0x20000000,0x10000000,0x10000000,0x08000000,0x08000000,0x08000000,0x08000000,0x04000000,0x08000000,0x08000000,0x08000000,0x08000000,0x10000000,0x10000000,0x20000000,
/** ~ **/
0x00000000,0x00000000,0x00000000,0x00000000,0x00000000,0x00000000,0x0C200000,0x13200000,0x11C00000,0x00000000,0x00000000,0x00000000,0x00000000,0x00000000,0x00000000,
};

static const uint8_t char_width[] = {
  6,  /**   **/
  5,  /** ! **/
  6,  /** " **/
  11,  /** # **/
  10,  /** $ **/
  13,  /** % **/
  11,  /** & **/
  4,  /** ' **/
  7,  /** ( **/
  7,  /** ) **/
  8,  /** * **/
  10,  /** + **/
  5,  /** , **/
  6,  /** - **/
  5,  /** . **/
  8,  /** / **/
  10,  /** 0 **/
  10,  /** 1 **/
  10,  /** 2 **/
  10,  /** 3 **/
  10,  /** 4 **/
  10,  /** 5 **/
  10,  /** 6 **/
  10,  /** 7 **/
  10,  /** 8 **/
  10,  /** 9 **/
  5,  /** : **/
  5,  /** ; **/
  10,  /** < **/
  10,  /** = **/
  10,  /** > **/
  9,  /** ? **/
  16,  /** @ **/
  11,  /** A **/
  11,  /** B **/
  12,  /** C **/
  12,  /** D **/
  11,  /** E **/
  11,  /** F **/
  12,  /** G **/
  13,  /** H **/
  6,  /** I **/
  10,  /** J **/
  12,  /** K **/
  10,  /** L **/
  15,  /** M **/
  13,  /** N **/
  12,  /** O **/
  11,  /** P **/
  12,  /** Q **/
  12,  /** R **/
  11,  /** S **/
  11,  /** T **/
  12,  /** U **/
  11,  /** V **/
  16,  /** W **/
  11,  /** X **/
  11,  /** Y **/
  11,  /** Z **/
  6,  /** [ **/
  8,  /** \ **/
  5,  /** ] **/
  8,  /** ^ **/
  8,  /** _ **/
  6,  /** ` **/
  10,  /** a **/
  10,  /** b **/
  10,  /** c **/
  10,  /** d **/
  10,  /** e **/
  8,  /** f **/
  10,  /** g **/
  10,  /** h **/
  5,  /** i **/
  5,  /** j **/
  9,  /** k **/
  5,  /** l **/
  15,  /** m **/
  10,  /** n **/
  10,  /** o **/
  10,  /** p **/
  10,  /** q **/
  7,  /** r **/
  9,  /** s **/
  7,  /** t **/
  10,  /** u **/
  9,  /** v **/
  13,  /** w **/
  9,  /** x **/
  9,  /** y **/
  9,  /** z **/
  7,  /** { **/
  5,  /** | **/
  7,  /** } **/
  12,  /** ~ **/
};
#endif

#ifdef SSD1306_INCLUDE_FONT_6x8
const SSD1306_Font_t Font_6x8 = {6, 8, Font6x8, NULL};
#endif
#ifdef SSD1306_INCLUDE_FONT_7x10
const SSD1306_Font_t Font_7x10 = {7, 10, Font7x10, NULL};
#endif
#ifdef SSD1306_INCLUDE_FONT_11x18
const SSD1306_Font_t Font_11x18 = {11, 18, Font11x18, NULL};
#endif
#ifdef SSD1306_INCLUDE_FONT_16x26
const SSD1306_Font_t Font_16x26 = {16, 26, Font16x26, NULL};
#endif

/* see ./examples/custom-fonts/ */
#ifdef SSD1306_INCLUDE_FONT_16x24
const SSD1306_Font_t Font_16x24 = {16, 24, Font16x24, NULL};
#endif

#ifdef SSD1306_INCLUDE_FONT_16x15
/** Generated Roboto Thin 15 
 * @copyright Google https://github.com/googlefonts/roboto
 * @license This font is licensed under the Apache License, Version 2.0.
*/
const SSD1306_Font_t Font_16x15 = {16, 15, Font16x15, char_width};
#endif
